mutant	status	class	severity	function	reason
agentbus_client._signing.x__decode__mutmut_5	survived	gap	low	_signing._decode	prefix-mismatch ValueError message becomes 'None'; surfaces as BadSignature reason / keys-sign error text only. No test asserts the message.
agentbus_client._signing.x__decode__mutmut_6	survived	gap	low	_signing._decode	echoed key prefix in error message grows 12->13 chars; human-facing wording only.
agentbus_client._signing.x_canonical_bytes__mutmut_1	no tests	gap	high	_signing.canonical_bytes	canonicalisation drift: signed bytes change (digest None / wrong digest / body or cc or subject dropped from coverage / separator or trailer changed). Breaks agentbus-sig-v1 interop with the server and, for 4/13/14, removes a field from signature coverage. No test computes canonical bytes; a pure round trip would NOT kill 8/13/14/18/19 (both sides drift together) - needs a pinned known-answer vector.
agentbus_client._signing.x_canonical_bytes__mutmut_10	no tests	gap	high	_signing.canonical_bytes	canonical_bytes raises TypeError: sign path swallowed in base.py -> every send silently unsigned (3 only hits sign path); verify path (sync_verify.py:118 / async_misc.py:145, outside the try) crashes verify-sender. No in-process test executes canonical_bytes.
agentbus_client._signing.x_canonical_bytes__mutmut_11	no tests	gap	high	_signing.canonical_bytes	canonicalisation drift: signed bytes change (digest None / wrong digest / body or cc or subject dropped from coverage / separator or trailer changed). Breaks agentbus-sig-v1 interop with the server and, for 4/13/14, removes a field from signature coverage. No test computes canonical bytes; a pure round trip would NOT kill 8/13/14/18/19 (both sides drift together) - needs a pinned known-answer vector.
agentbus_client._signing.x_canonical_bytes__mutmut_12	no tests	gap	high	_signing.canonical_bytes	canonical_bytes raises TypeError: sign path swallowed in base.py -> every send silently unsigned (3 only hits sign path); verify path (sync_verify.py:118 / async_misc.py:145, outside the try) crashes verify-sender. No in-process test executes canonical_bytes.
agentbus_client._signing.x_canonical_bytes__mutmut_13	no tests	gap	high	_signing.canonical_bytes	canonicalisation drift: signed bytes change (digest None / wrong digest / body or cc or subject dropped from coverage / separator or trailer changed). Breaks agentbus-sig-v1 interop with the server and, for 4/13/14, removes a field from signature coverage. No test computes canonical bytes; a pure round trip would NOT kill 8/13/14/18/19 (both sides drift together) - needs a pinned known-answer vector.
agentbus_client._signing.x_canonical_bytes__mutmut_14	no tests	gap	high	_signing.canonical_bytes	canonicalisation drift: signed bytes change (digest None / wrong digest / body or cc or subject dropped from coverage / separator or trailer changed). Breaks agentbus-sig-v1 interop with the server and, for 4/13/14, removes a field from signature coverage. No test computes canonical bytes; a pure round trip would NOT kill 8/13/14/18/19 (both sides drift together) - needs a pinned known-answer vector.
agentbus_client._signing.x_canonical_bytes__mutmut_15	no tests	gap	high	_signing.canonical_bytes	canonicalisation drift: signed bytes change (digest None / wrong digest / body or cc or subject dropped from coverage / separator or trailer changed). Breaks agentbus-sig-v1 interop with the server and, for 4/13/14, removes a field from signature coverage. No test computes canonical bytes; a pure round trip would NOT kill 8/13/14/18/19 (both sides drift together) - needs a pinned known-answer vector.
agentbus_client._signing.x_canonical_bytes__mutmut_16	no tests	gap	high	_signing.canonical_bytes	canonical_bytes raises TypeError: sign path swallowed in base.py -> every send silently unsigned (3 only hits sign path); verify path (sync_verify.py:118 / async_misc.py:145, outside the try) crashes verify-sender. No in-process test executes canonical_bytes.
agentbus_client._signing.x_canonical_bytes__mutmut_17	no tests	gap	high	_signing.canonical_bytes	canonical_bytes raises TypeError: sign path swallowed in base.py -> every send silently unsigned (3 only hits sign path); verify path (sync_verify.py:118 / async_misc.py:145, outside the try) crashes verify-sender. No in-process test executes canonical_bytes.
agentbus_client._signing.x_canonical_bytes__mutmut_18	no tests	gap	high	_signing.canonical_bytes	canonicalisation drift: signed bytes change (digest None / wrong digest / body or cc or subject dropped from coverage / separator or trailer changed). Breaks agentbus-sig-v1 interop with the server and, for 4/13/14, removes a field from signature coverage. No test computes canonical bytes; a pure round trip would NOT kill 8/13/14/18/19 (both sides drift together) - needs a pinned known-answer vector.
agentbus_client._signing.x_canonical_bytes__mutmut_19	no tests	gap	high	_signing.canonical_bytes	canonicalisation drift: signed bytes change (digest None / wrong digest / body or cc or subject dropped from coverage / separator or trailer changed). Breaks agentbus-sig-v1 interop with the server and, for 4/13/14, removes a field from signature coverage. No test computes canonical bytes; a pure round trip would NOT kill 8/13/14/18/19 (both sides drift together) - needs a pinned known-answer vector.
agentbus_client._signing.x_canonical_bytes__mutmut_2	no tests	gap	high	_signing.canonical_bytes	canonicalisation drift: signed bytes change (digest None / wrong digest / body or cc or subject dropped from coverage / separator or trailer changed). Breaks agentbus-sig-v1 interop with the server and, for 4/13/14, removes a field from signature coverage. No test computes canonical bytes; a pure round trip would NOT kill 8/13/14/18/19 (both sides drift together) - needs a pinned known-answer vector.
agentbus_client._signing.x_canonical_bytes__mutmut_3	no tests	gap	high	_signing.canonical_bytes	canonical_bytes raises TypeError: sign path swallowed in base.py -> every send silently unsigned (3 only hits sign path); verify path (sync_verify.py:118 / async_misc.py:145, outside the try) crashes verify-sender. No in-process test executes canonical_bytes.
agentbus_client._signing.x_canonical_bytes__mutmut_4	no tests	gap	high	_signing.canonical_bytes	canonicalisation drift: signed bytes change (digest None / wrong digest / body or cc or subject dropped from coverage / separator or trailer changed). Breaks agentbus-sig-v1 interop with the server and, for 4/13/14, removes a field from signature coverage. No test computes canonical bytes; a pure round trip would NOT kill 8/13/14/18/19 (both sides drift together) - needs a pinned known-answer vector.
agentbus_client._signing.x_canonical_bytes__mutmut_5	no tests	gap	high	_signing.canonical_bytes	canonicalisation drift: signed bytes change (digest None / wrong digest / body or cc or subject dropped from coverage / separator or trailer changed). Breaks agentbus-sig-v1 interop with the server and, for 4/13/14, removes a field from signature coverage. No test computes canonical bytes; a pure round trip would NOT kill 8/13/14/18/19 (both sides drift together) - needs a pinned known-answer vector.
agentbus_client._signing.x_canonical_bytes__mutmut_6	no tests	gap	high	_signing.canonical_bytes	canonical_bytes raises TypeError: sign path swallowed in base.py -> every send silently unsigned (3 only hits sign path); verify path (sync_verify.py:118 / async_misc.py:145, outside the try) crashes verify-sender. No in-process test executes canonical_bytes.
agentbus_client._signing.x_canonical_bytes__mutmut_7	no tests	gap	high	_signing.canonical_bytes	canonical_bytes raises TypeError: sign path swallowed in base.py -> every send silently unsigned (3 only hits sign path); verify path (sync_verify.py:118 / async_misc.py:145, outside the try) crashes verify-sender. No in-process test executes canonical_bytes.
agentbus_client._signing.x_canonical_bytes__mutmut_8	no tests	gap	high	_signing.canonical_bytes	canonicalisation drift: signed bytes change (digest None / wrong digest / body or cc or subject dropped from coverage / separator or trailer changed). Breaks agentbus-sig-v1 interop with the server and, for 4/13/14, removes a field from signature coverage. No test computes canonical bytes; a pure round trip would NOT kill 8/13/14/18/19 (both sides drift together) - needs a pinned known-answer vector.
agentbus_client._signing.x_canonical_bytes__mutmut_9	no tests	gap	high	_signing.canonical_bytes	canonical_bytes raises TypeError: sign path swallowed in base.py -> every send silently unsigned (3 only hits sign path); verify path (sync_verify.py:118 / async_misc.py:145, outside the try) crashes verify-sender. No in-process test executes canonical_bytes.
agentbus_client._signing.x_fingerprint__mutmut_1	no tests	gap	high	_signing.fingerprint	fingerprint() raises (TypeError/AttributeError/ValueError). client/base.py:_sign_if_possible swallows Exception, so EVERY send silently goes out UNSIGNED; cli keys sign (cli/_keys.py:56) crashes. No in-process test computes a fingerprint from a real key (tests stub _local_signing_fingerprint).
agentbus_client._signing.x_fingerprint__mutmut_2	no tests	gap	high	_signing.fingerprint	fingerprint() raises (TypeError/AttributeError/ValueError). client/base.py:_sign_if_possible swallows Exception, so EVERY send silently goes out UNSIGNED; cli keys sign (cli/_keys.py:56) crashes. No in-process test computes a fingerprint from a real key (tests stub _local_signing_fingerprint).
agentbus_client._signing.x_fingerprint__mutmut_3	no tests	gap	high	_signing.fingerprint	fingerprint() raises (TypeError/AttributeError/ValueError). client/base.py:_sign_if_possible swallows Exception, so EVERY send silently goes out UNSIGNED; cli keys sign (cli/_keys.py:56) crashes. No in-process test computes a fingerprint from a real key (tests stub _local_signing_fingerprint).
agentbus_client._signing.x_fingerprint__mutmut_4	no tests	gap	high	_signing.fingerprint	fingerprint() raises (TypeError/AttributeError/ValueError). client/base.py:_sign_if_possible swallows Exception, so EVERY send silently goes out UNSIGNED; cli keys sign (cli/_keys.py:56) crashes. No in-process test computes a fingerprint from a real key (tests stub _local_signing_fingerprint).
agentbus_client._signing.x_fingerprint__mutmut_5	no tests	gap	high	_signing.fingerprint	fingerprint() raises (TypeError/AttributeError/ValueError). client/base.py:_sign_if_possible swallows Exception, so EVERY send silently goes out UNSIGNED; cli keys sign (cli/_keys.py:56) crashes. No in-process test computes a fingerprint from a real key (tests stub _local_signing_fingerprint).
agentbus_client._signing.x_fingerprint__mutmut_6	no tests	gap	high	_signing.fingerprint	fingerprint() raises (TypeError/AttributeError/ValueError). client/base.py:_sign_if_possible swallows Exception, so EVERY send silently goes out UNSIGNED; cli keys sign (cli/_keys.py:56) crashes. No in-process test computes a fingerprint from a real key (tests stub _local_signing_fingerprint).
agentbus_client._signing.x_fingerprint__mutmut_7	no tests	gap	high	_signing.fingerprint	fingerprint widened 16->17 hex chars: wire signing_key_fingerprint and published key fingerprint no longer match the server/vendored 16-char form, so verify-sender key lookup misses (unverifiable). Wire contract; no test pins a fingerprint value.
agentbus_client._signing.x_generate_keypair__mutmut_10	survived	gap	medium	_signing.generate_keypair	signing private key persisted lowercase instead of uppercase; every decoder case-folds so sign/verify unaffected, but on-disk key encoding changes and no test pins it.
agentbus_client._signing.x_sign__mutmut_1	no tests	gap	high	_signing.sign	sign() raises (TypeError/AttributeError/ValueError); client/base.py:_sign_if_possible catches Exception and returns the payload UNSIGNED - a silent signing downgrade on every send. No test reaches the real sign branch with a real key (test_f9 uses _FakeKey only on the attachment-downgrade branch).
agentbus_client._signing.x_sign__mutmut_10	no tests	gap	high	_signing.sign	sign() raises (TypeError/AttributeError/ValueError); client/base.py:_sign_if_possible catches Exception and returns the payload UNSIGNED - a silent signing downgrade on every send. No test reaches the real sign branch with a real key (test_f9 uses _FakeKey only on the attachment-downgrade branch).
agentbus_client._signing.x_sign__mutmut_11	no tests	gap	high	_signing.sign	sign() raises (TypeError/AttributeError/ValueError); client/base.py:_sign_if_possible catches Exception and returns the payload UNSIGNED - a silent signing downgrade on every send. No test reaches the real sign branch with a real key (test_f9 uses _FakeKey only on the attachment-downgrade branch).
agentbus_client._signing.x_sign__mutmut_12	no tests	gap	high	_signing.sign	sign() raises (TypeError/AttributeError/ValueError); client/base.py:_sign_if_possible catches Exception and returns the payload UNSIGNED - a silent signing downgrade on every send. No test reaches the real sign branch with a real key (test_f9 uses _FakeKey only on the attachment-downgrade branch).
agentbus_client._signing.x_sign__mutmut_2	no tests	gap	high	_signing.sign	sign() raises (TypeError/AttributeError/ValueError); client/base.py:_sign_if_possible catches Exception and returns the payload UNSIGNED - a silent signing downgrade on every send. No test reaches the real sign branch with a real key (test_f9 uses _FakeKey only on the attachment-downgrade branch).
agentbus_client._signing.x_sign__mutmut_3	no tests	gap	high	_signing.sign	sign() raises (TypeError/AttributeError/ValueError); client/base.py:_sign_if_possible catches Exception and returns the payload UNSIGNED - a silent signing downgrade on every send. No test reaches the real sign branch with a real key (test_f9 uses _FakeKey only on the attachment-downgrade branch).
agentbus_client._signing.x_sign__mutmut_4	no tests	gap	high	_signing.sign	sign() raises (TypeError/AttributeError/ValueError); client/base.py:_sign_if_possible catches Exception and returns the payload UNSIGNED - a silent signing downgrade on every send. No test reaches the real sign branch with a real key (test_f9 uses _FakeKey only on the attachment-downgrade branch).
agentbus_client._signing.x_sign__mutmut_5	no tests	gap	high	_signing.sign	sign() raises (TypeError/AttributeError/ValueError); client/base.py:_sign_if_possible catches Exception and returns the payload UNSIGNED - a silent signing downgrade on every send. No test reaches the real sign branch with a real key (test_f9 uses _FakeKey only on the attachment-downgrade branch).
agentbus_client._signing.x_sign__mutmut_6	no tests	gap	high	_signing.sign	sign() raises (TypeError/AttributeError/ValueError); client/base.py:_sign_if_possible catches Exception and returns the payload UNSIGNED - a silent signing downgrade on every send. No test reaches the real sign branch with a real key (test_f9 uses _FakeKey only on the attachment-downgrade branch).
agentbus_client._signing.x_sign__mutmut_7	no tests	gap	high	_signing.sign	sign() raises (TypeError/AttributeError/ValueError); client/base.py:_sign_if_possible catches Exception and returns the payload UNSIGNED - a silent signing downgrade on every send. No test reaches the real sign branch with a real key (test_f9 uses _FakeKey only on the attachment-downgrade branch).
agentbus_client._signing.x_sign__mutmut_8	no tests	gap	high	_signing.sign	sign() raises (TypeError/AttributeError/ValueError); client/base.py:_sign_if_possible catches Exception and returns the payload UNSIGNED - a silent signing downgrade on every send. No test reaches the real sign branch with a real key (test_f9 uses _FakeKey only on the attachment-downgrade branch).
agentbus_client._signing.x_sign__mutmut_9	no tests	gap	high	_signing.sign	sign() raises (TypeError/AttributeError/ValueError); client/base.py:_sign_if_possible catches Exception and returns the payload UNSIGNED - a silent signing downgrade on every send. No test reaches the real sign branch with a real key (test_f9 uses _FakeKey only on the attachment-downgrade branch).
agentbus_client._signing.x_verify__mutmut_1	no tests	gap	high	_signing.verify	verify() always raises BadSignature (TypeError/ValueError caught): every genuine signature reported 'invalid' (exit 1) - an honest sender accused of forgery. No test runs verify with a real key; verify-sender tests stub bus.verify.
agentbus_client._signing.x_verify__mutmut_10	no tests	gap	high	_signing.verify	verify() always raises BadSignature (TypeError/ValueError caught): every genuine signature reported 'invalid' (exit 1) - an honest sender accused of forgery. No test runs verify with a real key; verify-sender tests stub bus.verify.
agentbus_client._signing.x_verify__mutmut_11	no tests	gap	high	_signing.verify	verify() always raises BadSignature (TypeError/ValueError caught): every genuine signature reported 'invalid' (exit 1) - an honest sender accused of forgery. No test runs verify with a real key; verify-sender tests stub bus.verify.
agentbus_client._signing.x_verify__mutmut_12	no tests	gap	high	_signing.verify	verify() always raises BadSignature (TypeError/ValueError caught): every genuine signature reported 'invalid' (exit 1) - an honest sender accused of forgery. No test runs verify with a real key; verify-sender tests stub bus.verify.
agentbus_client._signing.x_verify__mutmut_13	no tests	gap	high	_signing.verify	verify() always raises BadSignature (TypeError/ValueError caught): every genuine signature reported 'invalid' (exit 1) - an honest sender accused of forgery. No test runs verify with a real key; verify-sender tests stub bus.verify.
agentbus_client._signing.x_verify__mutmut_14	no tests	gap	high	_signing.verify	verify() always raises BadSignature (TypeError/ValueError caught): every genuine signature reported 'invalid' (exit 1) - an honest sender accused of forgery. No test runs verify with a real key; verify-sender tests stub bus.verify.
agentbus_client._signing.x_verify__mutmut_15	no tests	gap	high	_signing.verify	verify() always raises BadSignature (TypeError/ValueError caught): every genuine signature reported 'invalid' (exit 1) - an honest sender accused of forgery. No test runs verify with a real key; verify-sender tests stub bus.verify.
agentbus_client._signing.x_verify__mutmut_16	no tests	gap	low	_signing.verify	BadSignature reason text becomes 'None' / constant / empty; verdict unchanged (still invalid). Human-facing reason only.
agentbus_client._signing.x_verify__mutmut_17	no tests	gap	low	_signing.verify	BadSignature reason text becomes 'None' / constant / empty; verdict unchanged (still invalid). Human-facing reason only.
agentbus_client._signing.x_verify__mutmut_18	no tests	gap	low	_signing.verify	BadSignature reason text becomes 'None' / constant / empty; verdict unchanged (still invalid). Human-facing reason only.
agentbus_client._signing.x_verify__mutmut_19	no tests	gap	low	_signing.verify	fallback reason wording ('XX..XX' / upper-case) when the underlying exception has no message; verdict unchanged.
agentbus_client._signing.x_verify__mutmut_2	no tests	gap	high	_signing.verify	_decode(None) raises AttributeError, which verify() does NOT catch: verify-sender crashes on every signed message instead of returning a verdict. No test runs verify.
agentbus_client._signing.x_verify__mutmut_20	no tests	gap	low	_signing.verify	fallback reason wording ('XX..XX' / upper-case) when the underlying exception has no message; verdict unchanged.
agentbus_client._signing.x_verify__mutmut_3	no tests	gap	high	_signing.verify	verify() always raises BadSignature (TypeError/ValueError caught): every genuine signature reported 'invalid' (exit 1) - an honest sender accused of forgery. No test runs verify with a real key; verify-sender tests stub bus.verify.
agentbus_client._signing.x_verify__mutmut_4	no tests	gap	high	_signing.verify	verify() always raises BadSignature (TypeError/ValueError caught): every genuine signature reported 'invalid' (exit 1) - an honest sender accused of forgery. No test runs verify with a real key; verify-sender tests stub bus.verify.
agentbus_client._signing.x_verify__mutmut_5	no tests	gap	high	_signing.verify	verify() always raises BadSignature (TypeError/ValueError caught): every genuine signature reported 'invalid' (exit 1) - an honest sender accused of forgery. No test runs verify with a real key; verify-sender tests stub bus.verify.
agentbus_client._signing.x_verify__mutmut_6	no tests	gap	high	_signing.verify	verify() always raises BadSignature (TypeError/ValueError caught): every genuine signature reported 'invalid' (exit 1) - an honest sender accused of forgery. No test runs verify with a real key; verify-sender tests stub bus.verify.
agentbus_client._signing.x_verify__mutmut_7	no tests	gap	high	_signing.verify	_decode(None) raises AttributeError, which verify() does NOT catch: verify-sender crashes on every signed message instead of returning a verdict. No test runs verify.
agentbus_client._signing.x_verify__mutmut_8	no tests	gap	high	_signing.verify	verify() always raises BadSignature (TypeError/ValueError caught): every genuine signature reported 'invalid' (exit 1) - an honest sender accused of forgery. No test runs verify with a real key; verify-sender tests stub bus.verify.
agentbus_client._signing.x_verify__mutmut_9	no tests	gap	high	_signing.verify	verify() always raises BadSignature (TypeError/ValueError caught): every genuine signature reported 'invalid' (exit 1) - an honest sender accused of forgery. No test runs verify with a real key; verify-sender tests stub bus.verify.
agentbus_client.cli._read.x__safe_attachment_name__mutmut_13	survived	equivalent	-	_safe_attachment_name	"safe=='..' no longer matches the first tuple but is caught by the line-89 "".."" in safe check, returning the same attachment-{index}; fuzzed all strings over {/,\\,.,a,X,:,XX} len<=5 plus 300k random len 6: zero differences"
agentbus_client.cli._read.x__safe_attachment_name__mutmut_14	survived	gap	high	_safe_attachment_name	the residual '..' rejection is lost (becomes '\\' in safe and '..' in safe, and '\\' is never present). Names like 'a..b', '...', '..bashrc' are kept instead of attachment-N. Defence-in-depth layer of the traversal guard; not independently exploitable on POSIX because basename already stripped dirs. No test with an embedded '..'
agentbus_client.cli._read.x__safe_attachment_name__mutmut_15	survived	equivalent	-	_safe_attachment_name	after replace('\\','/') + basename, safe can never contain '/' or '\\', so ('/' in safe and '\\' in safe) is always False exactly like the original's first two disjuncts; '..' disjunct kept. Fuzzed: zero differences
agentbus_client.cli._read.x__safe_attachment_name__mutmut_16	survived	equivalent	-	_safe_attachment_name	after replace+basename safe never contains '/' or '\\', so neither the original separator test nor the 'XX/XX' / 'XX\\XX' test can ever be true; dead disjunct. Fuzzed: zero differences
agentbus_client.cli._read.x__safe_attachment_name__mutmut_18	survived	equivalent	-	_safe_attachment_name	after replace+basename safe never contains '/' or '\\', so neither the original separator test nor the 'XX/XX' / 'XX\\XX' test can ever be true; dead disjunct. Fuzzed: zero differences
agentbus_client.cli._read.x__safe_attachment_name__mutmut_20	survived	gap	high	_safe_attachment_name	'..' substring check becomes 'XX..XX' -> residual '..' rejection removed; 'a..b' / '...' kept verbatim. Same gap as #14; untested
agentbus_client.cli._read.x__safe_attachment_name__mutmut_8	survived	gap	medium	_safe_attachment_name	backslash no longer normalised to '/'; 'dir\\evil.txt' becomes attachment-N instead of 'evil.txt' (line-89 '\\' check still blocks escape). No test passes a backslash name
agentbus_client.cli._read.x__safe_attachment_name__mutmut_9	survived	gap	medium	_safe_attachment_name	backslash replaced by 'XX/XX'; 'a\\b.txt' yields 'XXb.txt' instead of 'b.txt', '\\' alone yields 'XX' instead of attachment-N. No escape, but chosen filename wrong; no backslash test
agentbus_client.cli._read.x_cmd_ack__mutmut_1	no tests	gap	high	cmd_ack	bus None / _bus(None) -> AttributeError, ack never sent; cmd_ack has no in-process test at all
agentbus_client.cli._read.x_cmd_ack__mutmut_2	no tests	gap	high	cmd_ack	bus None / _bus(None) -> AttributeError, ack never sent; cmd_ack has no in-process test at all
agentbus_client.cli._read.x_cmd_ack__mutmut_3	no tests	gap	high	cmd_ack	POST /v1/deliveries/None/ack - wrong delivery acked; untested
agentbus_client.cli._read.x_cmd_ack__mutmut_4	no tests	gap	medium	cmd_ack	confirmation 'acked <id>' becomes 'None'; untested
agentbus_client.cli._read.x_cmd_ack__mutmut_5	no tests	gap	high	cmd_ack	successful ack exits 1; untested
agentbus_client.cli._read.x_cmd_attachment__mutmut_102	survived	gap	high	cmd_attachment	'-o -' no longer streams raw bytes to stdout; writes a file literally named '-'. No test for -o -
agentbus_client.cli._read.x_cmd_attachment__mutmut_103	survived	gap	high	cmd_attachment	stdout.buffer.write(None) TypeError - '-o -' broken; untested
agentbus_client.cli._read.x_cmd_attachment__mutmut_104	survived	gap	high	cmd_attachment	'-o -' success exits 1; untested
agentbus_client.cli._read.x_cmd_attachment__mutmut_109	survived	gap	medium	cmd_attachment	single-file fallback name becomes 'attachment-None' instead of attachment-<index>; no test writes an unsafe name via cmd_attachment without -o
agentbus_client.cli._read.x_cmd_attachment__mutmut_2	survived	gap	high	cmd_attachment	_bus(None) crashes on every real call; tests monkeypatch _bus with a lambda ignoring its arg (no subprocess test either)
agentbus_client.cli._read.x_cmd_attachment__mutmut_23	survived	gap	low	cmd_attachment	stderr wording of refusal / conflict messages; tests assert return code and 'refusing to overwrite' substring only
agentbus_client.cli._read.x_cmd_attachment__mutmut_25	survived	gap	low	cmd_attachment	stderr wording of refusal / conflict messages; tests assert return code and 'refusing to overwrite' substring only
agentbus_client.cli._read.x_cmd_attachment__mutmut_26	survived	gap	low	cmd_attachment	stderr wording of refusal / conflict messages; tests assert return code and 'refusing to overwrite' substring only
agentbus_client.cli._read.x_cmd_attachment__mutmut_34	survived	gap	low	cmd_attachment	stderr wording of refusal / conflict messages; tests assert return code and 'refusing to overwrite' substring only
agentbus_client.cli._read.x_cmd_attachment__mutmut_36	survived	gap	low	cmd_attachment	stderr wording of refusal / conflict messages; tests assert return code and 'refusing to overwrite' substring only
agentbus_client.cli._read.x_cmd_attachment__mutmut_37	survived	gap	low	cmd_attachment	stderr wording of refusal / conflict messages; tests assert return code and 'refusing to overwrite' substring only
agentbus_client.cli._read.x_cmd_attachment__mutmut_4	survived	gap	high	cmd_attachment	bus.read(None) -> GET /v1/deliveries/None; fake read ignores its argument
agentbus_client.cli._read.x_cmd_attachment__mutmut_43	survived	gap	high	cmd_attachment	--all fallback names become 'attachment-None' for every unsafe filename; two hostile names ('..','.') collide and the second silently overwrites the first in the same run (pre-existence check runs before any write). No --all test with unsafe names
agentbus_client.cli._read.x_cmd_attachment__mutmut_61	survived	gap	low	cmd_attachment	stderr wording of refusal / conflict messages; tests assert return code and 'refusing to overwrite' substring only
agentbus_client.cli._read.x_cmd_attachment__mutmut_64	survived	gap	low	cmd_attachment	stderr wording of refusal / conflict messages; tests assert return code and 'refusing to overwrite' substring only
agentbus_client.cli._read.x_cmd_attachment__mutmut_65	survived	gap	low	cmd_attachment	stderr wording of refusal / conflict messages; tests assert return code and 'refusing to overwrite' substring only
agentbus_client.cli._read.x_cmd_attachment__mutmut_66	survived	gap	low	cmd_attachment	stderr wording of refusal / conflict messages; tests assert return code and 'refusing to overwrite' substring only
agentbus_client.cli._read.x_cmd_attachment__mutmut_75	survived	gap	medium	cmd_attachment	per-file 'wrote X (N bytes)' (size from disk) lost in --all; test only checks the final count line
agentbus_client.cli._read.x_cmd_attachment__mutmut_78	survived	gap	medium	cmd_attachment	index == len(attachments) no longer rejected -> IndexError traceback instead of the 'out of range' listing; test uses index=5, never the boundary
agentbus_client.cli._read.x_cmd_attachment__mutmut_91	survived	gap	medium	cmd_attachment	wire key 'size' changed in the out-of-range listing -> sizes shown as None; display-only stderr hint, test asserts filename only
agentbus_client.cli._read.x_cmd_attachment__mutmut_92	survived	gap	medium	cmd_attachment	wire key 'size' changed in the out-of-range listing -> sizes shown as None; display-only stderr hint, test asserts filename only
agentbus_client.cli._read.x_cmd_attachment__mutmut_93	survived	gap	medium	cmd_attachment	wire key 'size' changed in the out-of-range listing -> sizes shown as None; display-only stderr hint, test asserts filename only
agentbus_client.cli._read.x_cmd_attachment__mutmut_97	survived	gap	high	cmd_attachment	bus.attachment called with None delivery_id / index -> wrong attachment fetched (URL path); single-file path never asserts bus.asked
agentbus_client.cli._read.x_cmd_attachment__mutmut_98	survived	gap	high	cmd_attachment	bus.attachment called with None delivery_id / index -> wrong attachment fetched (URL path); single-file path never asserts bus.asked
agentbus_client.cli._read.x_cmd_inbox__mutmut_10	survived	gap	high	cmd_inbox	inbox() query args (cursor/limit/label/wait/unread) dropped or None -> wrong GET /v1/inbox params; test fakes ignore their arguments, so no test asserts what is forwarded
agentbus_client.cli._read.x_cmd_inbox__mutmut_11	survived	gap	high	cmd_inbox	inbox() query args (cursor/limit/label/wait/unread) dropped or None -> wrong GET /v1/inbox params; test fakes ignore their arguments, so no test asserts what is forwarded
agentbus_client.cli._read.x_cmd_inbox__mutmut_12	survived	out-of-reach	-	cmd_inbox	_bus(None) raises AttributeError (args.api_key) on every real call; in-process tests monkeypatch _bus with a lambda that ignores its argument. Only test_cli_errors_and_help_are_actionable.py::test_no_credential_is_three_lines_naming_setup_and_signin / test_json_errors_are_one_json_object / test_an_unreachable_bus_under_json_is_json reach the real _bus, in a subprocess with cleared env (mutant never active there)
agentbus_client.cli._read.x_cmd_inbox__mutmut_13	survived	gap	high	cmd_inbox	--json output: null / non-JSON repr / TypeError crash; no in-process test runs cmd_inbox with json=True
agentbus_client.cli._read.x_cmd_inbox__mutmut_14	survived	gap	high	cmd_inbox	--json output: null / non-JSON repr / TypeError crash; no in-process test runs cmd_inbox with json=True
agentbus_client.cli._read.x_cmd_inbox__mutmut_15	survived	gap	high	cmd_inbox	--json output: null / non-JSON repr / TypeError crash; no in-process test runs cmd_inbox with json=True
agentbus_client.cli._read.x_cmd_inbox__mutmut_16	survived	gap	high	cmd_inbox	--json output: null / non-JSON repr / TypeError crash; no in-process test runs cmd_inbox with json=True
agentbus_client.cli._read.x_cmd_inbox__mutmut_17	survived	gap	high	cmd_inbox	--json output: null / non-JSON repr / TypeError crash; no in-process test runs cmd_inbox with json=True
agentbus_client.cli._read.x_cmd_inbox__mutmut_18	survived	gap	high	cmd_inbox	--json success exits 1; json path untested in-process
agentbus_client.cli._read.x_cmd_inbox__mutmut_2	survived	gap	high	cmd_inbox	inbox() query args (cursor/limit/label/wait/unread) dropped or None -> wrong GET /v1/inbox params; test fakes ignore their arguments, so no test asserts what is forwarded
agentbus_client.cli._read.x_cmd_inbox__mutmut_3	survived	gap	high	cmd_inbox	inbox() query args (cursor/limit/label/wait/unread) dropped or None -> wrong GET /v1/inbox params; test fakes ignore their arguments, so no test asserts what is forwarded
agentbus_client.cli._read.x_cmd_inbox__mutmut_36	survived	gap	high	cmd_inbox	read (non-starred) marker becomes 'XX XX'; read/unread marker rendering - test only asserts '* #N' absent, not that the line starts with a blank
agentbus_client.cli._read.x_cmd_inbox__mutmut_37	survived	gap	medium	cmd_inbox	attachment suffix becomes literal 'None' on every line; no inbox test with attachment_count
agentbus_client.cli._read.x_cmd_inbox__mutmut_38	survived	gap	medium	cmd_inbox	attachment count never shown in listing; untested
agentbus_client.cli._read.x_cmd_inbox__mutmut_39	survived	gap	medium	cmd_inbox	' [0 attachment(s)]' shown on every line; untested
agentbus_client.cli._read.x_cmd_inbox__mutmut_4	survived	gap	high	cmd_inbox	inbox() query args (cursor/limit/label/wait/unread) dropped or None -> wrong GET /v1/inbox params; test fakes ignore their arguments, so no test asserts what is forwarded
agentbus_client.cli._read.x_cmd_inbox__mutmut_40	survived	gap	medium	cmd_inbox	'XXXX' appended to every line without attachments; no test asserts exact line
agentbus_client.cli._read.x_cmd_inbox__mutmut_41	survived	gap	medium	cmd_inbox	role never read from raw -> '(cc)' marker never shown; no test with your_role=cc
agentbus_client.cli._read.x_cmd_inbox__mutmut_42	survived	gap	medium	cmd_inbox	role never read from raw -> '(cc)' marker never shown; no test with your_role=cc
agentbus_client.cli._read.x_cmd_inbox__mutmut_43	survived	gap	medium	cmd_inbox	role never read from raw -> '(cc)' marker never shown; no test with your_role=cc
agentbus_client.cli._read.x_cmd_inbox__mutmut_44	survived	gap	high	cmd_inbox	wire field name 'your_role' changed -> cc marker never shown; data-contract key parsing untested
agentbus_client.cli._read.x_cmd_inbox__mutmut_45	survived	gap	high	cmd_inbox	wire field name 'your_role' changed -> cc marker never shown; data-contract key parsing untested
agentbus_client.cli._read.x_cmd_inbox__mutmut_46	survived	gap	medium	cmd_inbox	copied=None -> literal 'None' appended to every line
agentbus_client.cli._read.x_cmd_inbox__mutmut_47	survived	gap	medium	cmd_inbox	cc marker never shown
agentbus_client.cli._read.x_cmd_inbox__mutmut_48	survived	gap	medium	cmd_inbox	cc marker shown on non-cc lines (always / inverted)
agentbus_client.cli._read.x_cmd_inbox__mutmut_49	survived	gap	low	cmd_inbox	'(cc)' marker wording changed
agentbus_client.cli._read.x_cmd_inbox__mutmut_5	survived	gap	high	cmd_inbox	inbox() query args (cursor/limit/label/wait/unread) dropped or None -> wrong GET /v1/inbox params; test fakes ignore their arguments, so no test asserts what is forwarded
agentbus_client.cli._read.x_cmd_inbox__mutmut_50	survived	gap	low	cmd_inbox	'(cc)' marker wording changed
agentbus_client.cli._read.x_cmd_inbox__mutmut_51	survived	gap	medium	cmd_inbox	cc marker shown on non-cc lines (always / inverted)
agentbus_client.cli._read.x_cmd_inbox__mutmut_52	survived	gap	high	cmd_inbox	wire role value 'cc' changed -> cc never detected; untested
agentbus_client.cli._read.x_cmd_inbox__mutmut_53	survived	gap	high	cmd_inbox	wire role value 'cc' changed -> cc never detected; untested
agentbus_client.cli._read.x_cmd_inbox__mutmut_54	survived	gap	low	cmd_inbox	'XXXX' text appended to every non-cc line (wording)
agentbus_client.cli._read.x_cmd_inbox__mutmut_56	survived	gap	high	cmd_inbox	delivery_id line printed as 'None' - the id users need for show/ack disappears; no test asserts the id line
agentbus_client.cli._read.x_cmd_inbox__mutmut_6	survived	gap	high	cmd_inbox	inbox() query args (cursor/limit/label/wait/unread) dropped or None -> wrong GET /v1/inbox params; test fakes ignore their arguments, so no test asserts what is forwarded
agentbus_client.cli._read.x_cmd_inbox__mutmut_66	survived	gap	low	cmd_inbox	hint wording changed; test only checks substring 'agentbus inbox --unread'
agentbus_client.cli._read.x_cmd_inbox__mutmut_67	survived	gap	low	cmd_inbox	hint wording changed; test only checks substring 'agentbus inbox --unread'
agentbus_client.cli._read.x_cmd_inbox__mutmut_8	survived	gap	high	cmd_inbox	inbox() query args (cursor/limit/label/wait/unread) dropped or None -> wrong GET /v1/inbox params; test fakes ignore their arguments, so no test asserts what is forwarded
agentbus_client.cli._read.x_cmd_inbox__mutmut_9	survived	gap	high	cmd_inbox	inbox() query args (cursor/limit/label/wait/unread) dropped or None -> wrong GET /v1/inbox params; test fakes ignore their arguments, so no test asserts what is forwarded
agentbus_client.cli._read.x_cmd_labels__mutmut_1	no tests	gap	high	cmd_labels	bus None / _bus(None) -> crash; cmd_labels has no test
agentbus_client.cli._read.x_cmd_labels__mutmut_10	no tests	gap	high	cmd_labels	--json no longer emits JSON (repr per item / JSON-encoded text string); untested
agentbus_client.cli._read.x_cmd_labels__mutmut_11	no tests	gap	high	cmd_labels	_print missing as_json -> TypeError, verb always crashes; untested
agentbus_client.cli._read.x_cmd_labels__mutmut_12	no tests	gap	high	cmd_labels	_print missing as_json -> TypeError, verb always crashes; untested
agentbus_client.cli._read.x_cmd_labels__mutmut_13	no tests	gap	high	cmd_labels	--json no longer emits JSON (repr per item / JSON-encoded text string); untested
agentbus_client.cli._read.x_cmd_labels__mutmut_14	no tests	gap	medium	cmd_labels	text mode prints raw list items instead of 'labels: a, b'; untested
agentbus_client.cli._read.x_cmd_labels__mutmut_15	no tests	gap	medium	cmd_labels	', '.join(None) TypeError in text mode; untested
agentbus_client.cli._read.x_cmd_labels__mutmut_16	no tests	gap	low	cmd_labels	separator wording 'XX, XX'
agentbus_client.cli._read.x_cmd_labels__mutmut_17	no tests	gap	high	cmd_labels	success exits 1; untested
agentbus_client.cli._read.x_cmd_labels__mutmut_2	no tests	gap	high	cmd_labels	label() called without/with None delivery_id -> wrong URL path or TypeError; untested
agentbus_client.cli._read.x_cmd_labels__mutmut_3	no tests	gap	high	cmd_labels	add/remove label lists dropped -> requested label changes silently not sent; untested
agentbus_client.cli._read.x_cmd_labels__mutmut_4	no tests	gap	high	cmd_labels	add/remove label lists dropped -> requested label changes silently not sent; untested
agentbus_client.cli._read.x_cmd_labels__mutmut_5	no tests	gap	high	cmd_labels	label() called without/with None delivery_id -> wrong URL path or TypeError; untested
agentbus_client.cli._read.x_cmd_labels__mutmut_6	no tests	gap	high	cmd_labels	add/remove label lists dropped -> requested label changes silently not sent; untested
agentbus_client.cli._read.x_cmd_labels__mutmut_7	no tests	gap	high	cmd_labels	add/remove label lists dropped -> requested label changes silently not sent; untested
agentbus_client.cli._read.x_cmd_labels__mutmut_8	no tests	gap	high	cmd_labels	bus None / _bus(None) -> crash; cmd_labels has no test
agentbus_client.cli._read.x_cmd_labels__mutmut_9	no tests	gap	high	cmd_labels	prints None/null instead of labels (both text and --json); untested
agentbus_client.cli._read.x_cmd_show__mutmut_101	survived	gap	low	cmd_show	human-facing wording (stderr guidance / NOT-sealed note / role annotation / '(no text body)'); tests assert only substrings like '--raw', 'NOT sealed'
agentbus_client.cli._read.x_cmd_show__mutmut_104	survived	gap	low	cmd_show	human-facing wording (stderr guidance / NOT-sealed note / role annotation / '(no text body)'); tests assert only substrings like '--raw', 'NOT sealed'
agentbus_client.cli._read.x_cmd_show__mutmut_105	survived	gap	low	cmd_show	human-facing wording (stderr guidance / NOT-sealed note / role annotation / '(no text body)'); tests assert only substrings like '--raw', 'NOT sealed'
agentbus_client.cli._read.x_cmd_show__mutmut_106	survived	gap	low	cmd_show	human-facing wording (stderr guidance / NOT-sealed note / role annotation / '(no text body)'); tests assert only substrings like '--raw', 'NOT sealed'
agentbus_client.cli._read.x_cmd_show__mutmut_107	survived	gap	low	cmd_show	human-facing wording (stderr guidance / NOT-sealed note / role annotation / '(no text body)'); tests assert only substrings like '--raw', 'NOT sealed'
agentbus_client.cli._read.x_cmd_show__mutmut_108	survived	gap	high	cmd_show	--raw always takes the text fallback sys.stdout.write(body) instead of buffer.write(body.encode()): bytes depend on stdout encoding/newline translation. test_raw_is_byte_exact's _ByteStdout is UTF-8 with newline='' and ASCII armor, so both paths emit identical bytes - the test cannot tell them apart
agentbus_client.cli._read.x_cmd_show__mutmut_109	survived	gap	high	cmd_show	--raw always takes the text fallback sys.stdout.write(body) instead of buffer.write(body.encode()): bytes depend on stdout encoding/newline translation. test_raw_is_byte_exact's _ByteStdout is UTF-8 with newline='' and ASCII armor, so both paths emit identical bytes - the test cannot tell them apart
agentbus_client.cli._read.x_cmd_show__mutmut_114	survived	gap	high	cmd_show	--raw always takes the text fallback sys.stdout.write(body) instead of buffer.write(body.encode()): bytes depend on stdout encoding/newline translation. test_raw_is_byte_exact's _ByteStdout is UTF-8 with newline='' and ASCII armor, so both paths emit identical bytes - the test cannot tell them apart
agentbus_client.cli._read.x_cmd_show__mutmut_115	survived	gap	high	cmd_show	--raw always takes the text fallback sys.stdout.write(body) instead of buffer.write(body.encode()): bytes depend on stdout encoding/newline translation. test_raw_is_byte_exact's _ByteStdout is UTF-8 with newline='' and ASCII armor, so both paths emit identical bytes - the test cannot tell them apart
agentbus_client.cli._read.x_cmd_show__mutmut_122	survived	equivalent	-	cmd_show	getattr default for 'thread' unreachable: the click verb (_cmds_read.py --thread/--all is_flag) always populates args.thread via namespace_for(); no other caller of cmd_show in src
agentbus_client.cli._read.x_cmd_show__mutmut_125	survived	equivalent	-	cmd_show	getattr default for 'thread' unreachable: the click verb (_cmds_read.py --thread/--all is_flag) always populates args.thread via namespace_for(); no other caller of cmd_show in src
agentbus_client.cli._read.x_cmd_show__mutmut_128	survived	equivalent	-	cmd_show	getattr default for 'thread' unreachable: the click verb (_cmds_read.py --thread/--all is_flag) always populates args.thread via namespace_for(); no other caller of cmd_show in src
agentbus_client.cli._read.x_cmd_show__mutmut_133	survived	gap	high	cmd_show	--json output (thread-id fallback / --raw --json / --thread --json / plain --json) becomes null, non-JSON, or a TypeError crash; no test asserts the JSON emitted on these paths
agentbus_client.cli._read.x_cmd_show__mutmut_134	survived	gap	high	cmd_show	--json output (thread-id fallback / --raw --json / --thread --json / plain --json) becomes null, non-JSON, or a TypeError crash; no test asserts the JSON emitted on these paths
agentbus_client.cli._read.x_cmd_show__mutmut_135	survived	gap	high	cmd_show	--json output (thread-id fallback / --raw --json / --thread --json / plain --json) becomes null, non-JSON, or a TypeError crash; no test asserts the JSON emitted on these paths
agentbus_client.cli._read.x_cmd_show__mutmut_136	survived	gap	high	cmd_show	--json output (thread-id fallback / --raw --json / --thread --json / plain --json) becomes null, non-JSON, or a TypeError crash; no test asserts the JSON emitted on these paths
agentbus_client.cli._read.x_cmd_show__mutmut_137	survived	gap	high	cmd_show	--json output (thread-id fallback / --raw --json / --thread --json / plain --json) becomes null, non-JSON, or a TypeError crash; no test asserts the JSON emitted on these paths
agentbus_client.cli._read.x_cmd_show__mutmut_138	survived	gap	high	cmd_show	--json success exits 1; untested
agentbus_client.cli._read.x_cmd_show__mutmut_14	survived	equivalent	-	cmd_show	getattr default for 'thread' unreachable: the click verb (_cmds_read.py --thread/--all is_flag) always populates args.thread via namespace_for(); no other caller of cmd_show in src
agentbus_client.cli._read.x_cmd_show__mutmut_146	survived	gap	medium	cmd_show	ready-to-paste 'agentbus reply <id>' line replaced by 'None'; untested
agentbus_client.cli._read.x_cmd_show__mutmut_148	survived	gap	high	cmd_show	--json output (thread-id fallback / --raw --json / --thread --json / plain --json) becomes null, non-JSON, or a TypeError crash; no test asserts the JSON emitted on these paths
agentbus_client.cli._read.x_cmd_show__mutmut_149	survived	gap	high	cmd_show	--json output (thread-id fallback / --raw --json / --thread --json / plain --json) becomes null, non-JSON, or a TypeError crash; no test asserts the JSON emitted on these paths
agentbus_client.cli._read.x_cmd_show__mutmut_150	survived	gap	high	cmd_show	--json output (thread-id fallback / --raw --json / --thread --json / plain --json) becomes null, non-JSON, or a TypeError crash; no test asserts the JSON emitted on these paths
agentbus_client.cli._read.x_cmd_show__mutmut_151	survived	gap	high	cmd_show	--json output (thread-id fallback / --raw --json / --thread --json / plain --json) becomes null, non-JSON, or a TypeError crash; no test asserts the JSON emitted on these paths
agentbus_client.cli._read.x_cmd_show__mutmut_152	survived	gap	high	cmd_show	--json output (thread-id fallback / --raw --json / --thread --json / plain --json) becomes null, non-JSON, or a TypeError crash; no test asserts the JSON emitted on these paths
agentbus_client.cli._read.x_cmd_show__mutmut_153	survived	gap	high	cmd_show	--json success exits 1; untested
agentbus_client.cli._read.x_cmd_show__mutmut_154	survived	gap	high	cmd_show	From: line (sender identity) replaced by 'None'; no test asserts the From line in normal show
agentbus_client.cli._read.x_cmd_show__mutmut_155	survived	gap	high	cmd_show	From shows sender_address when a display name exists and '' when it does not (display and address); sender identity rendering untested
agentbus_client.cli._read.x_cmd_show__mutmut_158	survived	gap	high	cmd_show	wire key 'sender_address' changed -> KeyError whenever sender_display is empty; untested
agentbus_client.cli._read.x_cmd_show__mutmut_159	survived	gap	high	cmd_show	wire key 'sender_address' changed -> KeyError whenever sender_display is empty; untested
agentbus_client.cli._read.x_cmd_show__mutmut_161	survived	gap	high	cmd_show	recipients never parsed ('and []' / wrong key) -> no To/Cc lines, no reply-to-everyone; envelope untested
agentbus_client.cli._read.x_cmd_show__mutmut_162	survived	gap	high	cmd_show	recipients never parsed ('and []' / wrong key) -> no To/Cc lines, no reply-to-everyone; envelope untested
agentbus_client.cli._read.x_cmd_show__mutmut_163	survived	gap	high	cmd_show	recipients never parsed ('and []' / wrong key) -> no To/Cc lines, no reply-to-everyone; envelope untested
agentbus_client.cli._read.x_cmd_show__mutmut_164	survived	gap	high	cmd_show	recipients never parsed ('and []' / wrong key) -> no To/Cc lines, no reply-to-everyone; envelope untested
agentbus_client.cli._read.x_cmd_show__mutmut_165	survived	gap	medium	cmd_show	To/Cc line suppressed (line set None)
agentbus_client.cli._read.x_cmd_show__mutmut_167	survived	gap	low	cmd_show	separator/placeholder text changed ('XX, XX', 'XX?XX')
agentbus_client.cli._read.x_cmd_show__mutmut_168	survived	gap	high	cmd_show	wire key 'recipient' changed -> every address rendered '?' (or None -> TypeError in join); untested
agentbus_client.cli._read.x_cmd_show__mutmut_169	survived	gap	medium	cmd_show	missing 'recipient' falls back to None -> TypeError in join instead of '?'; untested
agentbus_client.cli._read.x_cmd_show__mutmut_17	survived	equivalent	-	cmd_show	getattr default for 'thread' unreachable: the click verb (_cmds_read.py --thread/--all is_flag) always populates args.thread via namespace_for(); no other caller of cmd_show in src
agentbus_client.cli._read.x_cmd_show__mutmut_171	survived	gap	medium	cmd_show	missing 'recipient' falls back to None -> TypeError in join instead of '?'; untested
agentbus_client.cli._read.x_cmd_show__mutmut_172	survived	gap	high	cmd_show	wire key 'recipient' changed -> every address rendered '?' (or None -> TypeError in join); untested
agentbus_client.cli._read.x_cmd_show__mutmut_173	survived	gap	high	cmd_show	wire key 'recipient' changed -> every address rendered '?' (or None -> TypeError in join); untested
agentbus_client.cli._read.x_cmd_show__mutmut_174	survived	gap	low	cmd_show	separator/placeholder text changed ('XX, XX', 'XX?XX')
agentbus_client.cli._read.x_cmd_show__mutmut_175	survived	gap	high	cmd_show	wire key 'kind' / value 'cc' changed or comparison inverted -> To and Cc lists swapped or merged; untested
agentbus_client.cli._read.x_cmd_show__mutmut_176	survived	gap	high	cmd_show	wire key 'kind' / value 'cc' changed or comparison inverted -> To and Cc lists swapped or merged; untested
agentbus_client.cli._read.x_cmd_show__mutmut_177	survived	gap	high	cmd_show	wire key 'kind' / value 'cc' changed or comparison inverted -> To and Cc lists swapped or merged; untested
agentbus_client.cli._read.x_cmd_show__mutmut_178	survived	gap	high	cmd_show	wire key 'kind' / value 'cc' changed or comparison inverted -> To and Cc lists swapped or merged; untested
agentbus_client.cli._read.x_cmd_show__mutmut_179	survived	gap	high	cmd_show	wire key 'kind' / value 'cc' changed or comparison inverted -> To and Cc lists swapped or merged; untested
agentbus_client.cli._read.x_cmd_show__mutmut_180	survived	gap	high	cmd_show	wire key 'kind' / value 'cc' changed or comparison inverted -> To and Cc lists swapped or merged; untested
agentbus_client.cli._read.x_cmd_show__mutmut_181	survived	gap	medium	cmd_show	To/Cc line suppressed (line set None)
agentbus_client.cli._read.x_cmd_show__mutmut_183	survived	gap	low	cmd_show	separator/placeholder text changed ('XX, XX', 'XX?XX')
agentbus_client.cli._read.x_cmd_show__mutmut_184	survived	gap	high	cmd_show	wire key 'recipient' changed -> every address rendered '?' (or None -> TypeError in join); untested
agentbus_client.cli._read.x_cmd_show__mutmut_185	survived	gap	medium	cmd_show	missing 'recipient' falls back to None -> TypeError in join instead of '?'; untested
agentbus_client.cli._read.x_cmd_show__mutmut_186	survived	gap	high	cmd_show	wire key 'recipient' changed -> every address rendered '?' (or None -> TypeError in join); untested
agentbus_client.cli._read.x_cmd_show__mutmut_187	survived	gap	medium	cmd_show	missing 'recipient' falls back to None -> TypeError in join instead of '?'; untested
agentbus_client.cli._read.x_cmd_show__mutmut_188	survived	gap	high	cmd_show	wire key 'recipient' changed -> every address rendered '?' (or None -> TypeError in join); untested
agentbus_client.cli._read.x_cmd_show__mutmut_189	survived	gap	high	cmd_show	wire key 'recipient' changed -> every address rendered '?' (or None -> TypeError in join); untested
agentbus_client.cli._read.x_cmd_show__mutmut_190	survived	gap	low	cmd_show	separator/placeholder text changed ('XX, XX', 'XX?XX')
agentbus_client.cli._read.x_cmd_show__mutmut_191	survived	gap	high	cmd_show	wire key 'kind' / value 'cc' changed or comparison inverted -> To and Cc lists swapped or merged; untested
agentbus_client.cli._read.x_cmd_show__mutmut_192	survived	gap	high	cmd_show	wire key 'kind' / value 'cc' changed or comparison inverted -> To and Cc lists swapped or merged; untested
agentbus_client.cli._read.x_cmd_show__mutmut_193	survived	gap	high	cmd_show	wire key 'kind' / value 'cc' changed or comparison inverted -> To and Cc lists swapped or merged; untested
agentbus_client.cli._read.x_cmd_show__mutmut_194	survived	gap	high	cmd_show	wire key 'kind' / value 'cc' changed or comparison inverted -> To and Cc lists swapped or merged; untested
agentbus_client.cli._read.x_cmd_show__mutmut_195	survived	gap	high	cmd_show	wire key 'kind' / value 'cc' changed or comparison inverted -> To and Cc lists swapped or merged; untested
agentbus_client.cli._read.x_cmd_show__mutmut_196	survived	gap	high	cmd_show	wire key 'kind' / value 'cc' changed or comparison inverted -> To and Cc lists swapped or merged; untested
agentbus_client.cli._read.x_cmd_show__mutmut_197	survived	gap	medium	cmd_show	To:/Cc: line printed as 'None'
agentbus_client.cli._read.x_cmd_show__mutmut_198	survived	gap	medium	cmd_show	To:/Cc: line printed as 'None'
agentbus_client.cli._read.x_cmd_show__mutmut_199	survived	gap	high	cmd_show	wire field 'your_role' not read -> the You: line (asked vs copied) disappears; untested
agentbus_client.cli._read.x_cmd_show__mutmut_20	survived	equivalent	-	cmd_show	getattr default for 'thread' unreachable: the click verb (_cmds_read.py --thread/--all is_flag) always populates args.thread via namespace_for(); no other caller of cmd_show in src
agentbus_client.cli._read.x_cmd_show__mutmut_200	survived	gap	high	cmd_show	wire field 'your_role' not read -> the You: line (asked vs copied) disappears; untested
agentbus_client.cli._read.x_cmd_show__mutmut_201	survived	gap	high	cmd_show	wire field 'your_role' not read -> the You: line (asked vs copied) disappears; untested
agentbus_client.cli._read.x_cmd_show__mutmut_202	survived	gap	high	cmd_show	wire field 'your_role' not read -> the You: line (asked vs copied) disappears; untested
agentbus_client.cli._read.x_cmd_show__mutmut_203	survived	gap	medium	cmd_show	You: line printed as 'None'
agentbus_client.cli._read.x_cmd_show__mutmut_205	survived	gap	low	cmd_show	role shown lower-case ('to' vs 'TO')
agentbus_client.cli._read.x_cmd_show__mutmut_206	survived	gap	medium	cmd_show	role annotation logic forced/inverted (always copied / always act / inverted); untested
agentbus_client.cli._read.x_cmd_show__mutmut_207	survived	gap	medium	cmd_show	role annotation logic forced/inverted (always copied / always act / inverted); untested
agentbus_client.cli._read.x_cmd_show__mutmut_208	survived	gap	low	cmd_show	human-facing wording (stderr guidance / NOT-sealed note / role annotation / '(no text body)'); tests assert only substrings like '--raw', 'NOT sealed'
agentbus_client.cli._read.x_cmd_show__mutmut_209	survived	gap	low	cmd_show	human-facing wording (stderr guidance / NOT-sealed note / role annotation / '(no text body)'); tests assert only substrings like '--raw', 'NOT sealed'
agentbus_client.cli._read.x_cmd_show__mutmut_210	survived	gap	medium	cmd_show	role annotation logic forced/inverted (always copied / always act / inverted); untested
agentbus_client.cli._read.x_cmd_show__mutmut_211	survived	gap	high	cmd_show	wire role value 'to' changed -> a TO recipient is told it was only copied; untested
agentbus_client.cli._read.x_cmd_show__mutmut_212	survived	gap	high	cmd_show	wire role value 'to' changed -> a TO recipient is told it was only copied; untested
agentbus_client.cli._read.x_cmd_show__mutmut_213	survived	gap	low	cmd_show	human-facing wording (stderr guidance / NOT-sealed note / role annotation / '(no text body)'); tests assert only substrings like '--raw', 'NOT sealed'
agentbus_client.cli._read.x_cmd_show__mutmut_214	survived	gap	low	cmd_show	human-facing wording (stderr guidance / NOT-sealed note / role annotation / '(no text body)'); tests assert only substrings like '--raw', 'NOT sealed'
agentbus_client.cli._read.x_cmd_show__mutmut_215	survived	gap	medium	cmd_show	Subject:/Thread: line printed as 'None'; no test asserts them
agentbus_client.cli._read.x_cmd_show__mutmut_218	survived	gap	medium	cmd_show	Subject:/Thread: line printed as 'None'; no test asserts them
agentbus_client.cli._read.x_cmd_show__mutmut_221	survived	gap	high	cmd_show	wire key 'auth_verdicts' not read -> Auth verdict line never shown; verdict rendering untested
agentbus_client.cli._read.x_cmd_show__mutmut_222	survived	gap	high	cmd_show	wire key 'auth_verdicts' not read -> Auth verdict line never shown; verdict rendering untested
agentbus_client.cli._read.x_cmd_show__mutmut_223	survived	gap	high	cmd_show	wire key 'auth_verdicts' not read -> Auth verdict line never shown; verdict rendering untested
agentbus_client.cli._read.x_cmd_show__mutmut_224	survived	gap	high	cmd_show	Auth verdict line printed as 'None'; untested
agentbus_client.cli._read.x_cmd_show__mutmut_225	survived	gap	high	cmd_show	wrong key -> KeyError crash whenever auth_verdicts present; untested
agentbus_client.cli._read.x_cmd_show__mutmut_226	survived	gap	high	cmd_show	wrong key -> KeyError crash whenever auth_verdicts present; untested
agentbus_client.cli._read.x_cmd_show__mutmut_237	survived	gap	low	cmd_show	human-facing wording (stderr guidance / NOT-sealed note / role annotation / '(no text body)'); tests assert only substrings like '--raw', 'NOT sealed'
agentbus_client.cli._read.x_cmd_show__mutmut_238	survived	gap	low	cmd_show	human-facing wording (stderr guidance / NOT-sealed note / role annotation / '(no text body)'); tests assert only substrings like '--raw', 'NOT sealed'
agentbus_client.cli._read.x_cmd_show__mutmut_239	survived	gap	high	cmd_show	structured payload (#212) never read -> not printed; untested
agentbus_client.cli._read.x_cmd_show__mutmut_240	survived	gap	high	cmd_show	structured payload (#212) never read -> not printed; untested
agentbus_client.cli._read.x_cmd_show__mutmut_241	survived	gap	high	cmd_show	structured payload (#212) never read -> not printed; untested
agentbus_client.cli._read.x_cmd_show__mutmut_242	survived	gap	high	cmd_show	structured payload (#212) never read -> not printed; untested
agentbus_client.cli._read.x_cmd_show__mutmut_243	survived	gap	high	cmd_show	payload condition inverted: real payloads hidden, 'payload: null' printed for every message without one; untested
agentbus_client.cli._read.x_cmd_show__mutmut_244	survived	gap	high	cmd_show	wire key 'payload_schema_ref' not read -> schema ref never shown; untested
agentbus_client.cli._read.x_cmd_show__mutmut_245	survived	gap	high	cmd_show	wire key 'payload_schema_ref' not read -> schema ref never shown; untested
agentbus_client.cli._read.x_cmd_show__mutmut_246	survived	gap	high	cmd_show	wire key 'payload_schema_ref' not read -> schema ref never shown; untested
agentbus_client.cli._read.x_cmd_show__mutmut_247	survived	gap	high	cmd_show	wire key 'payload_schema_ref' not read -> schema ref never shown; untested
agentbus_client.cli._read.x_cmd_show__mutmut_248	survived	gap	medium	cmd_show	payload header printed as 'None'
agentbus_client.cli._read.x_cmd_show__mutmut_249	survived	gap	medium	cmd_show	schema ref never shown / '(None)' always shown
agentbus_client.cli._read.x_cmd_show__mutmut_25	survived	gap	low	cmd_show	human-facing wording (stderr guidance / NOT-sealed note / role annotation / '(no text body)'); tests assert only substrings like '--raw', 'NOT sealed'
agentbus_client.cli._read.x_cmd_show__mutmut_250	survived	gap	medium	cmd_show	schema ref never shown / '(None)' always shown
agentbus_client.cli._read.x_cmd_show__mutmut_251	survived	gap	low	cmd_show	cosmetic: 'XXXX' in header / indent 3
agentbus_client.cli._read.x_cmd_show__mutmut_252	survived	gap	high	cmd_show	payload data replaced by 'None'/'null'; untested
agentbus_client.cli._read.x_cmd_show__mutmut_253	survived	gap	high	cmd_show	payload data replaced by 'None'/'null'; untested
agentbus_client.cli._read.x_cmd_show__mutmut_254	survived	gap	medium	cmd_show	payload printed as single-line JSON instead of indent=2
agentbus_client.cli._read.x_cmd_show__mutmut_255	survived	equivalent	-	cmd_show	json.dumps default=str is never invoked: payload comes straight from the server JSON response (httpx .json()) and is never rewritten by unseal, so it contains only JSON-native types
agentbus_client.cli._read.x_cmd_show__mutmut_256	survived	gap	high	cmd_show	json.dumps() without obj -> TypeError crash whenever a payload exists; untested
agentbus_client.cli._read.x_cmd_show__mutmut_257	survived	gap	medium	cmd_show	payload printed as single-line JSON instead of indent=2
agentbus_client.cli._read.x_cmd_show__mutmut_258	survived	equivalent	-	cmd_show	json.dumps default=str is never invoked: payload comes straight from the server JSON response (httpx .json()) and is never rewritten by unseal, so it contains only JSON-native types
agentbus_client.cli._read.x_cmd_show__mutmut_259	survived	gap	low	cmd_show	cosmetic: 'XXXX' in header / indent 3
agentbus_client.cli._read.x_cmd_show__mutmut_26	survived	gap	low	cmd_show	human-facing wording (stderr guidance / NOT-sealed note / role annotation / '(no text body)'); tests assert only substrings like '--raw', 'NOT sealed'
agentbus_client.cli._read.x_cmd_show__mutmut_269	survived	gap	medium	cmd_show	missing/zero size reported as 1 byte on wire; test uses size 69675 only
agentbus_client.cli._read.x_cmd_show__mutmut_27	survived	gap	low	cmd_show	human-facing wording (stderr guidance / NOT-sealed note / role annotation / '(no text body)'); tests assert only substrings like '--raw', 'NOT sealed'
agentbus_client.cli._read.x_cmd_show__mutmut_273	survived	gap	medium	cmd_show	ready-to-paste 'agentbus reply <id>' line replaced by 'None'; untested
agentbus_client.cli._read.x_cmd_show__mutmut_274	survived	gap	medium	cmd_show	reply-to-everyone hint shown for a single-recipient message; untested
agentbus_client.cli._read.x_cmd_show__mutmut_275	survived	gap	medium	cmd_show	reply-to-everyone hint hidden for exactly 2 recipients; untested boundary
agentbus_client.cli._read.x_cmd_show__mutmut_276	survived	gap	medium	cmd_show	'reply to everyone' command line replaced by 'None'; untested
agentbus_client.cli._read.x_cmd_show__mutmut_28	survived	gap	low	cmd_show	human-facing wording (stderr guidance / NOT-sealed note / role annotation / '(no text body)'); tests assert only substrings like '--raw', 'NOT sealed'
agentbus_client.cli._read.x_cmd_show__mutmut_283	survived	gap	medium	cmd_show	'other message(s)... READ THEM' hint hidden when thread_message_count==2; tests use 5 and 1, not the boundary
agentbus_client.cli._read.x_cmd_show__mutmut_29	survived	gap	low	cmd_show	human-facing wording (stderr guidance / NOT-sealed note / role annotation / '(no text body)'); tests assert only substrings like '--raw', 'NOT sealed'
agentbus_client.cli._read.x_cmd_show__mutmut_30	survived	gap	low	cmd_show	human-facing wording (stderr guidance / NOT-sealed note / role annotation / '(no text body)'); tests assert only substrings like '--raw', 'NOT sealed'
agentbus_client.cli._read.x_cmd_show__mutmut_31	survived	gap	low	cmd_show	human-facing wording (stderr guidance / NOT-sealed note / role annotation / '(no text body)'); tests assert only substrings like '--raw', 'NOT sealed'
agentbus_client.cli._read.x_cmd_show__mutmut_32	survived	gap	low	cmd_show	human-facing wording (stderr guidance / NOT-sealed note / role annotation / '(no text body)'); tests assert only substrings like '--raw', 'NOT sealed'
agentbus_client.cli._read.x_cmd_show__mutmut_35	survived	gap	high	cmd_show	_bus(None) crashes on every real call; tests patch _bus with an arg-ignoring lambda, no subprocess test for show
agentbus_client.cli._read.x_cmd_show__mutmut_4	survived	equivalent	-	cmd_show	getattr default for 'raw' unreachable: show is only dispatched via the click verb, whose namespace_for() always sets raw (is_flag, default False); and None vs False is only consumed by truthiness (bus.read raw=)
agentbus_client.cli._read.x_cmd_show__mutmut_44	survived	equivalent	-	cmd_show	getattr default for 'thread' unreachable: the click verb (_cmds_read.py --thread/--all is_flag) always populates args.thread via namespace_for(); no other caller of cmd_show in src
agentbus_client.cli._read.x_cmd_show__mutmut_47	survived	equivalent	-	cmd_show	getattr default for 'thread' unreachable: the click verb (_cmds_read.py --thread/--all is_flag) always populates args.thread via namespace_for(); no other caller of cmd_show in src
agentbus_client.cli._read.x_cmd_show__mutmut_50	survived	equivalent	-	cmd_show	getattr default for 'thread' unreachable: the click verb (_cmds_read.py --thread/--all is_flag) always populates args.thread via namespace_for(); no other caller of cmd_show in src
agentbus_client.cli._read.x_cmd_show__mutmut_53	survived	gap	low	cmd_show	stderr message replaced by 'None' or a blank line
agentbus_client.cli._read.x_cmd_show__mutmut_54	survived	gap	medium	cmd_show	error message goes to stdout instead of stderr (pollutes --json / --raw pipes); untested
agentbus_client.cli._read.x_cmd_show__mutmut_55	survived	gap	low	cmd_show	stderr message replaced by 'None' or a blank line
agentbus_client.cli._read.x_cmd_show__mutmut_56	survived	gap	medium	cmd_show	error message goes to stdout instead of stderr (pollutes --json / --raw pipes); untested
agentbus_client.cli._read.x_cmd_show__mutmut_57	survived	gap	low	cmd_show	human-facing wording (stderr guidance / NOT-sealed note / role annotation / '(no text body)'); tests assert only substrings like '--raw', 'NOT sealed'
agentbus_client.cli._read.x_cmd_show__mutmut_58	survived	gap	low	cmd_show	human-facing wording (stderr guidance / NOT-sealed note / role annotation / '(no text body)'); tests assert only substrings like '--raw', 'NOT sealed'
agentbus_client.cli._read.x_cmd_show__mutmut_59	survived	gap	low	cmd_show	human-facing wording (stderr guidance / NOT-sealed note / role annotation / '(no text body)'); tests assert only substrings like '--raw', 'NOT sealed'
agentbus_client.cli._read.x_cmd_show__mutmut_60	survived	gap	low	cmd_show	human-facing wording (stderr guidance / NOT-sealed note / role annotation / '(no text body)'); tests assert only substrings like '--raw', 'NOT sealed'
agentbus_client.cli._read.x_cmd_show__mutmut_61	survived	gap	low	cmd_show	human-facing wording (stderr guidance / NOT-sealed note / role annotation / '(no text body)'); tests assert only substrings like '--raw', 'NOT sealed'
agentbus_client.cli._read.x_cmd_show__mutmut_62	survived	gap	low	cmd_show	human-facing wording (stderr guidance / NOT-sealed note / role annotation / '(no text body)'); tests assert only substrings like '--raw', 'NOT sealed'
agentbus_client.cli._read.x_cmd_show__mutmut_67	survived	gap	high	cmd_show	--json output (thread-id fallback / --raw --json / --thread --json / plain --json) becomes null, non-JSON, or a TypeError crash; no test asserts the JSON emitted on these paths
agentbus_client.cli._read.x_cmd_show__mutmut_68	survived	gap	high	cmd_show	--json output (thread-id fallback / --raw --json / --thread --json / plain --json) becomes null, non-JSON, or a TypeError crash; no test asserts the JSON emitted on these paths
agentbus_client.cli._read.x_cmd_show__mutmut_69	survived	gap	high	cmd_show	--json output (thread-id fallback / --raw --json / --thread --json / plain --json) becomes null, non-JSON, or a TypeError crash; no test asserts the JSON emitted on these paths
agentbus_client.cli._read.x_cmd_show__mutmut_70	survived	gap	high	cmd_show	--json output (thread-id fallback / --raw --json / --thread --json / plain --json) becomes null, non-JSON, or a TypeError crash; no test asserts the JSON emitted on these paths
agentbus_client.cli._read.x_cmd_show__mutmut_71	survived	gap	high	cmd_show	--json output (thread-id fallback / --raw --json / --thread --json / plain --json) becomes null, non-JSON, or a TypeError crash; no test asserts the JSON emitted on these paths
agentbus_client.cli._read.x_cmd_show__mutmut_72	survived	gap	high	cmd_show	--json success exits 1; untested
agentbus_client.cli._read.x_cmd_show__mutmut_80	survived	gap	low	cmd_show	stderr message replaced by 'None' or a blank line
agentbus_client.cli._read.x_cmd_show__mutmut_81	survived	gap	medium	cmd_show	error message goes to stdout instead of stderr (pollutes --json / --raw pipes); untested
agentbus_client.cli._read.x_cmd_show__mutmut_82	survived	gap	low	cmd_show	stderr message replaced by 'None' or a blank line
agentbus_client.cli._read.x_cmd_show__mutmut_83	survived	gap	medium	cmd_show	error message goes to stdout instead of stderr (pollutes --json / --raw pipes); untested
agentbus_client.cli._read.x_cmd_show__mutmut_84	survived	gap	low	cmd_show	human-facing wording (stderr guidance / NOT-sealed note / role annotation / '(no text body)'); tests assert only substrings like '--raw', 'NOT sealed'
agentbus_client.cli._read.x_cmd_show__mutmut_85	survived	gap	low	cmd_show	human-facing wording (stderr guidance / NOT-sealed note / role annotation / '(no text body)'); tests assert only substrings like '--raw', 'NOT sealed'
agentbus_client.cli._read.x_cmd_show__mutmut_86	survived	gap	medium	cmd_show	missing text body under --raw exits 2 instead of 1; no test for a body-less delivery
agentbus_client.cli._read.x_cmd_show__mutmut_87	survived	gap	high	cmd_show	--json output (thread-id fallback / --raw --json / --thread --json / plain --json) becomes null, non-JSON, or a TypeError crash; no test asserts the JSON emitted on these paths
agentbus_client.cli._read.x_cmd_show__mutmut_88	survived	gap	high	cmd_show	--json output (thread-id fallback / --raw --json / --thread --json / plain --json) becomes null, non-JSON, or a TypeError crash; no test asserts the JSON emitted on these paths
agentbus_client.cli._read.x_cmd_show__mutmut_89	survived	gap	high	cmd_show	--json output (thread-id fallback / --raw --json / --thread --json / plain --json) becomes null, non-JSON, or a TypeError crash; no test asserts the JSON emitted on these paths
agentbus_client.cli._read.x_cmd_show__mutmut_90	survived	gap	high	cmd_show	--json output (thread-id fallback / --raw --json / --thread --json / plain --json) becomes null, non-JSON, or a TypeError crash; no test asserts the JSON emitted on these paths
agentbus_client.cli._read.x_cmd_show__mutmut_91	survived	gap	high	cmd_show	--json output (thread-id fallback / --raw --json / --thread --json / plain --json) becomes null, non-JSON, or a TypeError crash; no test asserts the JSON emitted on these paths
agentbus_client.cli._read.x_cmd_show__mutmut_92	survived	gap	high	cmd_show	--json success exits 1; untested
agentbus_client.cli._sigline.x__blockers__mutmut_12	survived	gap	low	cli._sigline._blockers	blocker phrase wording in the 'Signed: no' explanation; human-facing only.
agentbus_client.cli._sigline.x__blockers__mutmut_20	survived	gap	low	cli._sigline._blockers	blocker phrase wording in the 'Signed: no' explanation; human-facing only.
agentbus_client.cli._sigline.x__source__mutmut_24	survived	gap	high	cli._sigline._source	flat wire field name 'signature' no longer recognised: a delivery that serves `signature` without `signature_state` (and no provenance block) renders 'Signed: UNKNOWN' / thread line None instead of 'attached, no verdict' or 'no' - verdict mis-rendering against the server's field contract.
agentbus_client.cli._sigline.x__source__mutmut_25	survived	gap	high	cli._sigline._source	flat wire field name 'signature' no longer recognised: a delivery that serves `signature` without `signature_state` (and no provenance block) renders 'Signed: UNKNOWN' / thread line None instead of 'attached, no verdict' or 'no' - verdict mis-rendering against the server's field contract.
agentbus_client.cli._sigline.x__source__mutmut_44	survived	equivalent	-	cli._sigline._source	the `signed` slot is only read after `served` is True; every caller (signature_lines, thread_signature_line, thread_signature_caveat) returns/branches on served=False first, so it is never observed.
agentbus_client.cli._sigline.x_notice_fragment__mutmut_10	survived	gap	low	cli._sigline.notice_fragment	wake-notice wording/case; verdict word (VALID / NOT a failed signature) retained, branch unchanged.
agentbus_client.cli._sigline.x_notice_fragment__mutmut_11	survived	gap	low	cli._sigline.notice_fragment	upper-cases the `agentbus verify-sender` command in the notice, so the advised command is not runnable verbatim; still notice wording only.
agentbus_client.cli._sigline.x_notice_fragment__mutmut_15	survived	gap	low	cli._sigline.notice_fragment	wake-notice wording/case; verdict word (VALID / NOT a failed signature) retained, branch unchanged.
agentbus_client.cli._sigline.x_notice_fragment__mutmut_16	survived	gap	low	cli._sigline.notice_fragment	wake-notice wording/case; verdict word (VALID / NOT a failed signature) retained, branch unchanged.
agentbus_client.cli._sigline.x_notice_fragment__mutmut_17	survived	gap	low	cli._sigline.notice_fragment	wake-notice wording/case; verdict word (VALID / NOT a failed signature) retained, branch unchanged.
agentbus_client.cli._sigline.x_notice_fragment__mutmut_18	survived	gap	low	cli._sigline.notice_fragment	wake-notice wording/case; verdict word (VALID / NOT a failed signature) retained, branch unchanged.
agentbus_client.cli._sigline.x_notice_fragment__mutmut_19	survived	gap	low	cli._sigline.notice_fragment	wake-notice wording/case; verdict word (VALID / NOT a failed signature) retained, branch unchanged.
agentbus_client.cli._sigline.x_notice_fragment__mutmut_20	survived	gap	low	cli._sigline.notice_fragment	wake-notice wording/case; verdict word (VALID / NOT a failed signature) retained, branch unchanged.
agentbus_client.cli._sigline.x_notice_fragment__mutmut_21	survived	gap	low	cli._sigline.notice_fragment	wake-notice wording/case; verdict word (VALID / NOT a failed signature) retained, branch unchanged.
agentbus_client.cli._sigline.x_notice_fragment__mutmut_22	survived	gap	low	cli._sigline.notice_fragment	upper-cases the `agentbus verify-sender` command in the notice, so the advised command is not runnable verbatim; still notice wording only.
agentbus_client.cli._sigline.x_notice_fragment__mutmut_23	survived	gap	low	cli._sigline.notice_fragment	wake-notice wording/case; verdict word (VALID / NOT a failed signature) retained, branch unchanged.
agentbus_client.cli._sigline.x_notice_fragment__mutmut_24	survived	gap	low	cli._sigline.notice_fragment	wake-notice wording/case; verdict word (VALID / NOT a failed signature) retained, branch unchanged.
agentbus_client.cli._sigline.x_notice_fragment__mutmut_4	survived	gap	low	cli._sigline.notice_fragment	wake-notice wording/case; verdict word (VALID / NOT a failed signature) retained, branch unchanged.
agentbus_client.cli._sigline.x_notice_fragment__mutmut_5	survived	gap	low	cli._sigline.notice_fragment	wake-notice wording/case; verdict word (VALID / NOT a failed signature) retained, branch unchanged.
agentbus_client.cli._sigline.x_notice_fragment__mutmut_6	survived	gap	low	cli._sigline.notice_fragment	wake-notice wording/case; verdict word (VALID / NOT a failed signature) retained, branch unchanged.
agentbus_client.cli._sigline.x_notice_fragment__mutmut_7	survived	gap	low	cli._sigline.notice_fragment	wake-notice wording/case; verdict word (VALID / NOT a failed signature) retained, branch unchanged.
agentbus_client.cli._sigline.x_signature_lines__mutmut_11	survived	gap	medium	cli._sigline.signature_lines	first (verdict-bearing) line of the UNKNOWN / unsigned block altered ('XXSigned:' prefix or 'SIGNED:' upper-case) - verdict word kept, but the 'Signed:' label a reader or script greps for is broken. Tests match substrings only.
agentbus_client.cli._sigline.x_signature_lines__mutmut_12	survived	gap	low	cli._sigline.signature_lines	continuation/caveat line wording or case; the verdict word and branch are unchanged. Human-facing only.
agentbus_client.cli._sigline.x_signature_lines__mutmut_13	survived	gap	low	cli._sigline.signature_lines	continuation/caveat line wording or case; the verdict word and branch are unchanged. Human-facing only.
agentbus_client.cli._sigline.x_signature_lines__mutmut_19	survived	gap	low	cli._sigline.signature_lines	continuation/caveat line wording or case; the verdict word and branch are unchanged. Human-facing only.
agentbus_client.cli._sigline.x_signature_lines__mutmut_20	survived	gap	low	cli._sigline.signature_lines	continuation/caveat line wording or case; the verdict word and branch are unchanged. Human-facing only.
agentbus_client.cli._sigline.x_signature_lines__mutmut_21	survived	gap	low	cli._sigline.signature_lines	continuation/caveat line wording or case; the verdict word and branch are unchanged. Human-facing only.
agentbus_client.cli._sigline.x_signature_lines__mutmut_26	survived	gap	low	cli._sigline.signature_lines	continuation/caveat line wording or case; the verdict word and branch are unchanged. Human-facing only.
agentbus_client.cli._sigline.x_signature_lines__mutmut_27	survived	gap	low	cli._sigline.signature_lines	continuation/caveat line wording or case; the verdict word and branch are unchanged. Human-facing only.
agentbus_client.cli._sigline.x_signature_lines__mutmut_28	survived	gap	low	cli._sigline.signature_lines	continuation/caveat line wording or case; the verdict word and branch are unchanged. Human-facing only.
agentbus_client.cli._sigline.x_signature_lines__mutmut_30	survived	gap	low	cli._sigline.signature_lines	continuation/caveat line wording or case; the verdict word and branch are unchanged. Human-facing only.
agentbus_client.cli._sigline.x_signature_lines__mutmut_33	survived	gap	low	cli._sigline.signature_lines	continuation/caveat line wording or case; the verdict word and branch are unchanged. Human-facing only.
agentbus_client.cli._sigline.x_signature_lines__mutmut_38	survived	gap	low	cli._sigline.signature_lines	continuation/caveat line wording or case; the verdict word and branch are unchanged. Human-facing only.
agentbus_client.cli._sigline.x_signature_lines__mutmut_39	survived	gap	low	cli._sigline.signature_lines	continuation/caveat line wording or case; the verdict word and branch are unchanged. Human-facing only.
agentbus_client.cli._sigline.x_signature_lines__mutmut_40	survived	gap	low	cli._sigline.signature_lines	continuation/caveat line wording or case; the verdict word and branch are unchanged. Human-facing only.
agentbus_client.cli._sigline.x_signature_lines__mutmut_41	survived	gap	low	cli._sigline.signature_lines	continuation/caveat line wording or case; the verdict word and branch are unchanged. Human-facing only.
agentbus_client.cli._sigline.x_signature_lines__mutmut_42	survived	gap	low	cli._sigline.signature_lines	continuation/caveat line wording or case; the verdict word and branch are unchanged. Human-facing only.
agentbus_client.cli._sigline.x_signature_lines__mutmut_43	survived	gap	low	cli._sigline.signature_lines	continuation/caveat line wording or case; the verdict word and branch are unchanged. Human-facing only.
agentbus_client.cli._sigline.x_signature_lines__mutmut_45	survived	gap	low	cli._sigline.signature_lines	continuation/caveat line wording or case; the verdict word and branch are unchanged. Human-facing only.
agentbus_client.cli._sigline.x_signature_lines__mutmut_46	survived	gap	low	cli._sigline.signature_lines	continuation/caveat line wording or case; the verdict word and branch are unchanged. Human-facing only.
agentbus_client.cli._sigline.x_signature_lines__mutmut_47	survived	gap	medium	cli._sigline.signature_lines	first (verdict-bearing) line of the UNKNOWN / unsigned block altered ('XXSigned:' prefix or 'SIGNED:' upper-case) - verdict word kept, but the 'Signed:' label a reader or script greps for is broken. Tests match substrings only.
agentbus_client.cli._sigline.x_signature_lines__mutmut_50	survived	gap	low	cli._sigline.signature_lines	continuation/caveat line wording or case; the verdict word and branch are unchanged. Human-facing only.
agentbus_client.cli._sigline.x_signature_lines__mutmut_6	survived	gap	low	cli._sigline.signature_lines	prints ' (key None)' when no fingerprint is served; verdict unchanged, but the evidence line names a fake key.
agentbus_client.cli._sigline.x_signature_lines__mutmut_7	survived	gap	low	cli._sigline.signature_lines	prints 'XXXX' in place of an absent key suffix; wording only.
agentbus_client.cli._sigline.x_signature_lines__mutmut_9	survived	gap	medium	cli._sigline.signature_lines	first (verdict-bearing) line of the UNKNOWN / unsigned block altered ('XXSigned:' prefix or 'SIGNED:' upper-case) - verdict word kept, but the 'Signed:' label a reader or script greps for is broken. Tests match substrings only.
agentbus_client.cli._sigline.x_thread_signature_caveat__mutmut_3	survived	gap	medium	cli._sigline.thread_signature_caveat	caveat keyed on `signed` not `served`: a thread whose messages ARE served but all unsigned also prints 'signature state is not served per message in this view', contradicting its own per-message lines. No false pass.
agentbus_client.cli._sigline.x_thread_signature_line__mutmut_10	survived	gap	low	cli._sigline.thread_signature_line	'VALID key None' when no fingerprint; verdict unchanged, cites a fake key.
agentbus_client.cli._sigline.x_thread_signature_line__mutmut_11	survived	gap	low	cli._sigline.thread_signature_line	thread line wording/case only; branch and verdict unchanged (tests lower-case before matching).
agentbus_client.cli._sigline.x_thread_signature_line__mutmut_16	survived	gap	low	cli._sigline.thread_signature_line	thread line wording/case only; branch and verdict unchanged (tests lower-case before matching).
agentbus_client.cli._sigline.x_thread_signature_line__mutmut_17	survived	gap	low	cli._sigline.thread_signature_line	thread line wording/case only; branch and verdict unchanged (tests lower-case before matching).
agentbus_client.cli._sigline.x_thread_signature_line__mutmut_19	survived	gap	low	cli._sigline.thread_signature_line	thread line wording/case only; branch and verdict unchanged (tests lower-case before matching).
agentbus_client.cli._sigline.x_thread_signature_line__mutmut_21	survived	gap	low	cli._sigline.thread_signature_line	thread line wording/case only; branch and verdict unchanged (tests lower-case before matching).
agentbus_client.client._reply_guard.x__refuse_self_reply__mutmut_20	survived	gap	medium	_refuse_self_reply	SelfReplyError detail becomes None -> CLI prints 'refused: None', str(exc)=='None'; the explanation and remedy vanish. No test asserts exc.detail content.
agentbus_client.client._reply_guard.x__refuse_self_reply__mutmut_23	survived	gap	high	_refuse_self_reply	Structured error body {'to','cc'} lost or keys renamed -> SDK/MCP callers reading exc.body see {} or wrong keys (data contract). Guard still raises; no test asserts exc.body.
agentbus_client.client._reply_guard.x__refuse_self_reply__mutmut_27	survived	gap	high	_refuse_self_reply	Structured error body {'to','cc'} lost or keys renamed -> SDK/MCP callers reading exc.body see {} or wrong keys (data contract). Guard still raises; no test asserts exc.body.
agentbus_client.client._reply_guard.x__refuse_self_reply__mutmut_28	survived	gap	low	_refuse_self_reply	Human-facing SelfReplyError wording only; no test asserts the detail text.
agentbus_client.client._reply_guard.x__refuse_self_reply__mutmut_29	survived	gap	low	_refuse_self_reply	Human-facing SelfReplyError wording only; no test asserts the detail text.
agentbus_client.client._reply_guard.x__refuse_self_reply__mutmut_30	survived	gap	low	_refuse_self_reply	Human-facing SelfReplyError wording only; no test asserts the detail text.
agentbus_client.client._reply_guard.x__refuse_self_reply__mutmut_31	survived	gap	low	_refuse_self_reply	Human-facing SelfReplyError wording only; no test asserts the detail text.
agentbus_client.client._reply_guard.x__refuse_self_reply__mutmut_32	survived	gap	low	_refuse_self_reply	Human-facing SelfReplyError wording only; no test asserts the detail text.
agentbus_client.client._reply_guard.x__refuse_self_reply__mutmut_33	survived	gap	low	_refuse_self_reply	Human-facing SelfReplyError wording only; no test asserts the detail text.
agentbus_client.client._reply_guard.x__refuse_self_reply__mutmut_34	survived	gap	low	_refuse_self_reply	Human-facing SelfReplyError wording only; no test asserts the detail text.
agentbus_client.client._reply_guard.x__refuse_self_reply__mutmut_35	survived	gap	low	_refuse_self_reply	Human-facing SelfReplyError wording only; no test asserts the detail text.
agentbus_client.client._reply_guard.x__refuse_self_reply__mutmut_36	survived	gap	high	_refuse_self_reply	Structured error body {'to','cc'} lost or keys renamed -> SDK/MCP callers reading exc.body see {} or wrong keys (data contract). Guard still raises; no test asserts exc.body.
agentbus_client.client._reply_guard.x__refuse_self_reply__mutmut_37	survived	gap	high	_refuse_self_reply	Structured error body {'to','cc'} lost or keys renamed -> SDK/MCP callers reading exc.body see {} or wrong keys (data contract). Guard still raises; no test asserts exc.body.
agentbus_client.client._reply_guard.x__refuse_self_reply__mutmut_38	survived	gap	high	_refuse_self_reply	Structured error body {'to','cc'} lost or keys renamed -> SDK/MCP callers reading exc.body see {} or wrong keys (data contract). Guard still raises; no test asserts exc.body.
agentbus_client.client._reply_guard.x__refuse_self_reply__mutmut_39	survived	gap	high	_refuse_self_reply	Structured error body {'to','cc'} lost or keys renamed -> SDK/MCP callers reading exc.body see {} or wrong keys (data contract). Guard still raises; no test asserts exc.body.
agentbus_client.client.attachments.x__encode_attachments__mutmut_11	survived	gap	low	_encode_attachments	Message-only: the 'effective encrypted limit' figure becomes server_limit*1.8 (~18.9 MB) instead of /1.8 - wrong planning number in the error text. No test asserts it.
agentbus_client.client.attachments.x__encode_attachments__mutmut_14	survived	gap	low	_encode_attachments	Human-facing error message arithmetic/wording only (MiB/MB figures or prose); env-var names still present as substrings. Tests check only substrings like the filename and env-var name.
agentbus_client.client.attachments.x__encode_attachments__mutmut_15	survived	gap	low	_encode_attachments	Human-facing error message arithmetic/wording only (MiB/MB figures or prose); env-var names still present as substrings. Tests check only substrings like the filename and env-var name.
agentbus_client.client.attachments.x__encode_attachments__mutmut_16	survived	gap	low	_encode_attachments	Human-facing error message arithmetic/wording only (MiB/MB figures or prose); env-var names still present as substrings. Tests check only substrings like the filename and env-var name.
agentbus_client.client.attachments.x__encode_attachments__mutmut_17	survived	gap	low	_encode_attachments	Human-facing error message arithmetic/wording only (MiB/MB figures or prose); env-var names still present as substrings. Tests check only substrings like the filename and env-var name.
agentbus_client.client.attachments.x__encode_attachments__mutmut_18	survived	gap	low	_encode_attachments	Human-facing error message arithmetic/wording only (MiB/MB figures or prose); env-var names still present as substrings. Tests check only substrings like the filename and env-var name.
agentbus_client.client.attachments.x__encode_attachments__mutmut_19	survived	gap	low	_encode_attachments	Human-facing error message arithmetic/wording only (MiB/MB figures or prose); env-var names still present as substrings. Tests check only substrings like the filename and env-var name.
agentbus_client.client.attachments.x__encode_attachments__mutmut_20	survived	gap	low	_encode_attachments	Human-facing error message arithmetic/wording only (MiB/MB figures or prose); env-var names still present as substrings. Tests check only substrings like the filename and env-var name.
agentbus_client.client.attachments.x__encode_attachments__mutmut_21	survived	gap	low	_encode_attachments	Human-facing error message arithmetic/wording only (MiB/MB figures or prose); env-var names still present as substrings. Tests check only substrings like the filename and env-var name.
agentbus_client.client.attachments.x__encode_attachments__mutmut_22	survived	gap	low	_encode_attachments	Human-facing error message arithmetic/wording only (MiB/MB figures or prose); env-var names still present as substrings. Tests check only substrings like the filename and env-var name.
agentbus_client.client.attachments.x__encode_attachments__mutmut_23	survived	gap	low	_encode_attachments	Human-facing error message arithmetic/wording only (MiB/MB figures or prose); env-var names still present as substrings. Tests check only substrings like the filename and env-var name.
agentbus_client.client.attachments.x__encode_attachments__mutmut_25	survived	gap	low	_encode_attachments	Human-facing error message arithmetic/wording only (MiB/MB figures or prose); env-var names still present as substrings. Tests check only substrings like the filename and env-var name.
agentbus_client.client.attachments.x__encode_attachments__mutmut_26	survived	gap	low	_encode_attachments	Human-facing error message arithmetic/wording only (MiB/MB figures or prose); env-var names still present as substrings. Tests check only substrings like the filename and env-var name.
agentbus_client.client.attachments.x__encode_attachments__mutmut_27	survived	gap	low	_encode_attachments	Human-facing error message arithmetic/wording only (MiB/MB figures or prose); env-var names still present as substrings. Tests check only substrings like the filename and env-var name.
agentbus_client.client.attachments.x__encode_attachments__mutmut_28	survived	gap	low	_encode_attachments	Human-facing error message arithmetic/wording only (MiB/MB figures or prose); env-var names still present as substrings. Tests check only substrings like the filename and env-var name.
agentbus_client.client.attachments.x__encode_attachments__mutmut_29	survived	gap	low	_encode_attachments	Human-facing error message arithmetic/wording only (MiB/MB figures or prose); env-var names still present as substrings. Tests check only substrings like the filename and env-var name.
agentbus_client.client.attachments.x__encode_attachments__mutmut_30	survived	gap	low	_encode_attachments	Human-facing error message arithmetic/wording only (MiB/MB figures or prose); env-var names still present as substrings. Tests check only substrings like the filename and env-var name.
agentbus_client.client.attachments.x__encode_attachments__mutmut_31	survived	gap	low	_encode_attachments	Human-facing error message arithmetic/wording only (MiB/MB figures or prose); env-var names still present as substrings. Tests check only substrings like the filename and env-var name.
agentbus_client.client.attachments.x__encode_attachments__mutmut_32	survived	gap	low	_encode_attachments	Human-facing error message arithmetic/wording only (MiB/MB figures or prose); env-var names still present as substrings. Tests check only substrings like the filename and env-var name.
agentbus_client.client.attachments.x__encode_attachments__mutmut_33	survived	gap	low	_encode_attachments	Human-facing error message arithmetic/wording only (MiB/MB figures or prose); env-var names still present as substrings. Tests check only substrings like the filename and env-var name.
agentbus_client.client.attachments.x__encode_attachments__mutmut_34	survived	gap	low	_encode_attachments	Human-facing error message arithmetic/wording only (MiB/MB figures or prose); env-var names still present as substrings. Tests check only substrings like the filename and env-var name.
agentbus_client.client.attachments.x__encode_attachments__mutmut_35	survived	gap	low	_encode_attachments	Human-facing error message arithmetic/wording only (MiB/MB figures or prose); env-var names still present as substrings. Tests check only substrings like the filename and env-var name.
agentbus_client.client.attachments.x__encode_attachments__mutmut_36	survived	gap	medium	_encode_attachments	Boundary '>' -> '>=' refuses a file of exactly the cap size; server (services/attachments.py: len(data) > max) accepts it, so the original is correct. No exact-boundary test (stricter, not a cap bypass).
agentbus_client.client.attachments.x__encode_attachments__mutmut_39	survived	gap	low	_encode_attachments	Human-facing error message arithmetic/wording only (MiB/MB figures or prose); env-var names still present as substrings. Tests check only substrings like the filename and env-var name.
agentbus_client.client.attachments.x__encode_attachments__mutmut_40	survived	gap	low	_encode_attachments	Human-facing error message arithmetic/wording only (MiB/MB figures or prose); env-var names still present as substrings. Tests check only substrings like the filename and env-var name.
agentbus_client.client.attachments.x__encode_attachments__mutmut_41	survived	gap	low	_encode_attachments	Human-facing error message arithmetic/wording only (MiB/MB figures or prose); env-var names still present as substrings. Tests check only substrings like the filename and env-var name.
agentbus_client.client.attachments.x__encode_attachments__mutmut_42	survived	gap	low	_encode_attachments	Human-facing error message arithmetic/wording only (MiB/MB figures or prose); env-var names still present as substrings. Tests check only substrings like the filename and env-var name.
agentbus_client.client.attachments.x__encode_attachments__mutmut_43	survived	gap	low	_encode_attachments	Human-facing error message arithmetic/wording only (MiB/MB figures or prose); env-var names still present as substrings. Tests check only substrings like the filename and env-var name.
agentbus_client.client.attachments.x__encode_attachments__mutmut_44	survived	gap	low	_encode_attachments	Human-facing error message arithmetic/wording only (MiB/MB figures or prose); env-var names still present as substrings. Tests check only substrings like the filename and env-var name.
agentbus_client.client.attachments.x__encode_attachments__mutmut_45	survived	gap	low	_encode_attachments	Human-facing error message arithmetic/wording only (MiB/MB figures or prose); env-var names still present as substrings. Tests check only substrings like the filename and env-var name.
agentbus_client.client.attachments.x__encode_attachments__mutmut_46	survived	gap	low	_encode_attachments	Human-facing error message arithmetic/wording only (MiB/MB figures or prose); env-var names still present as substrings. Tests check only substrings like the filename and env-var name.
agentbus_client.client.attachments.x__encode_attachments__mutmut_47	survived	gap	low	_encode_attachments	Human-facing error message arithmetic/wording only (MiB/MB figures or prose); env-var names still present as substrings. Tests check only substrings like the filename and env-var name.
agentbus_client.client.attachments.x__encode_attachments__mutmut_48	survived	gap	low	_encode_attachments	Human-facing error message arithmetic/wording only (MiB/MB figures or prose); env-var names still present as substrings. Tests check only substrings like the filename and env-var name.
agentbus_client.client.attachments.x__encode_attachments__mutmut_49	survived	gap	low	_encode_attachments	Human-facing error message arithmetic/wording only (MiB/MB figures or prose); env-var names still present as substrings. Tests check only substrings like the filename and env-var name.
agentbus_client.client.attachments.x__encode_attachments__mutmut_50	survived	gap	low	_encode_attachments	Human-facing error message arithmetic/wording only (MiB/MB figures or prose); env-var names still present as substrings. Tests check only substrings like the filename and env-var name.
agentbus_client.client.attachments.x__encode_attachments__mutmut_51	survived	gap	low	_encode_attachments	Human-facing error message arithmetic/wording only (MiB/MB figures or prose); env-var names still present as substrings. Tests check only substrings like the filename and env-var name.
agentbus_client.client.attachments.x__encode_attachments__mutmut_52	survived	gap	low	_encode_attachments	Human-facing error message arithmetic/wording only (MiB/MB figures or prose); env-var names still present as substrings. Tests check only substrings like the filename and env-var name.
agentbus_client.client.attachments.x__encode_attachments__mutmut_54	survived	gap	low	_encode_attachments	Human-facing error message arithmetic/wording only (MiB/MB figures or prose); env-var names still present as substrings. Tests check only substrings like the filename and env-var name.
agentbus_client.client.attachments.x__encode_attachments__mutmut_55	survived	gap	low	_encode_attachments	Human-facing error message arithmetic/wording only (MiB/MB figures or prose); env-var names still present as substrings. Tests check only substrings like the filename and env-var name.
agentbus_client.client.attachments.x__encode_attachments__mutmut_56	survived	gap	low	_encode_attachments	Human-facing error message arithmetic/wording only (MiB/MB figures or prose); env-var names still present as substrings. Tests check only substrings like the filename and env-var name.
agentbus_client.client.attachments.x__encode_attachments__mutmut_57	survived	gap	low	_encode_attachments	Human-facing error message arithmetic/wording only (MiB/MB figures or prose); env-var names still present as substrings. Tests check only substrings like the filename and env-var name.
agentbus_client.client.attachments.x__encode_attachments__mutmut_58	survived	gap	low	_encode_attachments	Human-facing error message arithmetic/wording only (MiB/MB figures or prose); env-var names still present as substrings. Tests check only substrings like the filename and env-var name.
agentbus_client.client.attachments.x__encode_attachments__mutmut_59	survived	gap	low	_encode_attachments	Human-facing error message arithmetic/wording only (MiB/MB figures or prose); env-var names still present as substrings. Tests check only substrings like the filename and env-var name.
agentbus_client.client.attachments.x__encode_attachments__mutmut_76	survived	gap	high	_encode_attachments	Wire JSON key 'content_type' renamed -> server never receives the declared type (sealed path also forwards the bogus key). Tests assert filename and content_base64 only.
agentbus_client.client.attachments.x__encode_attachments__mutmut_77	survived	gap	high	_encode_attachments	Wire JSON key 'content_type' renamed -> server never receives the declared type (sealed path also forwards the bogus key). Tests assert filename and content_base64 only.
agentbus_client.client.attachments.x__encode_attachments__mutmut_78	survived	gap	high	_encode_attachments	'and': known types are declared application/octet-stream and unknown ones None -> wrong content_type on the wire. Untested.
agentbus_client.client.attachments.x__encode_attachments__mutmut_79	survived	gap	high	_encode_attachments	Fallback MIME becomes invalid 'XXapplication/octet-streamXX'; server stores the declared type when it cannot sniff. Untested.
agentbus_client.client.attachments.x__encode_attachments__mutmut_8	survived	gap	medium	_encode_attachments	Boundary '>' -> '>=' refuses a file of exactly the cap size; server (services/attachments.py: len(data) > max) accepts it, so the original is correct. No exact-boundary test (stricter, not a cap bypass).
agentbus_client.client.attachments.x__encode_attachments__mutmut_80	survived	gap	medium	_encode_attachments	Fallback MIME upper-cased; MIME is case-insensitive per RFC 2045 but the wire value changes byte-wise. Untested.
agentbus_client.client.resilience.x__abandon_inflight_on_exit__mutmut_1	no tests	gap	medium	_abandon_inflight_on_exit	pending None: TypeError at shutdown, no in-flight sequence abandoned, clients not closed, executor not cancelled - exit held for the in-flight retry sequence (issuedb #26 regression). Uncovered: _abandon_inflight_on_exit only runs from threading._register_atexit at interpreter shutdown; no test invokes it or asserts exit timing with in-flight sequences
agentbus_client.client.resilience.x__abandon_inflight_on_exit__mutmut_10	no tests	gap	medium	_abandon_inflight_on_exit	wait defaults True: hook JOINS worker threads, exit held hostage by a blocked recv. Uncovered: _abandon_inflight_on_exit only runs from threading._register_atexit at interpreter shutdown; no test invokes it or asserts exit timing with in-flight sequences
agentbus_client.client.resilience.x__abandon_inflight_on_exit__mutmut_11	no tests	gap	medium	_abandon_inflight_on_exit	cancel_futures defaults False: queued work not cancelled at exit. Uncovered: _abandon_inflight_on_exit only runs from threading._register_atexit at interpreter shutdown; no test invokes it or asserts exit timing with in-flight sequences
agentbus_client.client.resilience.x__abandon_inflight_on_exit__mutmut_12	no tests	gap	medium	_abandon_inflight_on_exit	wait=True: hook joins worker threads, exit held hostage. Uncovered: _abandon_inflight_on_exit only runs from threading._register_atexit at interpreter shutdown; no test invokes it or asserts exit timing with in-flight sequences
agentbus_client.client.resilience.x__abandon_inflight_on_exit__mutmut_13	no tests	gap	medium	_abandon_inflight_on_exit	cancel_futures False: queued work not cancelled at exit. Uncovered: _abandon_inflight_on_exit only runs from threading._register_atexit at interpreter shutdown; no test invokes it or asserts exit timing with in-flight sequences
agentbus_client.client.resilience.x__abandon_inflight_on_exit__mutmut_2	no tests	gap	medium	_abandon_inflight_on_exit	list(None): same TypeError at shutdown - nothing abandoned. Uncovered: _abandon_inflight_on_exit only runs from threading._register_atexit at interpreter shutdown; no test invokes it or asserts exit timing with in-flight sequences
agentbus_client.client.resilience.x__abandon_inflight_on_exit__mutmut_3	no tests	gap	medium	_abandon_inflight_on_exit	list(None) for clients: TypeError after flags set - clients not closed, queued work not cancelled. Uncovered: _abandon_inflight_on_exit only runs from threading._register_atexit at interpreter shutdown; no test invokes it or asserts exit timing with in-flight sequences
agentbus_client.client.resilience.x__abandon_inflight_on_exit__mutmut_4	no tests	gap	medium	_abandon_inflight_on_exit	suppress(None): a client.close() exception raises TypeError and aborts the rest of the hook. Uncovered: _abandon_inflight_on_exit only runs from threading._register_atexit at interpreter shutdown; no test invokes it or asserts exit timing with in-flight sequences
agentbus_client.client.resilience.x__abandon_inflight_on_exit__mutmut_5	no tests	gap	medium	_abandon_inflight_on_exit	bulkhead None: queued futures never cancelled at exit. Uncovered: _abandon_inflight_on_exit only runs from threading._register_atexit at interpreter shutdown; no test invokes it or asserts exit timing with in-flight sequences
agentbus_client.client.resilience.x__abandon_inflight_on_exit__mutmut_6	no tests	gap	medium	_abandon_inflight_on_exit	condition inverted: queued futures never cancelled at exit. Uncovered: _abandon_inflight_on_exit only runs from threading._register_atexit at interpreter shutdown; no test invokes it or asserts exit timing with in-flight sequences
agentbus_client.client.resilience.x__abandon_inflight_on_exit__mutmut_7	no tests	gap	medium	_abandon_inflight_on_exit	suppress(None): an executor.shutdown exception escapes the hook. Uncovered: _abandon_inflight_on_exit only runs from threading._register_atexit at interpreter shutdown; no test invokes it or asserts exit timing with in-flight sequences
agentbus_client.client.resilience.x__abandon_inflight_on_exit__mutmut_8	no tests	equivalent	-	_abandon_inflight_on_exit	shutdown(wait=None): ThreadPoolExecutor.shutdown only tests `if wait:`, None is falsy like False; identical
agentbus_client.client.resilience.x__abandon_inflight_on_exit__mutmut_9	no tests	gap	medium	_abandon_inflight_on_exit	cancel_futures None: queued work not cancelled at exit. Uncovered: _abandon_inflight_on_exit only runs from threading._register_atexit at interpreter shutdown; no test invokes it or asserts exit timing with in-flight sequences
agentbus_client.client.resilience.x__async_circuit_breaker__mutmut_10	survived	gap	medium	_async_circuit_breaker	kwarg dropped: class default (5/2/30) used, so AGENTBUS_SDK_CB_FAILURE_LIMIT / _SUCCESS_LIMIT / _COOLDOWN are ignored by the async breaker (A1 says the env limits are SHARED with sync); defaults coincide so no test sees it (isolated rerun: survives)
agentbus_client.client.resilience.x__async_circuit_breaker__mutmut_16	survived	gap	medium	_async_circuit_breaker	env var name changed: AGENTBUS_SDK_CB_COOLDOWN ignored by the async breaker; default 30 coincides so no test sees it (isolated rerun: survives)
agentbus_client.client.resilience.x__async_circuit_breaker__mutmut_17	survived	gap	medium	_async_circuit_breaker	env var name changed: AGENTBUS_SDK_CB_COOLDOWN ignored by the async breaker; default 30 coincides so no test sees it (isolated rerun: survives)
agentbus_client.client.resilience.x__async_circuit_breaker__mutmut_5	survived	gap	high	_async_circuit_breaker	failure_limit None on the production singleton: first failing sequence raises TypeError (None compare) instead of the transport error and the breaker can never open; the only tests that fail sequences install their own breaker via monkeypatch, so the singleton's failure path is never run (isolated rerun: survives)
agentbus_client.client.resilience.x__async_circuit_breaker__mutmut_7	survived	gap	high	_async_circuit_breaker	cooldown None on the production singleton: tripping the breaker raises TypeError (monotonic()+None); never exercised because failure tests replace the singleton (isolated rerun: survives)
agentbus_client.client.resilience.x__async_circuit_breaker__mutmut_8	survived	gap	medium	_async_circuit_breaker	kwarg dropped: class default (5/2/30) used, so AGENTBUS_SDK_CB_FAILURE_LIMIT / _SUCCESS_LIMIT / _COOLDOWN are ignored by the async breaker (A1 says the env limits are SHARED with sync); defaults coincide so no test sees it (isolated rerun: survives)
agentbus_client.client.resilience.x__async_circuit_breaker__mutmut_9	survived	gap	medium	_async_circuit_breaker	kwarg dropped: class default (5/2/30) used, so AGENTBUS_SDK_CB_FAILURE_LIMIT / _SUCCESS_LIMIT / _COOLDOWN are ignored by the async breaker (A1 says the env limits are SHARED with sync); defaults coincide so no test sees it (isolated rerun: survives)
agentbus_client.client.resilience.x__breaker_should_handle__mutmut_1	survived	gap	high	breaker_should_handle	VIOLATES durable spec resilience_breaker_classifier: classifier evaluates None -> every outcome marked success, breaker never opens (probe). Kill: 5 failing TransportError sequences via _request then assert OPEN TransportError
agentbus_client.client.resilience.x__breaker_should_handle__mutmut_2	survived	gap	high	breaker_should_handle	VIOLATES durable spec resilience_breaker_classifier: classifier evaluates None -> every outcome marked success, breaker never opens (probe). Kill: 5 failing TransportError sequences via _request then assert OPEN TransportError
agentbus_client.client.resilience.x__breaker_should_handle__mutmut_3	survived	gap	high	breaker_should_handle	breaker misclassification: abandoned (deadline-fired) sequences no longer count as failures (they are marked SUCCESS), so a stalling bus never opens the breaker. Kill: assert _breaker_should_handle(_Abandoned())
agentbus_client.client.resilience.x__breaker_should_handle__mutmut_4	survived	gap	high	breaker_should_handle	VIOLATES durable spec resilience_breaker_classifier: only _Abandoned counts; exhausted transport/5xx sequences marked success, breaker never opens (probe). Kill: as for _1
agentbus_client.client.resilience.x__cancellable_backoff__mutmut_10	survived	gap	medium	cancellable_backoff	abandoned sequence no longer wakes on its cancel flag: for_attempt returns the delay and the library blind-sleeps (#26), holding the bulkhead slot up to one backoff step (<=8s) past the caller's deadline; probe flag_set_return 0.0->delay. Kill: set _CURRENT_CANCEL.flag to a set Event, assert for_attempt returns 0.0 immediately
agentbus_client.client.resilience.x__cancellable_backoff__mutmut_11	survived	gap	medium	cancellable_backoff	inverted None check: with a flag present (always, inside _wrapped) the library blind-sleeps; without one it raises AttributeError. abandoned sequence no longer wakes on its cancel flag: for_attempt returns the delay and the library blind-sleeps (#26), holding the bulkhead slot up to one backoff step (<=8s) past the caller's deadline
agentbus_client.client.resilience.x__cancellable_backoff__mutmut_13	survived	gap	medium	cancellable_backoff	returns 1.0 after the cancellable wait, so the library adds a blind 1s sleep per retry (also after abandonment); probe slot still busy 0.6s after deadline. Kill: for_attempt with a set flag returns 0.0
agentbus_client.client.resilience.x__cancellable_backoff__mutmut_17	survived	gap	medium	cancellable_backoff	jitter dropped (None): synchronized retry storms across clients; probe jitter None, no spread. Kill: assert _sdk_safety_net().policies[1].backoff.jitter==0.2
agentbus_client.client.resilience.x__cancellable_backoff__mutmut_20	survived	equivalent	-	cancellable_backoff	drops factor kwarg; ExponentialDelay.factor defaults to 2 and the sole caller passes factor=2; probe identical
agentbus_client.client.resilience.x__cancellable_backoff__mutmut_21	survived	gap	medium	cancellable_backoff	jitter dropped (None): synchronized retry storms across clients; probe jitter None, no spread. Kill: assert _sdk_safety_net().policies[1].backoff.jitter==0.2
agentbus_client.client.resilience.x__cancellable_backoff__mutmut_3	survived	gap	medium	cancellable_backoff	abandoned sequence no longer wakes on its cancel flag: for_attempt returns the delay and the library blind-sleeps (#26), holding the bulkhead slot up to one backoff step (<=8s) past the caller's deadline; probe flag_set_return 0.0->delay. Kill: set _CURRENT_CANCEL.flag to a set Event, assert for_attempt returns 0.0 immediately
agentbus_client.client.resilience.x__cancellable_backoff__mutmut_4	survived	gap	medium	cancellable_backoff	abandoned sequence no longer wakes on its cancel flag: for_attempt returns the delay and the library blind-sleeps (#26), holding the bulkhead slot up to one backoff step (<=8s) past the caller's deadline; probe flag_set_return 0.0->delay. Kill: set _CURRENT_CANCEL.flag to a set Event, assert for_attempt returns 0.0 immediately
agentbus_client.client.resilience.x__cancellable_backoff__mutmut_8	survived	equivalent	-	cancellable_backoff	drops getattr default; for_attempt runs only inside guarded() on the worker thread after _wrapped set _CURRENT_CANCEL.flag (reset to None, never deleted), so the attribute always exists; probe identical
agentbus_client.client.resilience.x__cancellable_backoff__mutmut_9	survived	gap	medium	cancellable_backoff	abandoned sequence no longer wakes on its cancel flag: for_attempt returns the delay and the library blind-sleeps (#26), holding the bulkhead slot up to one backoff step (<=8s) past the caller's deadline; probe flag_set_return 0.0->delay. Kill: set _CURRENT_CANCEL.flag to a set Event, assert for_attempt returns 0.0 immediately
agentbus_client.client.resilience.x__cb_window__mutmut_1	survived	gap	high	cb_window	VIOLATES durable spec resilience_breaker_classifier: every n returns Fraction(1,1) (one-slot window); probe: breaker opened after 1 failing sequence instead of 5. Kill: 5 TransportError sequences via AgentBus._request, assert 4 pass through and 5th trips
agentbus_client.client.resilience.x__cb_window__mutmut_10	survived	gap	high	cb_window	VIOLATES durable spec resilience_breaker_classifier: n=2 (the default success limit) returns 1/1 instead of 1/2, so the half-open window is one probe and one failing probe re-opens. Kill: assert _cb_window(2)==Fraction(1,2)
agentbus_client.client.resilience.x__cb_window__mutmut_11	survived	gap	high	cb_window	VIOLATES durable spec resilience_breaker_classifier: n=1 raises TypeError(Fraction(None,1)); with AGENTBUS_SDK_CB_*_LIMIT=1 every SDK call raises a non-AgentBusError TypeError from _sdk_safety_net. Kill: assert _cb_window(1)==Fraction(1,1)
agentbus_client.client.resilience.x__cb_window__mutmut_12	survived	equivalent	-	cb_window	Fraction(1,None), Fraction(1) and Fraction(1,) all equal Fraction(1,1) (denominator defaults to 1); probe output identical for n=1..6
agentbus_client.client.resilience.x__cb_window__mutmut_13	survived	equivalent	-	cb_window	Fraction(1,None), Fraction(1) and Fraction(1,) all equal Fraction(1,1) (denominator defaults to 1); probe output identical for n=1..6
agentbus_client.client.resilience.x__cb_window__mutmut_14	survived	equivalent	-	cb_window	Fraction(1,None), Fraction(1) and Fraction(1,) all equal Fraction(1,1) (denominator defaults to 1); probe output identical for n=1..6
agentbus_client.client.resilience.x__cb_window__mutmut_15	survived	gap	high	cb_window	VIOLATES durable spec resilience_breaker_classifier: n=1 returns 2/1, so with limit 1 the breaker never opens / half-open never closes. Kill: assert _cb_window(1)==Fraction(1,1)
agentbus_client.client.resilience.x__cb_window__mutmut_16	survived	gap	high	cb_window	VIOLATES durable spec resilience_breaker_classifier: n=1 returns 1/2 (two-slot window) instead of 1/1. Kill: assert _cb_window(1)==Fraction(1,1)
agentbus_client.client.resilience.x__cb_window__mutmut_2	survived	gap	high	cb_window	VIOLATES durable spec resilience_breaker_classifier: n=1 returns 0/1 instead of 1/1; with SUCCESS_LIMIT=1 a failing half-open probe CLOSES the breaker (success_rate>=0). Kill: assert _cb_window(1)==Fraction(1,1)
agentbus_client.client.resilience.x__cb_window__mutmut_4	survived	gap	high	cb_window	VIOLATES durable spec resilience_breaker_classifier: Fraction(n-1)=4/1, ratio >1 is unreachable so the sync breaker NEVER opens (probe: 9 failing sequences, no OPEN). Also breaks rewake wake-poll breaker. Kill: assert _cb_window(5)==Fraction(4,5) and breaker opens after 5 failing _request sequences
agentbus_client.client.resilience.x__cb_window__mutmut_5	survived	gap	high	cb_window	VIOLATES durable spec resilience_breaker_classifier: Fraction(n)=5/1, ratio >1 is unreachable so the sync breaker NEVER opens (probe: 9 failing sequences, no OPEN). Also breaks rewake wake-poll breaker. Kill: assert _cb_window(5)==Fraction(4,5) and breaker opens after 5 failing _request sequences
agentbus_client.client.resilience.x__cb_window__mutmut_6	survived	gap	high	cb_window	VIOLATES durable spec resilience_breaker_classifier: Fraction(n-1)=4/1, ratio >1 is unreachable so the sync breaker NEVER opens (probe: 9 failing sequences, no OPEN). Also breaks rewake wake-poll breaker. Kill: assert _cb_window(5)==Fraction(4,5) and breaker opens after 5 failing _request sequences
agentbus_client.client.resilience.x__cb_window__mutmut_7	survived	gap	high	cb_window	VIOLATES durable spec resilience_breaker_classifier: (n+1)/n=6/5, ratio >1 is unreachable so the sync breaker NEVER opens (probe: 9 failing sequences, no OPEN). Also breaks rewake wake-poll breaker. Kill: assert _cb_window(5)==Fraction(4,5) and breaker opens after 5 failing _request sequences
agentbus_client.client.resilience.x__cb_window__mutmut_8	survived	gap	high	cb_window	VIOLATES durable spec resilience_breaker_classifier: (n-2)/n -> failure 3/5 (opens at 3 of 5 mixed outcomes) and success 0/2 (half-open closes after 2 probes even if both fail). Kill: assert _cb_window(5)==Fraction(4,5), _cb_window(2)==Fraction(1,2)
agentbus_client.client.resilience.x__cb_window__mutmut_9	survived	gap	high	cb_window	VIOLATES durable spec resilience_breaker_classifier: n=2 (the default success limit) returns 1/1 instead of 1/2, so the half-open window is one probe and one failing probe re-opens. Kill: assert _cb_window(2)==Fraction(1,2)
agentbus_client.client.resilience.x__daemon_executor__mutmut_1	survived	gap	high	daemon_executor	shape check fails on 3.10-3.13 so the stock ThreadPoolExecutor is used: bulkhead workers are NOT daemon threads -> a worker blocked in socket recv holds interpreter exit for the full read timeout (#26); probe executor type ThreadPoolExecutor, daemon False. Kill: _sdk_bulkhead()._executor runs a task on a thread with daemon==True
agentbus_client.client.resilience.x__daemon_executor__mutmut_10	survived	gap	high	daemon_executor	shape check becomes 'worker is not None': on Python 3.14 (_worker takes 3 args; requires-python >=3.10) daemon workers are started with 4 args and die with TypeError, so every SDK call hangs to its deadline. Same as original on 3.13 (probe identical). Kill: run resilience tests on 3.14, or monkeypatch _cft._worker to a 3-arg function and assert stock executor returned
agentbus_client.client.resilience.x__daemon_executor__mutmut_11	survived	gap	high	daemon_executor	shape check fails on 3.10-3.13 so the stock ThreadPoolExecutor is used: bulkhead workers are NOT daemon threads -> a worker blocked in socket recv holds interpreter exit for the full read timeout (#26); probe executor type ThreadPoolExecutor, daemon False. Kill: _sdk_bulkhead()._executor runs a task on a thread with daemon==True
agentbus_client.client.resilience.x__daemon_executor__mutmut_12	survived	gap	high	daemon_executor	shape check fails on 3.10-3.13 so the stock ThreadPoolExecutor is used: bulkhead workers are NOT daemon threads -> a worker blocked in socket recv holds interpreter exit for the full read timeout (#26); probe executor type ThreadPoolExecutor, daemon False. Kill: _sdk_bulkhead()._executor runs a task on a thread with daemon==True
agentbus_client.client.resilience.x__daemon_executor__mutmut_13	survived	gap	high	daemon_executor	shape check fails on 3.10-3.13 so the stock ThreadPoolExecutor is used: bulkhead workers are NOT daemon threads -> a worker blocked in socket recv holds interpreter exit for the full read timeout (#26); probe executor type ThreadPoolExecutor, daemon False. Kill: _sdk_bulkhead()._executor runs a task on a thread with daemon==True
agentbus_client.client.resilience.x__daemon_executor__mutmut_14	survived	equivalent	-	daemon_executor	except branch unreachable: inspect.signature of the pure-Python _worker never raises TypeError/ValueError; probe identical
agentbus_client.client.resilience.x__daemon_executor__mutmut_15	survived	equivalent	-	daemon_executor	except branch unreachable: inspect.signature of the pure-Python _worker never raises TypeError/ValueError; probe identical
agentbus_client.client.resilience.x__daemon_executor__mutmut_16	survived	gap	high	daemon_executor	shape check fails on 3.10-3.13 so the stock ThreadPoolExecutor is used: bulkhead workers are NOT daemon threads -> a worker blocked in socket recv holds interpreter exit for the full read timeout (#26); probe executor type ThreadPoolExecutor, daemon False. Kill: _sdk_bulkhead()._executor runs a task on a thread with daemon==True
agentbus_client.client.resilience.x__daemon_executor__mutmut_17	survived	gap	high	daemon_executor	fallback branch (taken on Python 3.14) builds the stock executor with default max_workers=min(32,cpu+4), ignoring AGENTBUS_SDK_MAX_CONCURRENT and breaking the 8-slot bulkhead cap. Kill: monkeypatch _cft._worker to a 3-arg fn, assert _daemon_executor(3,'p')._max_workers==3
agentbus_client.client.resilience.x__daemon_executor__mutmut_18	survived	gap	low	daemon_executor	fallback branch only (Python 3.14): worker thread names lose the 'Bulkhead-agentbus-sdk' prefix (diagnostics only)
agentbus_client.client.resilience.x__daemon_executor__mutmut_19	survived	gap	high	daemon_executor	fallback branch (taken on Python 3.14) builds the stock executor with default max_workers=min(32,cpu+4), ignoring AGENTBUS_SDK_MAX_CONCURRENT and breaking the 8-slot bulkhead cap. Kill: monkeypatch _cft._worker to a 3-arg fn, assert _daemon_executor(3,'p')._max_workers==3
agentbus_client.client.resilience.x__daemon_executor__mutmut_2	survived	gap	high	daemon_executor	shape check fails on 3.10-3.13 so the stock ThreadPoolExecutor is used: bulkhead workers are NOT daemon threads -> a worker blocked in socket recv holds interpreter exit for the full read timeout (#26); probe executor type ThreadPoolExecutor, daemon False. Kill: _sdk_bulkhead()._executor runs a task on a thread with daemon==True
agentbus_client.client.resilience.x__daemon_executor__mutmut_20	survived	gap	low	daemon_executor	fallback branch only (Python 3.14): worker thread names lose the 'Bulkhead-agentbus-sdk' prefix (diagnostics only)
agentbus_client.client.resilience.x__daemon_executor__mutmut_22	survived	gap	high	daemon_executor	idle-semaphore acquire waits 1s instead of 0: every submit with no idle worker blocks ~1s under the executor lock BEFORE future.result(timeout) starts, so the deadline is exceeded; probe 5 submits took ~3-6s, deadline returned after <1.5s instead of <0.7s. Kill: time 3 concurrent _run_with_resilience submits, assert < 0.2s
agentbus_client.client.resilience.x__daemon_executor__mutmut_25	survived	gap	high	daemon_executor	bulkhead concurrency cap off by one: max_workers+1 threads (probe peak 4 with cap 3). Kill: N=cap+1 blocking calls through _sdk_bulkhead, assert only cap run concurrently
agentbus_client.client.resilience.x__daemon_executor__mutmut_27	survived	gap	low	daemon_executor	worker thread names become Thread-N (no prefix/index); diagnostics only
agentbus_client.client.resilience.x__daemon_executor__mutmut_30	survived	gap	high	daemon_executor	bulkhead workers are NOT daemon threads -> a worker blocked in socket recv holds interpreter exit for the full read timeout (#26); probe daemon False. Kill: assert worker thread daemon==True
agentbus_client.client.resilience.x__daemon_executor__mutmut_31	survived	gap	low	daemon_executor	worker thread names become Thread-N (no prefix/index); diagnostics only
agentbus_client.client.resilience.x__daemon_executor__mutmut_34	survived	gap	high	daemon_executor	bulkhead workers are NOT daemon threads -> a worker blocked in socket recv holds interpreter exit for the full read timeout (#26); probe daemon False. Kill: assert worker thread daemon==True
agentbus_client.client.resilience.x__daemon_executor__mutmut_36	survived	gap	medium	daemon_executor	worker weakref has no wake callback: when an executor is discarded its idle workers block in queue.get forever (probe: 3 threads leak after gc). Production singleton is never discarded, so only on reset. Kill: drop executor, gc, assert no prefixed threads alive
agentbus_client.client.resilience.x__daemon_executor__mutmut_37	survived	gap	medium	daemon_executor	weakref targets the dying local callback so executor_reference() is always None: idle semaphore never released (no thread reuse) and workers of a discarded executor leak (probe live_after_gc 0->3). Kill: as for _36
agentbus_client.client.resilience.x__daemon_executor__mutmut_38	survived	gap	medium	daemon_executor	worker weakref has no wake callback: when an executor is discarded its idle workers block in queue.get forever (probe: 3 threads leak after gc). Production singleton is never discarded, so only on reset. Kill: drop executor, gc, assert no prefixed threads alive
agentbus_client.client.resilience.x__daemon_executor__mutmut_39	survived	gap	high	daemon_executor	bulkhead workers are NOT daemon threads -> a worker blocked in socket recv holds interpreter exit for the full read timeout (#26); probe daemon False. Kill: assert worker thread daemon==True
agentbus_client.client.resilience.x__daemon_executor__mutmut_40	survived	gap	high	daemon_executor	_threads holds None so its len stays <=1: a new worker is spawned on every busy submit, defeating the bulkhead concurrency cap (probe peak 5 with cap 3) and growing threads unbounded up to queue capacity. Kill: cap+2 blocking calls, assert peak running == cap
agentbus_client.client.resilience.x__daemon_executor__mutmut_41	survived	gap	high	daemon_executor	executor max_workers defaults to min(32,cpu+4): AGENTBUS_SDK_MAX_CONCURRENT ignored and bulkhead cap broken (probe peak 5 with cap 3). Kill: setenv MAX_CONCURRENT=3, assert at most 3 concurrent
agentbus_client.client.resilience.x__daemon_executor__mutmut_42	survived	gap	low	daemon_executor	thread name prefix becomes 'ThreadPoolExecutor-N' instead of Bulkhead-agentbus-sdk; diagnostics only
agentbus_client.client.resilience.x__daemon_executor__mutmut_43	survived	gap	high	daemon_executor	executor max_workers defaults to min(32,cpu+4): AGENTBUS_SDK_MAX_CONCURRENT ignored and bulkhead cap broken (probe peak 5 with cap 3). Kill: setenv MAX_CONCURRENT=3, assert at most 3 concurrent
agentbus_client.client.resilience.x__daemon_executor__mutmut_44	survived	gap	low	daemon_executor	thread name prefix becomes 'ThreadPoolExecutor-N' instead of Bulkhead-agentbus-sdk; diagnostics only
agentbus_client.client.resilience.x__daemon_executor__mutmut_6	survived	equivalent	-	daemon_executor	drops getattr default; concurrent.futures.thread._worker exists on every supported CPython (3.10-3.14), so no AttributeError path; probe identical
agentbus_client.client.resilience.x__daemon_executor__mutmut_7	survived	gap	high	daemon_executor	shape check fails on 3.10-3.13 so the stock ThreadPoolExecutor is used: bulkhead workers are NOT daemon threads -> a worker blocked in socket recv holds interpreter exit for the full read timeout (#26); probe executor type ThreadPoolExecutor, daemon False. Kill: _sdk_bulkhead()._executor runs a task on a thread with daemon==True
agentbus_client.client.resilience.x__daemon_executor__mutmut_8	survived	gap	high	daemon_executor	shape check fails on 3.10-3.13 so the stock ThreadPoolExecutor is used: bulkhead workers are NOT daemon threads -> a worker blocked in socket recv holds interpreter exit for the full read timeout (#26); probe executor type ThreadPoolExecutor, daemon False. Kill: _sdk_bulkhead()._executor runs a task on a thread with daemon==True
agentbus_client.client.resilience.x__daemon_executor__mutmut_9	survived	gap	high	daemon_executor	shape check fails on 3.10-3.13 so the stock ThreadPoolExecutor is used: bulkhead workers are NOT daemon threads -> a worker blocked in socket recv holds interpreter exit for the full read timeout (#26); probe executor type ThreadPoolExecutor, daemon False. Kill: _sdk_bulkhead()._executor runs a task on a thread with daemon==True
agentbus_client.client.resilience.x__is_transient_sdk_error__mutmut_10	survived	gap	medium	is_transient_sdk_error	status 600 classified transient: GET and async calls retried on a non-HTTP 600; probe att_600_idem 1->2. Kill: stub 600, assert 1 attempt
agentbus_client.client.resilience.x__is_transient_sdk_error__mutmut_4	survived	equivalent	-	is_transient_sdk_error	flips the 2nd check: a bare _NonIdempotent already returned False on line 1 and is never RLR-wrapped; _Abandoned now 'retried' but each retry re-raises _Abandoned before fn() (cancel never cleared), backoff waits on the set flag (returns at once), and breaker still counts _Abandoned via root cause; end-to-end probes (deadline, exit hook, breaker) identical
agentbus_client.client.resilience.x__is_transient_sdk_error__mutmut_9	survived	gap	medium	is_transient_sdk_error	status 599 no longer transient: idempotent GET (sync and async) on 599 not retried; probe att_599_idem 2->1. Kill: GET stub 599 then 200, assert success
agentbus_client.client.resilience.x__root_cause__mutmut_1	survived	gap	high	root_cause	VIOLATES durable spec resilience_breaker_classifier: RetryLimitReached no longer unwrapped -> breaker sees RLR, classifies it non-failure (marks SUCCESS) and NEVER opens (probe: 9 exhausted sequences, no OPEN); exhausted 5xx/503 surface as TransportError('retries exhausted') instead of the original typed error; rewake breaker also blind. Kill: through AgentBus._request with stub raising 503, assert ServiceUnavailable after exhaustion and OPEN after 5 sequences
agentbus_client.client.resilience.x__root_cause__mutmut_12	survived	equivalent	-	root_cause	drops getattr default; branch only runs when resilient_circuit.exceptions is loaded and it always defines RetryLimitReached; probe identical
agentbus_client.client.resilience.x__root_cause__mutmut_13	survived	gap	high	root_cause	VIOLATES durable spec resilience_breaker_classifier: RetryLimitReached no longer unwrapped -> breaker sees RLR, classifies it non-failure (marks SUCCESS) and NEVER opens (probe: 9 exhausted sequences, no OPEN); exhausted 5xx/503 surface as TransportError('retries exhausted') instead of the original typed error; rewake breaker also blind. Kill: through AgentBus._request with stub raising 503, assert ServiceUnavailable after exhaustion and OPEN after 5 sequences
agentbus_client.client.resilience.x__root_cause__mutmut_14	survived	gap	high	root_cause	VIOLATES durable spec resilience_breaker_classifier: RetryLimitReached no longer unwrapped -> breaker sees RLR, classifies it non-failure (marks SUCCESS) and NEVER opens (probe: 9 exhausted sequences, no OPEN); exhausted 5xx/503 surface as TransportError('retries exhausted') instead of the original typed error; rewake breaker also blind. Kill: through AgentBus._request with stub raising 503, assert ServiceUnavailable after exhaustion and OPEN after 5 sequences
agentbus_client.client.resilience.x__root_cause__mutmut_15	survived	gap	high	root_cause	VIOLATES durable spec resilience_breaker_classifier: RetryLimitReached no longer unwrapped -> breaker sees RLR, classifies it non-failure (marks SUCCESS) and NEVER opens (probe: 9 exhausted sequences, no OPEN); exhausted 5xx/503 surface as TransportError('retries exhausted') instead of the original typed error; rewake breaker also blind. Kill: through AgentBus._request with stub raising 503, assert ServiceUnavailable after exhaustion and OPEN after 5 sequences
agentbus_client.client.resilience.x__root_cause__mutmut_16	survived	gap	high	root_cause	VIOLATES durable spec resilience_breaker_classifier: RetryLimitReached no longer unwrapped -> breaker sees RLR, classifies it non-failure (marks SUCCESS) and NEVER opens (probe: 9 exhausted sequences, no OPEN); exhausted 5xx/503 surface as TransportError('retries exhausted') instead of the original typed error; rewake breaker also blind. Kill: through AgentBus._request with stub raising 503, assert ServiceUnavailable after exhaustion and OPEN after 5 sequences
agentbus_client.client.resilience.x__root_cause__mutmut_18	survived	gap	medium	root_cause	unwrap depth bound shrinks (8->7 / 8->4 hops); probe: 8-deep RLR chain returns RetryLimitReached. Not reachable from one SafetyNet (1 hop). Kill: unit test 8-deep chain returns leaf
agentbus_client.client.resilience.x__root_cause__mutmut_2	survived	gap	high	root_cause	VIOLATES durable spec resilience_breaker_classifier: RetryLimitReached no longer unwrapped -> breaker sees RLR, classifies it non-failure (marks SUCCESS) and NEVER opens (probe: 9 exhausted sequences, no OPEN); exhausted 5xx/503 surface as TransportError('retries exhausted') instead of the original typed error; rewake breaker also blind. Kill: through AgentBus._request with stub raising 503, assert ServiceUnavailable after exhaustion and OPEN after 5 sequences
agentbus_client.client.resilience.x__root_cause__mutmut_23	survived	gap	high	root_cause	VIOLATES durable spec resilience_breaker_classifier: RetryLimitReached no longer unwrapped -> breaker sees RLR, classifies it non-failure (marks SUCCESS) and NEVER opens (probe: 9 exhausted sequences, no OPEN); exhausted 5xx/503 surface as TransportError('retries exhausted') instead of the original typed error; rewake breaker also blind. Kill: through AgentBus._request with stub raising 503, assert ServiceUnavailable after exhaustion and OPEN after 5 sequences
agentbus_client.client.resilience.x__root_cause__mutmut_24	survived	gap	medium	root_cause	bound grows to 9 hops; probe: 9-deep chain unwraps to leaf instead of stopping. Kill: unit test 9-deep chain returns an RLR
agentbus_client.client.resilience.x__root_cause__mutmut_25	survived	gap	medium	root_cause	bound grows to 9 hops; probe: 9-deep chain unwraps to leaf instead of stopping. Kill: unit test 9-deep chain returns an RLR
agentbus_client.client.resilience.x__root_cause__mutmut_27	survived	gap	medium	root_cause	hop counter never reaches 8 -> cycle guard removed; probe: cyclic RLR __cause__ chain HANGS _root_cause (breaker/classifier thread spins forever). resilient_circuit never builds cycles. Kill: cyclic chain returns within 1s
agentbus_client.client.resilience.x__root_cause__mutmut_28	survived	gap	medium	root_cause	hop counter never reaches 8 -> cycle guard removed; probe: cyclic RLR __cause__ chain HANGS _root_cause (breaker/classifier thread spins forever). resilient_circuit never builds cycles. Kill: cyclic chain returns within 1s
agentbus_client.client.resilience.x__root_cause__mutmut_29	survived	gap	medium	root_cause	unwrap depth bound shrinks (8->7 / 8->4 hops); probe: 8-deep RLR chain returns RetryLimitReached. Not reachable from one SafetyNet (1 hop). Kill: unit test 8-deep chain returns leaf
agentbus_client.client.resilience.x__root_cause__mutmut_3	survived	gap	high	root_cause	VIOLATES durable spec resilience_breaker_classifier: RetryLimitReached no longer unwrapped -> breaker sees RLR, classifies it non-failure (marks SUCCESS) and NEVER opens (probe: 9 exhausted sequences, no OPEN); exhausted 5xx/503 surface as TransportError('retries exhausted') instead of the original typed error; rewake breaker also blind. Kill: through AgentBus._request with stub raising 503, assert ServiceUnavailable after exhaustion and OPEN after 5 sequences
agentbus_client.client.resilience.x__root_cause__mutmut_4	survived	gap	high	root_cause	VIOLATES durable spec resilience_breaker_classifier: RetryLimitReached no longer unwrapped -> breaker sees RLR, classifies it non-failure (marks SUCCESS) and NEVER opens (probe: 9 exhausted sequences, no OPEN); exhausted 5xx/503 surface as TransportError('retries exhausted') instead of the original typed error; rewake breaker also blind. Kill: through AgentBus._request with stub raising 503, assert ServiceUnavailable after exhaustion and OPEN after 5 sequences
agentbus_client.client.resilience.x__root_cause__mutmut_5	survived	gap	high	root_cause	VIOLATES durable spec resilience_breaker_classifier: RetryLimitReached no longer unwrapped -> breaker sees RLR, classifies it non-failure (marks SUCCESS) and NEVER opens (probe: 9 exhausted sequences, no OPEN); exhausted 5xx/503 surface as TransportError('retries exhausted') instead of the original typed error; rewake breaker also blind. Kill: through AgentBus._request with stub raising 503, assert ServiceUnavailable after exhaustion and OPEN after 5 sequences
agentbus_client.client.resilience.x__root_cause__mutmut_6	survived	gap	high	root_cause	VIOLATES durable spec resilience_breaker_classifier: RetryLimitReached no longer unwrapped -> breaker sees RLR, classifies it non-failure (marks SUCCESS) and NEVER opens (probe: 9 exhausted sequences, no OPEN); exhausted 5xx/503 surface as TransportError('retries exhausted') instead of the original typed error; rewake breaker also blind. Kill: through AgentBus._request with stub raising 503, assert ServiceUnavailable after exhaustion and OPEN after 5 sequences
agentbus_client.client.resilience.x__root_cause__mutmut_7	survived	equivalent	-	root_cause	'or True' evaluates getattr(mod,...,None) even when mod is None; getattr(None,'RetryLimitReached',None) is None, identical to the else branch; probe identical
agentbus_client.client.resilience.x__root_cause__mutmut_8	survived	gap	high	root_cause	VIOLATES durable spec resilience_breaker_classifier: RetryLimitReached no longer unwrapped -> breaker sees RLR, classifies it non-failure (marks SUCCESS) and NEVER opens (probe: 9 exhausted sequences, no OPEN); exhausted 5xx/503 surface as TransportError('retries exhausted') instead of the original typed error; rewake breaker also blind. Kill: through AgentBus._request with stub raising 503, assert ServiceUnavailable after exhaustion and OPEN after 5 sequences
agentbus_client.client.resilience.x__run_with_resilience__mutmut_1	survived	equivalent	-	run_with_resilience	default of private kwarg; the only production caller (sync_client._request) always passes idempotent= explicitly; only direct callers of the private function differ
agentbus_client.client.resilience.x__run_with_resilience__mutmut_10	survived	equivalent	-	run_with_resilience	600 wrapped as _NonIdempotent: original already does not retry 600 (classifier 500..599) and breaker treats both as non-failure; caller sees the same error (probe identical)
agentbus_client.client.resilience.x__run_with_resilience__mutmut_14	survived	gap	medium	run_with_resilience	cancel flag not published to the backoff, so abandoned sequences blind-sleep their current backoff step (#26) holding a bulkhead slot past the deadline. Kill: MAX_RETRIES=5, timeout 2s, assert bulkhead in_flight==0 within 0.3s of the deadline
agentbus_client.client.resilience.x__run_with_resilience__mutmut_17	survived	gap	medium	run_with_resilience	inverted: exhausted sequences raise TransportError('retries exhausted') instead of the ORIGINAL typed error (ServiceUnavailable/502 AgentBusError) (probe exhaust.type); RLR without cause raises bare RLR. Kill: stub 503 forever via _request, assert ServiceUnavailable
agentbus_client.client.resilience.x__run_with_resilience__mutmut_18	survived	gap	low	run_with_resilience	'retries exhausted' message text changes (reached when AGENTBUS_SDK_MAX_RETRIES<0)
agentbus_client.client.resilience.x__run_with_resilience__mutmut_19	survived	gap	low	run_with_resilience	'retries exhausted' message text changes (reached when AGENTBUS_SDK_MAX_RETRIES<0)
agentbus_client.client.resilience.x__run_with_resilience__mutmut_20	survived	gap	low	run_with_resilience	'retries exhausted' message text changes (reached when AGENTBUS_SDK_MAX_RETRIES<0)
agentbus_client.client.resilience.x__run_with_resilience__mutmut_21	survived	gap	low	run_with_resilience	'retries exhausted' message text changes (reached when AGENTBUS_SDK_MAX_RETRIES<0)
agentbus_client.client.resilience.x__run_with_resilience__mutmut_22	survived	gap	low	run_with_resilience	breaker-OPEN TransportError message text changes (operator guidance on AGENTBUS_SDK_CB_COOLDOWN / AGENTBUS_SDK_RESILIENCE=0)
agentbus_client.client.resilience.x__run_with_resilience__mutmut_23	survived	gap	low	run_with_resilience	breaker-OPEN TransportError message text changes (operator guidance on AGENTBUS_SDK_CB_COOLDOWN / AGENTBUS_SDK_RESILIENCE=0)
agentbus_client.client.resilience.x__run_with_resilience__mutmut_24	survived	gap	low	run_with_resilience	breaker-OPEN TransportError message text changes (operator guidance on AGENTBUS_SDK_CB_COOLDOWN / AGENTBUS_SDK_RESILIENCE=0)
agentbus_client.client.resilience.x__run_with_resilience__mutmut_25	survived	gap	low	run_with_resilience	breaker-OPEN TransportError message text changes (operator guidance on AGENTBUS_SDK_CB_COOLDOWN / AGENTBUS_SDK_RESILIENCE=0)
agentbus_client.client.resilience.x__run_with_resilience__mutmut_26	survived	gap	low	run_with_resilience	breaker-OPEN TransportError message text changes (operator guidance on AGENTBUS_SDK_CB_COOLDOWN / AGENTBUS_SDK_RESILIENCE=0)
agentbus_client.client.resilience.x__run_with_resilience__mutmut_27	survived	gap	low	run_with_resilience	breaker-OPEN TransportError message text changes (operator guidance on AGENTBUS_SDK_CB_COOLDOWN / AGENTBUS_SDK_RESILIENCE=0)
agentbus_client.client.resilience.x__run_with_resilience__mutmut_28	survived	gap	low	run_with_resilience	breaker-OPEN TransportError message text changes (operator guidance on AGENTBUS_SDK_CB_COOLDOWN / AGENTBUS_SDK_RESILIENCE=0)
agentbus_client.client.resilience.x__run_with_resilience__mutmut_29	survived	gap	low	run_with_resilience	breaker-OPEN TransportError message text changes (operator guidance on AGENTBUS_SDK_CB_COOLDOWN / AGENTBUS_SDK_RESILIENCE=0)
agentbus_client.client.resilience.x__run_with_resilience__mutmut_3	survived	gap	high	run_with_resilience	None registered in _INFLIGHT: the exit hook crashes on None.set() (probe AttributeError) at every interpreter exit after the first call, so in-flight sequences are never abandoned, clients never closed, queued work never cancelled; real cancel Events never registered. Kill: call with blocking fn, invoke _abandon_inflight_on_exit(), assert no exception and caller gets _Abandoned
agentbus_client.client.resilience.x__run_with_resilience__mutmut_30	survived	gap	low	run_with_resilience	breaker-OPEN TransportError message text changes (operator guidance on AGENTBUS_SDK_CB_COOLDOWN / AGENTBUS_SDK_RESILIENCE=0)
agentbus_client.client.resilience.x__run_with_resilience__mutmut_31	survived	gap	low	run_with_resilience	breaker-OPEN TransportError message text changes (operator guidance on AGENTBUS_SDK_CB_COOLDOWN / AGENTBUS_SDK_RESILIENCE=0)
agentbus_client.client.resilience.x__run_with_resilience__mutmut_32	survived	gap	low	run_with_resilience	breaker-OPEN TransportError message text changes (operator guidance on AGENTBUS_SDK_CB_COOLDOWN / AGENTBUS_SDK_RESILIENCE=0)
agentbus_client.client.resilience.x__run_with_resilience__mutmut_33	survived	gap	low	run_with_resilience	breaker-OPEN TransportError message text changes (operator guidance on AGENTBUS_SDK_CB_COOLDOWN / AGENTBUS_SDK_RESILIENCE=0)
agentbus_client.client.resilience.x__run_with_resilience__mutmut_34	survived	gap	low	run_with_resilience	breaker-OPEN TransportError message text changes (operator guidance on AGENTBUS_SDK_CB_COOLDOWN / AGENTBUS_SDK_RESILIENCE=0)
agentbus_client.client.resilience.x__run_with_resilience__mutmut_35	survived	equivalent	-	run_with_resilience	dead branch: the only ProtectionException subclasses not caught earlier are bare ProtectionException and SchemaNotReady (PostgresStorage only); the policy uses InMemoryStorage and fn raises only AgentBusError/httpx; probe identical
agentbus_client.client.resilience.x__run_with_resilience__mutmut_36	survived	equivalent	-	run_with_resilience	dead branch: the only ProtectionException subclasses not caught earlier are bare ProtectionException and SchemaNotReady (PostgresStorage only); the policy uses InMemoryStorage and fn raises only AgentBusError/httpx; probe identical
agentbus_client.client.resilience.x__run_with_resilience__mutmut_37	survived	equivalent	-	run_with_resilience	dead branch: the only ProtectionException subclasses not caught earlier are bare ProtectionException and SchemaNotReady (PostgresStorage only); the policy uses InMemoryStorage and fn raises only AgentBusError/httpx; probe identical
agentbus_client.client.resilience.x__run_with_resilience__mutmut_38	survived	equivalent	-	run_with_resilience	dead branch: the only ProtectionException subclasses not caught earlier are bare ProtectionException and SchemaNotReady (PostgresStorage only); the policy uses InMemoryStorage and fn raises only AgentBusError/httpx; probe identical
agentbus_client.client.resilience.x__run_with_resilience__mutmut_39	survived	equivalent	-	run_with_resilience	dead branch: the only ProtectionException subclasses not caught earlier are bare ProtectionException and SchemaNotReady (PostgresStorage only); the policy uses InMemoryStorage and fn raises only AgentBusError/httpx; probe identical
agentbus_client.client.resilience.x__run_with_resilience__mutmut_4	survived	gap	low	run_with_resilience	_Abandoned message text changes; visible to a caller with timeout=None abandoned by the exit hook (probe exit_hook.caller)
agentbus_client.client.resilience.x__run_with_resilience__mutmut_40	survived	equivalent	-	run_with_resilience	flag reset to '' instead of None: _wrapped always sets the flag before guarded() runs on that thread, so for_attempt never observes ''; probe identical
agentbus_client.client.resilience.x__run_with_resilience__mutmut_41	survived	gap	medium	run_with_resilience	cancel Events never discarded: _INFLIGHT grows by one Event per call forever (memory leak in long-lived watchers) and exit hook touches all of them (probe inflight 0->1 per call). Kill: 3 calls, assert len(_INFLIGHT)==0
agentbus_client.client.resilience.x__run_with_resilience__mutmut_44	survived	gap	medium	run_with_resilience	on BulkheadFullError the cancel Event leaks in _INFLIGHT (probe). Kill: force bulkhead full, assert len(_INFLIGHT)==0 after
agentbus_client.client.resilience.x__run_with_resilience__mutmut_45	survived	gap	low	run_with_resilience	'bulkhead full' TransportError message text changes (operator guidance on env knobs)
agentbus_client.client.resilience.x__run_with_resilience__mutmut_46	survived	gap	low	run_with_resilience	'bulkhead full' TransportError message text changes (operator guidance on env knobs)
agentbus_client.client.resilience.x__run_with_resilience__mutmut_47	survived	gap	low	run_with_resilience	'bulkhead full' TransportError message text changes (operator guidance on env knobs)
agentbus_client.client.resilience.x__run_with_resilience__mutmut_48	survived	gap	low	run_with_resilience	'bulkhead full' TransportError message text changes (operator guidance on env knobs)
agentbus_client.client.resilience.x__run_with_resilience__mutmut_5	survived	gap	low	run_with_resilience	_Abandoned message text changes; visible to a caller with timeout=None abandoned by the exit hook (probe exit_hook.caller)
agentbus_client.client.resilience.x__run_with_resilience__mutmut_50	survived	gap	high	run_with_resilience	outer deadline not enforced: future.result waits for the whole retry sequence (probe returned after the 1.2s attempt instead of at 0.3s; no TransportError). Kill: fn sleeping 1s, timeout=0.2, assert TransportError within 0.5s
agentbus_client.client.resilience.x__run_with_resilience__mutmut_54	survived	gap	low	run_with_resilience	deadline TransportError message text changes
agentbus_client.client.resilience.x__run_with_resilience__mutmut_55	survived	gap	low	run_with_resilience	deadline TransportError message text changes
agentbus_client.client.resilience.x__run_with_resilience__mutmut_56	survived	gap	low	run_with_resilience	deadline TransportError message text changes
agentbus_client.client.resilience.x__run_with_resilience__mutmut_59	survived	equivalent	-	run_with_resilience	condition differs only for a non-BulkheadError result.error (bulkman always wraps) or a BulkheadError without __cause__ (only BulkheadTimeoutError, which needs timeout_seconds, unset here; _wrapped never raises BulkheadError); unreachable with this config
agentbus_client.client.resilience.x__run_with_resilience__mutmut_6	survived	gap	low	run_with_resilience	_Abandoned message text changes; visible to a caller with timeout=None abandoned by the exit hook (probe exit_hook.caller)
agentbus_client.client.resilience.x__run_with_resilience__mutmut_9	survived	gap	high	run_with_resilience	non-idempotent call on 599 is not wrapped, so the retry classifier (599 transient) RETRIES a non-idempotent POST (probe 1->2 attempts). Kill: POST without idempotency key, stub 599, assert 1 attempt
agentbus_client.client.resilience.x__sdk_bulkhead__mutmut_10	survived	gap	high	sdk_bulkhead	env override renamed: AGENTBUS_SDK_MAX_CONCURRENT silently ignored (probe maxc 3->8). Kill: setenv MAX_CONCURRENT=3, fresh singleton, assert config.max_concurrent_calls==3
agentbus_client.client.resilience.x__sdk_bulkhead__mutmut_14	survived	gap	low	sdk_bulkhead	bulkhead name changes the user-visible 'bulkhead full' TransportError text (BulkheadThreading 'None'/'XX..'/'AGENTBUS-SDK')
agentbus_client.client.resilience.x__sdk_bulkhead__mutmut_17	survived	equivalent	-	sdk_bulkhead	circuit_breaker_enabled=None: bulkman only tests truthiness (`if config.circuit_breaker_enabled`), no breaker object built; behaviour identical (probe only the raw config attr differs)
agentbus_client.client.resilience.x__sdk_bulkhead__mutmut_19	survived	gap	medium	sdk_bulkhead	max_concurrent_calls dropped -> bulkman default 10 for capacity (executor still sized by env), so rejection threshold is 10+queue instead of workers+queue (probe: no BulkheadFullError at 1+0). Kill: MAX_CONCURRENT=1, MAX_QUEUE=0, assert second concurrent call -> 'bulkhead full'
agentbus_client.client.resilience.x__sdk_bulkhead__mutmut_20	survived	gap	high	sdk_bulkhead	max_queue_size dropped -> default 100, AGENTBUS_SDK_MAX_QUEUE ignored (probe maxq 2->100). Kill: as for _29
agentbus_client.client.resilience.x__sdk_bulkhead__mutmut_21	survived	equivalent	-	sdk_bulkhead	BulkheadConfig.circuit_breaker_enabled defaults to False; probe identical
agentbus_client.client.resilience.x__sdk_bulkhead__mutmut_22	survived	gap	low	sdk_bulkhead	bulkhead name changes the user-visible 'bulkhead full' TransportError text (BulkheadThreading 'None'/'XX..'/'AGENTBUS-SDK')
agentbus_client.client.resilience.x__sdk_bulkhead__mutmut_23	survived	gap	low	sdk_bulkhead	bulkhead name changes the user-visible 'bulkhead full' TransportError text (BulkheadThreading 'None'/'XX..'/'AGENTBUS-SDK')
agentbus_client.client.resilience.x__sdk_bulkhead__mutmut_29	survived	gap	high	sdk_bulkhead	env override renamed: AGENTBUS_SDK_MAX_QUEUE silently ignored (probe maxq 2->100). Kill: setenv MAX_QUEUE=2, assert capacity rejection after cap+2
agentbus_client.client.resilience.x__sdk_bulkhead__mutmut_30	survived	gap	high	sdk_bulkhead	env override renamed: AGENTBUS_SDK_MAX_QUEUE silently ignored (probe maxq 2->100). Kill: setenv MAX_QUEUE=2, assert capacity rejection after cap+2
agentbus_client.client.resilience.x__sdk_bulkhead__mutmut_32	survived	gap	high	sdk_bulkhead	house-rule violation: bulkman breaker ENABLED; it counts every failure incl. 401/404 and raises BulkheadCircuitOpenError from execute(), which is not translated (non-AgentBusError leaks) and leaks the cancel Event in _INFLIGHT (probe). Kill: 6 AuthError calls via _request, assert 6th is still AuthError; assert _sdk_bulkhead()._circuit_breaker is None
agentbus_client.client.resilience.x__sdk_bulkhead__mutmut_35	survived	gap	high	sdk_bulkhead	executor built with max_workers=None -> min(32,cpu+4): AGENTBUS_SDK_MAX_CONCURRENT ignored for concurrency (probe exec_max 3->default). Kill: setenv MAX_CONCURRENT=3, assert _sdk_bulkhead()._executor._max_workers==3
agentbus_client.client.resilience.x__sdk_bulkhead__mutmut_36	survived	gap	low	sdk_bulkhead	worker thread name prefix changes (None/XX/lowercase/upper); diagnostics only
agentbus_client.client.resilience.x__sdk_bulkhead__mutmut_39	survived	gap	low	sdk_bulkhead	worker thread name prefix changes (None/XX/lowercase/upper); diagnostics only
agentbus_client.client.resilience.x__sdk_bulkhead__mutmut_40	survived	gap	low	sdk_bulkhead	worker thread name prefix changes (None/XX/lowercase/upper); diagnostics only
agentbus_client.client.resilience.x__sdk_bulkhead__mutmut_41	survived	gap	low	sdk_bulkhead	worker thread name prefix changes (None/XX/lowercase/upper); diagnostics only
agentbus_client.client.resilience.x__sdk_bulkhead__mutmut_42	survived	equivalent	-	sdk_bulkhead	stock executor is shut down before it ever received a submit, so it has no threads to join; wait=None/True identical to False; probe identical
agentbus_client.client.resilience.x__sdk_bulkhead__mutmut_43	survived	equivalent	-	sdk_bulkhead	stock executor is shut down before it ever received a submit, so it has no threads to join; wait=None/True identical to False; probe identical
agentbus_client.client.resilience.x__sdk_bulkhead__mutmut_9	survived	gap	high	sdk_bulkhead	env override renamed: AGENTBUS_SDK_MAX_CONCURRENT silently ignored (probe maxc 3->8). Kill: setenv MAX_CONCURRENT=3, fresh singleton, assert config.max_concurrent_calls==3
agentbus_client.client.resilience.x__sdk_cb_limits__mutmut_18	survived	gap	high	sdk_cb_limits	operator AGENTBUS_SDK_CB_SUCCESS_LIMIT=1 silently becomes 2; probe: limits(1)->(1,2). Kill: setenv SUCCESS_LIMIT=1, assert [1]==1
agentbus_client.client.resilience.x__sdk_cb_limits__mutmut_5	survived	gap	high	sdk_cb_limits	operator AGENTBUS_SDK_CB_FAILURE_LIMIT=1 (or 0) silently becomes 2; probe: limits(1)->(2,1). Kill: setenv FAILURE_LIMIT=1, assert _sdk_cb_limits()[0]==1
agentbus_client.client.resilience.x__sdk_safety_net__mutmut_10	survived	equivalent	-	sdk_safety_net	resource_key only keys the policy's own private InMemoryStorage (one entry) and appears in DEBUG/ERROR logs that InMemoryStorage never triggers; breaker behaviour identical (probe: only rk differs)
agentbus_client.client.resilience.x__sdk_safety_net__mutmut_11	survived	gap	medium	sdk_safety_net	storage dropped -> create_storage(): when RC_DB_DSN/RC_DB_HOST+PASSWORD are in the environment (house services set them) the SDK breaker moves to shared PostgreSQL, sharing OPEN state across processes and adding DB I/O per admission; identical without those vars (probe). Kill: setenv RC_DB_DSN=bogus, assert type(policy.storage) is InMemoryStorage
agentbus_client.client.resilience.x__sdk_safety_net__mutmut_13	survived	gap	high	sdk_safety_net	VIOLATES durable spec resilience_breaker_classifier: success_limit None -> half-open window sized by failure denominator and closed by failure ratio (thresholds not Fraction(n-1,n)). Kill: assert policies[0].success_limit==Fraction(1,2) with defaults
agentbus_client.client.resilience.x__sdk_safety_net__mutmut_14	survived	gap	high	sdk_safety_net	cooldown None: transition to OPEN raises AttributeError inside mark_failure (swallowed), breaker NEVER opens (probe 9 failing sequences, no OPEN). Kill: 5 failing sequences via _request, assert OPEN
agentbus_client.client.resilience.x__sdk_safety_net__mutmut_16	survived	equivalent	-	sdk_safety_net	resource_key only keys the policy's own private InMemoryStorage (one entry) and appears in DEBUG/ERROR logs that InMemoryStorage never triggers; breaker behaviour identical (probe: only rk differs)
agentbus_client.client.resilience.x__sdk_safety_net__mutmut_17	survived	gap	medium	sdk_safety_net	storage dropped -> create_storage(): when RC_DB_DSN/RC_DB_HOST+PASSWORD are in the environment (house services set them) the SDK breaker moves to shared PostgreSQL, sharing OPEN state across processes and adding DB I/O per admission; identical without those vars (probe). Kill: setenv RC_DB_DSN=bogus, assert type(policy.storage) is InMemoryStorage
agentbus_client.client.resilience.x__sdk_safety_net__mutmut_19	survived	gap	high	sdk_safety_net	VIOLATES durable spec resilience_breaker_classifier: success_limit None -> half-open window sized by failure denominator and closed by failure ratio (thresholds not Fraction(n-1,n)). Kill: assert policies[0].success_limit==Fraction(1,2) with defaults
agentbus_client.client.resilience.x__sdk_safety_net__mutmut_20	survived	gap	high	sdk_safety_net	cooldown dropped -> 0s: breaker half-opens immediately so it never fails fast (probe no OPEN), AGENTBUS_SDK_CB_COOLDOWN ignored. Kill: as for _14
agentbus_client.client.resilience.x__sdk_safety_net__mutmut_21	survived	gap	high	sdk_safety_net	VIOLATES durable spec resilience_breaker_classifier: breaker should_handle defaults to 'everything': 401/403/404/429 and non-idempotent 500s open the breaker (probe: 6th AuthError became breaker-OPEN TransportError). Kill: 6 AuthError calls via _request, assert all AuthError
agentbus_client.client.resilience.x__sdk_safety_net__mutmut_22	survived	equivalent	-	sdk_safety_net	resource_key only keys the policy's own private InMemoryStorage (one entry) and appears in DEBUG/ERROR logs that InMemoryStorage never triggers; breaker behaviour identical (probe: only rk differs)
agentbus_client.client.resilience.x__sdk_safety_net__mutmut_23	survived	equivalent	-	sdk_safety_net	resource_key only keys the policy's own private InMemoryStorage (one entry) and appears in DEBUG/ERROR logs that InMemoryStorage never triggers; breaker behaviour identical (probe: only rk differs)
agentbus_client.client.resilience.x__sdk_safety_net__mutmut_32	survived	gap	high	sdk_safety_net	env override renamed: AGENTBUS_SDK_CB_COOLDOWN silently ignored (probe 17s->30s). Kill: setenv COOLDOWN=17, assert policies[0].cooldown==timedelta(seconds=17)
agentbus_client.client.resilience.x__sdk_safety_net__mutmut_33	survived	gap	high	sdk_safety_net	env override renamed: AGENTBUS_SDK_CB_COOLDOWN silently ignored (probe 17s->30s). Kill: setenv COOLDOWN=17, assert policies[0].cooldown==timedelta(seconds=17)
agentbus_client.client.resilience.x__sdk_safety_net__mutmut_36	survived	gap	medium	sdk_safety_net	no backoff: retries fire back-to-back (hammering the bus mid-deploy); probe 4 attempts within 0.2s deadline. Kill: assert consecutive attempt timestamps >=0.4s apart
agentbus_client.client.resilience.x__sdk_safety_net__mutmut_38	survived	gap	high	sdk_safety_net	max_retries kwarg dropped -> library default 3: AGENTBUS_SDK_MAX_RETRIES silently ignored (probe attempts 7->4). Kill: setenv MAX_RETRIES=1, stub always 503, assert 2 attempts
agentbus_client.client.resilience.x__sdk_safety_net__mutmut_39	survived	gap	medium	sdk_safety_net	no backoff: retries fire back-to-back (hammering the bus mid-deploy); probe 4 attempts within 0.2s deadline. Kill: assert consecutive attempt timestamps >=0.4s apart
agentbus_client.client.resilience.x__sdk_safety_net__mutmut_4	survived	gap	medium	sdk_safety_net	logging.getLogger(None) is the ROOT logger: the SDK sets the host application's root level to ERROR, silencing its WARNING/INFO logs (probe root_changed True). Kill: assert root logger level unchanged after _sdk_safety_net()
agentbus_client.client.resilience.x__sdk_safety_net__mutmut_46	survived	gap	high	sdk_safety_net	env override renamed: AGENTBUS_SDK_MAX_RETRIES silently ignored (probe). Kill: as for _38
agentbus_client.client.resilience.x__sdk_safety_net__mutmut_47	survived	gap	high	sdk_safety_net	env override renamed: AGENTBUS_SDK_MAX_RETRIES silently ignored (probe). Kill: as for _38
agentbus_client.client.resilience.x__sdk_safety_net__mutmut_5	survived	gap	low	sdk_safety_net	wrong logger silenced: resilient_circuit 'state write refused' WARNINGs reach stderr during outages (human-facing noise)
agentbus_client.client.resilience.x__sdk_safety_net__mutmut_52	survived	gap	medium	sdk_safety_net	jitter None: no retry spread across clients. Kill: assert backoff.jitter==0.2
agentbus_client.client.resilience.x__sdk_safety_net__mutmut_58	survived	gap	medium	sdk_safety_net	backoff schedule changed (min 501ms / max 9s / factor 3); timing only, no test asserts the schedule. Kill: assert backoff min/max/factor == 500ms/8s/2
agentbus_client.client.resilience.x__sdk_safety_net__mutmut_6	survived	gap	low	sdk_safety_net	wrong logger silenced: resilient_circuit 'state write refused' WARNINGs reach stderr during outages (human-facing noise)
agentbus_client.client.resilience.x__sdk_safety_net__mutmut_60	survived	gap	medium	sdk_safety_net	backoff schedule changed (min 501ms / max 9s / factor 3); timing only, no test asserts the schedule. Kill: assert backoff min/max/factor == 500ms/8s/2
agentbus_client.client.resilience.x__sdk_safety_net__mutmut_61	survived	gap	medium	sdk_safety_net	backoff schedule changed (min 501ms / max 9s / factor 3); timing only, no test asserts the schedule. Kill: assert backoff min/max/factor == 500ms/8s/2
agentbus_client.client.resilience.xǁ_AsyncCircuitBreakerǁ__init____mutmut_1	survived	equivalent	-	_AsyncCircuitBreaker.__init__	default failure_limit is never used in production: the only constructor call (_async_circuit_breaker) passes failure_limit/success_limit/cooldown explicitly
agentbus_client.client.resilience.xǁ_AsyncCircuitBreakerǁ__init____mutmut_10	survived	gap	high	_AsyncCircuitBreaker.__init__	breaker starts HALF-OPEN: first failing sequence re-opens immediately (failure_limit ignored) and only one call may be in flight before the first verdict; no test asserts a fresh breaker stays closed below failure_limit
agentbus_client.client.resilience.xǁ_AsyncCircuitBreakerǁ__init____mutmut_12	survived	gap	high	_AsyncCircuitBreaker.__init__	failure counter starts at 1: fresh breaker opens one failure early; tests only assert is_open after >= limit failures, never 'still closed at limit-1'
agentbus_client.client.resilience.xǁ_AsyncCircuitBreakerǁ__init____mutmut_14	survived	equivalent	-	_AsyncCircuitBreaker.__init__	_successes 1 vs 0 at construction: while closed, reaching success_limit only re-asserts the closed state; any path to OPEN goes through on_failure which zeroes _successes first
agentbus_client.client.resilience.xǁ_AsyncCircuitBreakerǁ__init____mutmut_15	survived	equivalent	-	_AsyncCircuitBreaker.__init__	_probe_inflight None vs False: only tested for truthiness
agentbus_client.client.resilience.xǁ_AsyncCircuitBreakerǁ__init____mutmut_16	survived	equivalent	-	_AsyncCircuitBreaker.__init__	_probe_inflight True at construction: only read in half-open, and half-open is reached only via on_failure which sets it False first
agentbus_client.client.resilience.xǁ_AsyncCircuitBreakerǁ__init____mutmut_17	survived	equivalent	-	_AsyncCircuitBreaker.__init__	_last_error '' vs None: last_error() is only used after admit() refuses, which requires a prior on_failure that overwrites _last_error
agentbus_client.client.resilience.xǁ_AsyncCircuitBreakerǁ__init____mutmut_2	survived	equivalent	-	_AsyncCircuitBreaker.__init__	default success_limit is never used in production: _async_circuit_breaker passes it explicitly
agentbus_client.client.resilience.xǁ_AsyncCircuitBreakerǁ__init____mutmut_3	survived	equivalent	-	_AsyncCircuitBreaker.__init__	default cooldown is never used in production: _async_circuit_breaker passes it explicitly
agentbus_client.client.resilience.xǁ_AsyncCircuitBreakerǁ__init____mutmut_8	survived	equivalent	-	_AsyncCircuitBreaker.__init__	_open_until 1.0 vs 0.0 at construction: is_open compares time.monotonic() (seconds since boot, >>1) so both read closed; any open() overwrites it
agentbus_client.client.resilience.xǁ_AsyncCircuitBreakerǁ__init____mutmut_9	survived	equivalent	-	_AsyncCircuitBreaker.__init__	_half_open None vs False: only ever tested for truthiness
agentbus_client.client.resilience.xǁ_AsyncCircuitBreakerǁadmit__mutmut_2	survived	gap	high	_AsyncCircuitBreaker.admit	half-open single-probe guard broken: concurrent callers all admitted as probes (review #23 S9 'ONE probe at a time'); no test runs two calls concurrently against a half-open breaker (async stubs never suspend)
agentbus_client.client.resilience.xǁ_AsyncCircuitBreakerǁadmit__mutmut_3	survived	gap	high	_AsyncCircuitBreaker.admit	half-open single-probe guard broken: concurrent callers all admitted as probes (review #23 S9 'ONE probe at a time'); no test runs two calls concurrently against a half-open breaker (async stubs never suspend)
agentbus_client.client.resilience.xǁ_AsyncCircuitBreakerǁadmit__mutmut_4	survived	gap	high	_AsyncCircuitBreaker.admit	half-open single-probe guard broken: concurrent callers all admitted as probes (review #23 S9 'ONE probe at a time'); no test runs two calls concurrently against a half-open breaker (async stubs never suspend)
agentbus_client.client.resilience.xǁ_AsyncCircuitBreakerǁis_open__mutmut_1	survived	gap	low	_AsyncCircuitBreaker.is_open	< vs <=: differs only when time.monotonic() equals _open_until exactly (e.g. AGENTBUS_SDK_CB_COOLDOWN=0 read in the same clock tick); not asserted
agentbus_client.client.resilience.xǁ_AsyncCircuitBreakerǁon_failure__mutmut_1	survived	equivalent	-	_AsyncCircuitBreaker.on_failure	None vs False: _probe_inflight only tested for truthiness
agentbus_client.client.resilience.xǁ_AsyncCircuitBreakerǁon_failure__mutmut_12	survived	gap	high	_AsyncCircuitBreaker.on_failure	_failures += 2: breaker opens after ceil(limit/2) failing sequences; tests never assert it is still closed at limit-1
agentbus_client.client.resilience.xǁ_AsyncCircuitBreakerǁon_failure__mutmut_18	survived	equivalent	-	_AsyncCircuitBreaker.on_failure	_failures value written while (re)opening is never read: _half_open is True from then on, half-open failures return before `+= 1`, and the only exit from half-open (on_success) resets _failures = 0 first
agentbus_client.client.resilience.xǁ_AsyncCircuitBreakerǁon_failure__mutmut_19	survived	equivalent	-	_AsyncCircuitBreaker.on_failure	_failures value written while (re)opening is never read: _half_open is True from then on, half-open failures return before `+= 1`, and the only exit from half-open (on_success) resets _failures = 0 first
agentbus_client.client.resilience.xǁ_AsyncCircuitBreakerǁon_failure__mutmut_4	survived	gap	high	_AsyncCircuitBreaker.on_failure	_successes 1 after a failure: a failed half-open probe pre-credits one success, so with success_limit 2 one clean probe closes the breaker
agentbus_client.client.resilience.xǁ_AsyncCircuitBreakerǁon_failure__mutmut_5	survived	gap	medium	_AsyncCircuitBreaker.on_failure	_last_error None: fail-fast TransportError loses its __cause__ (the real bus error); no test asserts __cause__
agentbus_client.client.resilience.xǁ_AsyncCircuitBreakerǁon_failure__mutmut_8	survived	equivalent	-	_AsyncCircuitBreaker.on_failure	_failures value written while (re)opening is never read: _half_open is True from then on, half-open failures return before `+= 1`, and the only exit from half-open (on_success) resets _failures = 0 first
agentbus_client.client.resilience.xǁ_AsyncCircuitBreakerǁon_failure__mutmut_9	survived	equivalent	-	_AsyncCircuitBreaker.on_failure	_failures value written while (re)opening is never read: _half_open is True from then on, half-open failures return before `+= 1`, and the only exit from half-open (on_success) resets _failures = 0 first
agentbus_client.client.resilience.xǁ_AsyncCircuitBreakerǁon_success__mutmut_1	survived	equivalent	-	_AsyncCircuitBreaker.on_success	None vs False: field only tested for truthiness
agentbus_client.client.resilience.xǁ_AsyncCircuitBreakerǁon_success__mutmut_10	survived	equivalent	-	_AsyncCircuitBreaker.on_success	_open_until 1.0 vs 0.0 on close: monotonic() >> 1 so is_open() is False either way
agentbus_client.client.resilience.xǁ_AsyncCircuitBreakerǁon_success__mutmut_11	survived	equivalent	-	_AsyncCircuitBreaker.on_success	None vs False: field only tested for truthiness
agentbus_client.client.resilience.xǁ_AsyncCircuitBreakerǁon_success__mutmut_12	survived	gap	high	_AsyncCircuitBreaker.on_success	_half_open stays True after closing: every later failure re-opens immediately and calls are serialised one probe at a time; tests only use success_limit=1 and never assert recovery count or the half-open probe slot
agentbus_client.client.resilience.xǁ_AsyncCircuitBreakerǁon_success__mutmut_14	survived	equivalent	-	_AsyncCircuitBreaker.on_success	_successes 1 vs 0 after closing: any path back to OPEN runs on_failure which zeroes _successes first
agentbus_client.client.resilience.xǁ_AsyncCircuitBreakerǁon_success__mutmut_2	survived	gap	high	_AsyncCircuitBreaker.on_success	successful half-open probe leaves _probe_inflight True: with success_limit >= 2 (production default 2) the next admit() refuses forever - breaker stuck half-open; tests use success_limit=1; tests only use success_limit=1 and never assert recovery count or the half-open probe slot
agentbus_client.client.resilience.xǁ_AsyncCircuitBreakerǁon_success__mutmut_3	survived	gap	high	_AsyncCircuitBreaker.on_success	_failures None after a success: the next on_failure raises TypeError (None += 1), masking the transport error and never counting the failure; tests only use success_limit=1 and never assert recovery count or the half-open probe slot
agentbus_client.client.resilience.xǁ_AsyncCircuitBreakerǁon_success__mutmut_4	survived	gap	high	_AsyncCircuitBreaker.on_success	_failures 1 after a success: consecutive-failure count off by one, breaker opens one failure early; tests only use success_limit=1 and never assert recovery count or the half-open probe slot
agentbus_client.client.resilience.xǁ_AsyncCircuitBreakerǁon_success__mutmut_5	survived	gap	high	_AsyncCircuitBreaker.on_success	_successes pinned to 1: with success_limit 2 the breaker never closes (stays half-open, one call at a time, forever); tests only use success_limit=1 and never assert recovery count or the half-open probe slot
agentbus_client.client.resilience.xǁ_AsyncCircuitBreakerǁon_success__mutmut_6	survived	gap	high	_AsyncCircuitBreaker.on_success	_successes decrements: breaker never closes from half-open; tests only use success_limit=1 and never assert recovery count or the half-open probe slot
agentbus_client.client.resilience.xǁ_AsyncCircuitBreakerǁon_success__mutmut_7	survived	gap	high	_AsyncCircuitBreaker.on_success	_successes += 2: closes after ONE clean probe with success_limit 2; tests only use success_limit=1 and never assert recovery count or the half-open probe slot
agentbus_client.client.resilience.xǁ_AsyncCircuitBreakerǁon_success__mutmut_8	survived	gap	high	_AsyncCircuitBreaker.on_success	> instead of >=: needs success_limit+1 clean probes to close; tests only use success_limit=1 and never assert recovery count or the half-open probe slot
agentbus_client.client.resilience.xǁ_AsyncCircuitBreakerǁrelease_probe__mutmut_1	survived	equivalent	-	_AsyncCircuitBreaker.release_probe	None vs False: _probe_inflight only tested for truthiness
agentbus_client.client.resilience.xǁ_AsyncCircuitBreakerǁrelease_probe__mutmut_2	survived	gap	high	_AsyncCircuitBreaker.release_probe	a cancelled half-open probe leaves _probe_inflight True: admit() refuses forever and the breaker never closes (cap that never releases); no test cancels a probe
agentbus_client.client.resilience.xǁ_NonIdempotentǁ__init____mutmut_1	survived	equivalent	-	_NonIdempotent.__init__	message of the marker never surfaces: _wrapped catches _NonIdempotent and raises exc.original from None; breaker logger is at ERROR and logs nothing about it; probe end-to-end identical
agentbus_client.client.resilience.xǁ_NonIdempotentǁ__init____mutmut_2	survived	equivalent	-	_NonIdempotent.__init__	message of the marker never surfaces: _wrapped catches _NonIdempotent and raises exc.original from None; breaker logger is at ERROR and logs nothing about it; probe end-to-end identical
agentbus_client.client.resilience.xǁ_NonIdempotentǁ__init____mutmut_3	survived	equivalent	-	_NonIdempotent.__init__	only raise site is `raise _NonIdempotent(exc) from exc`, which sets __cause__ anyway; probe raised_cause identical
agentbus_client.client.sync_verify.xǁSyncVerifyMixinǁattachment__mutmut_1	no tests	gap	high	SyncVerifyMixin.attachment	default index 1: attachment(delivery_id) returns the SECOND attachment (or 404) instead of the first. Uncovered: no in-process caller in the unit suite (CLI verify tests fake _bus; no test calls AgentBus.verify/get_claim/record_verdict/attachment; tests/integration also has none)
agentbus_client.client.sync_verify.xǁSyncVerifyMixinǁattachment__mutmut_10	no tests	gap	medium	SyncVerifyMixin.attachment	url arg dropped: wrong call shape, crash. Uncovered: no in-process caller in the unit suite (CLI verify tests fake _bus; no test calls AgentBus.verify/get_claim/record_verdict/attachment; tests/integration also has none)
agentbus_client.client.sync_verify.xǁSyncVerifyMixinǁattachment__mutmut_11	no tests	gap	medium	SyncVerifyMixin.attachment	no headers: request sent without Authorization/X-AgentBus-Agent, server refuses. Uncovered: no in-process caller in the unit suite (CLI verify tests fake _bus; no test calls AgentBus.verify/get_claim/record_verdict/attachment; tests/integration also has none)
agentbus_client.client.sync_verify.xǁSyncVerifyMixinǁattachment__mutmut_12	no tests	gap	medium	SyncVerifyMixin.attachment	method XXGETXX: server rejects, loud. Uncovered: no in-process caller in the unit suite (CLI verify tests fake _bus; no test calls AgentBus.verify/get_claim/record_verdict/attachment; tests/integration also has none)
agentbus_client.client.sync_verify.xǁSyncVerifyMixinǁattachment__mutmut_13	no tests	equivalent	-	SyncVerifyMixin.attachment	'get' vs 'GET' in _client.stream: httpx upper-cases the method; identical request
agentbus_client.client.sync_verify.xǁSyncVerifyMixinǁattachment__mutmut_14	no tests	gap	high	SyncVerifyMixin.attachment	explicit agent ignored (acting = self.agent): attachment fetched as a different identity. Uncovered: no in-process caller in the unit suite (CLI verify tests fake _bus; no test calls AgentBus.verify/get_claim/record_verdict/attachment; tests/integration also has none)
agentbus_client.client.sync_verify.xǁSyncVerifyMixinǁattachment__mutmut_15	no tests	equivalent	-	SyncVerifyMixin.attachment	_headers(agent, None) / _headers(agent) : idempotent is only tested for truthiness (base.py:113) and defaults to False; identical headers
agentbus_client.client.sync_verify.xǁSyncVerifyMixinǁattachment__mutmut_16	no tests	gap	high	SyncVerifyMixin.attachment	agent passed as False, acting = self.agent: explicit agent ignored. Uncovered: no in-process caller in the unit suite (CLI verify tests fake _bus; no test calls AgentBus.verify/get_claim/record_verdict/attachment; tests/integration also has none)
agentbus_client.client.sync_verify.xǁSyncVerifyMixinǁattachment__mutmut_17	no tests	equivalent	-	SyncVerifyMixin.attachment	_headers(agent, None) / _headers(agent) : idempotent is only tested for truthiness (base.py:113) and defaults to False; identical headers
agentbus_client.client.sync_verify.xǁSyncVerifyMixinǁattachment__mutmut_18	no tests	gap	medium	SyncVerifyMixin.attachment	Idempotency-Key header added to a GET: wire change without security effect. Uncovered: no in-process caller in the unit suite (CLI verify tests fake _bus; no test calls AgentBus.verify/get_claim/record_verdict/attachment; tests/integration also has none)
agentbus_client.client.sync_verify.xǁSyncVerifyMixinǁattachment__mutmut_19	no tests	gap	medium	SyncVerifyMixin.attachment	_raise_for(None): AttributeError on every fetch. Uncovered: no in-process caller in the unit suite (CLI verify tests fake _bus; no test calls AgentBus.verify/get_claim/record_verdict/attachment; tests/integration also has none)
agentbus_client.client.sync_verify.xǁSyncVerifyMixinǁattachment__mutmut_2	no tests	gap	medium	SyncVerifyMixin.attachment	cap None: TypeError on first chunk. Uncovered: no in-process caller in the unit suite (CLI verify tests fake _bus; no test calls AgentBus.verify/get_claim/record_verdict/attachment; tests/integration also has none)
agentbus_client.client.sync_verify.xǁSyncVerifyMixinǁattachment__mutmut_20	no tests	gap	medium	SyncVerifyMixin.attachment	chunks None: AttributeError on first chunk. Uncovered: no in-process caller in the unit suite (CLI verify tests fake _bus; no test calls AgentBus.verify/get_claim/record_verdict/attachment; tests/integration also has none)
agentbus_client.client.sync_verify.xǁSyncVerifyMixinǁattachment__mutmut_21	no tests	gap	medium	SyncVerifyMixin.attachment	total None: TypeError. Uncovered: no in-process caller in the unit suite (CLI verify tests fake _bus; no test calls AgentBus.verify/get_claim/record_verdict/attachment; tests/integration also has none)
agentbus_client.client.sync_verify.xǁSyncVerifyMixinǁattachment__mutmut_22	no tests	gap	medium	SyncVerifyMixin.attachment	off-by-one byte count: cap trips one byte early. Uncovered: no in-process caller in the unit suite (CLI verify tests fake _bus; no test calls AgentBus.verify/get_claim/record_verdict/attachment; tests/integration also has none)
agentbus_client.client.sync_verify.xǁSyncVerifyMixinǁattachment__mutmut_23	no tests	gap	low	SyncVerifyMixin.attachment	chunk_size None: same bytes, cap still enforced, only overshoot granularity and the byte count in the error change. Uncovered: no in-process caller in the unit suite (CLI verify tests fake _bus; no test calls AgentBus.verify/get_claim/record_verdict/attachment; tests/integration also has none)
agentbus_client.client.sync_verify.xǁSyncVerifyMixinǁattachment__mutmut_24	no tests	gap	medium	SyncVerifyMixin.attachment	chunk_size 0.0625: httpx ByteChunker TypeError (checked) - every fetch crashes. Uncovered: no in-process caller in the unit suite (CLI verify tests fake _bus; no test calls AgentBus.verify/get_claim/record_verdict/attachment; tests/integration also has none)
agentbus_client.client.sync_verify.xǁSyncVerifyMixinǁattachment__mutmut_25	no tests	gap	low	SyncVerifyMixin.attachment	chunk granularity 65KiB: only overshoot granularity and the byte count in the error change. Uncovered: no in-process caller in the unit suite (CLI verify tests fake _bus; no test calls AgentBus.verify/get_claim/record_verdict/attachment; tests/integration also has none)
agentbus_client.client.sync_verify.xǁSyncVerifyMixinǁattachment__mutmut_26	no tests	gap	low	SyncVerifyMixin.attachment	chunk granularity 64*1025: only overshoot granularity and the byte count in the error change. Uncovered: no in-process caller in the unit suite (CLI verify tests fake _bus; no test calls AgentBus.verify/get_claim/record_verdict/attachment; tests/integration also has none)
agentbus_client.client.sync_verify.xǁSyncVerifyMixinǁattachment__mutmut_27	no tests	gap	high	SyncVerifyMixin.attachment	total = len(chunk): hostile-server cap never trips across chunks (REG-9 memory guard disabled). Uncovered: no in-process caller in the unit suite (CLI verify tests fake _bus; no test calls AgentBus.verify/get_claim/record_verdict/attachment; tests/integration also has none)
agentbus_client.client.sync_verify.xǁSyncVerifyMixinǁattachment__mutmut_28	no tests	gap	high	SyncVerifyMixin.attachment	total decreases: hostile-server cap can never trip (REG-9 memory guard disabled). Uncovered: no in-process caller in the unit suite (CLI verify tests fake _bus; no test calls AgentBus.verify/get_claim/record_verdict/attachment; tests/integration also has none)
agentbus_client.client.sync_verify.xǁSyncVerifyMixinǁattachment__mutmut_29	no tests	gap	medium	SyncVerifyMixin.attachment	boundary: body of exactly cap bytes refused. Uncovered: no in-process caller in the unit suite (CLI verify tests fake _bus; no test calls AgentBus.verify/get_claim/record_verdict/attachment; tests/integration also has none)
agentbus_client.client.sync_verify.xǁSyncVerifyMixinǁattachment__mutmut_3	no tests	gap	medium	SyncVerifyMixin.attachment	int(None): TypeError. Uncovered: no in-process caller in the unit suite (CLI verify tests fake _bus; no test calls AgentBus.verify/get_claim/record_verdict/attachment; tests/integration also has none)
agentbus_client.client.sync_verify.xǁSyncVerifyMixinǁattachment__mutmut_30	no tests	gap	low	SyncVerifyMixin.attachment	error message text changed/None; exception type and control flow unchanged. Uncovered: no in-process caller in the unit suite (CLI verify tests fake _bus; no test calls AgentBus.verify/get_claim/record_verdict/attachment; tests/integration also has none)
agentbus_client.client.sync_verify.xǁSyncVerifyMixinǁattachment__mutmut_31	no tests	gap	low	SyncVerifyMixin.attachment	error message text changed/None; exception type and control flow unchanged. Uncovered: no in-process caller in the unit suite (CLI verify tests fake _bus; no test calls AgentBus.verify/get_claim/record_verdict/attachment; tests/integration also has none)
agentbus_client.client.sync_verify.xǁSyncVerifyMixinǁattachment__mutmut_32	no tests	gap	low	SyncVerifyMixin.attachment	error message text changed/None; exception type and control flow unchanged. Uncovered: no in-process caller in the unit suite (CLI verify tests fake _bus; no test calls AgentBus.verify/get_claim/record_verdict/attachment; tests/integration also has none)
agentbus_client.client.sync_verify.xǁSyncVerifyMixinǁattachment__mutmut_33	no tests	gap	low	SyncVerifyMixin.attachment	error message text changed/None; exception type and control flow unchanged. Uncovered: no in-process caller in the unit suite (CLI verify tests fake _bus; no test calls AgentBus.verify/get_claim/record_verdict/attachment; tests/integration also has none)
agentbus_client.client.sync_verify.xǁSyncVerifyMixinǁattachment__mutmut_34	no tests	gap	low	SyncVerifyMixin.attachment	error message text changed/None; exception type and control flow unchanged. Uncovered: no in-process caller in the unit suite (CLI verify tests fake _bus; no test calls AgentBus.verify/get_claim/record_verdict/attachment; tests/integration also has none)
agentbus_client.client.sync_verify.xǁSyncVerifyMixinǁattachment__mutmut_35	no tests	gap	low	SyncVerifyMixin.attachment	error message text changed/None; exception type and control flow unchanged. Uncovered: no in-process caller in the unit suite (CLI verify tests fake _bus; no test calls AgentBus.verify/get_claim/record_verdict/attachment; tests/integration also has none)
agentbus_client.client.sync_verify.xǁSyncVerifyMixinǁattachment__mutmut_36	no tests	gap	low	SyncVerifyMixin.attachment	error message text changed/None; exception type and control flow unchanged. Uncovered: no in-process caller in the unit suite (CLI verify tests fake _bus; no test calls AgentBus.verify/get_claim/record_verdict/attachment; tests/integration also has none)
agentbus_client.client.sync_verify.xǁSyncVerifyMixinǁattachment__mutmut_37	no tests	gap	low	SyncVerifyMixin.attachment	error message text changed/None; exception type and control flow unchanged. Uncovered: no in-process caller in the unit suite (CLI verify tests fake _bus; no test calls AgentBus.verify/get_claim/record_verdict/attachment; tests/integration also has none)
agentbus_client.client.sync_verify.xǁSyncVerifyMixinǁattachment__mutmut_38	no tests	gap	low	SyncVerifyMixin.attachment	error message text changed/None; exception type and control flow unchanged. Uncovered: no in-process caller in the unit suite (CLI verify tests fake _bus; no test calls AgentBus.verify/get_claim/record_verdict/attachment; tests/integration also has none)
agentbus_client.client.sync_verify.xǁSyncVerifyMixinǁattachment__mutmut_39	no tests	gap	medium	SyncVerifyMixin.attachment	None appended: join TypeError. Uncovered: no in-process caller in the unit suite (CLI verify tests fake _bus; no test calls AgentBus.verify/get_claim/record_verdict/attachment; tests/integration also has none)
agentbus_client.client.sync_verify.xǁSyncVerifyMixinǁattachment__mutmut_4	no tests	gap	medium	SyncVerifyMixin.attachment	cap becomes 0: every non-empty attachment refused. Uncovered: no in-process caller in the unit suite (CLI verify tests fake _bus; no test calls AgentBus.verify/get_claim/record_verdict/attachment; tests/integration also has none)
agentbus_client.client.sync_verify.xǁSyncVerifyMixinǁattachment__mutmut_40	no tests	gap	medium	SyncVerifyMixin.attachment	content None: TypeError. Uncovered: no in-process caller in the unit suite (CLI verify tests fake _bus; no test calls AgentBus.verify/get_claim/record_verdict/attachment; tests/integration also has none)
agentbus_client.client.sync_verify.xǁSyncVerifyMixinǁattachment__mutmut_41	no tests	gap	medium	SyncVerifyMixin.attachment	join(None): TypeError. Uncovered: no in-process caller in the unit suite (CLI verify tests fake _bus; no test calls AgentBus.verify/get_claim/record_verdict/attachment; tests/integration also has none)
agentbus_client.client.sync_verify.xǁSyncVerifyMixinǁattachment__mutmut_42	no tests	gap	high	SyncVerifyMixin.attachment	chunks joined with b'XXXX': multi-chunk attachments silently corrupted. Uncovered: no in-process caller in the unit suite (CLI verify tests fake _bus; no test calls AgentBus.verify/get_claim/record_verdict/attachment; tests/integration also has none)
agentbus_client.client.sync_verify.xǁSyncVerifyMixinǁattachment__mutmut_43	no tests	gap	low	SyncVerifyMixin.attachment	error message text changed/None; exception type and control flow unchanged. Uncovered: no in-process caller in the unit suite (CLI verify tests fake _bus; no test calls AgentBus.verify/get_claim/record_verdict/attachment; tests/integration also has none)
agentbus_client.client.sync_verify.xǁSyncVerifyMixinǁattachment__mutmut_44	no tests	gap	low	SyncVerifyMixin.attachment	error message text changed/None; exception type and control flow unchanged. Uncovered: no in-process caller in the unit suite (CLI verify tests fake _bus; no test calls AgentBus.verify/get_claim/record_verdict/attachment; tests/integration also has none)
agentbus_client.client.sync_verify.xǁSyncVerifyMixinǁattachment__mutmut_45	no tests	gap	medium	SyncVerifyMixin.attachment	startswith(None): TypeError. Uncovered: no in-process caller in the unit suite (CLI verify tests fake _bus; no test calls AgentBus.verify/get_claim/record_verdict/attachment; tests/integration also has none)
agentbus_client.client.sync_verify.xǁSyncVerifyMixinǁattachment__mutmut_46	no tests	gap	medium	SyncVerifyMixin.attachment	rstrip instead of lstrip: armor preceded by whitespace returned undecrypted. Uncovered: no in-process caller in the unit suite (CLI verify tests fake _bus; no test calls AgentBus.verify/get_claim/record_verdict/attachment; tests/integration also has none)
agentbus_client.client.sync_verify.xǁSyncVerifyMixinǁattachment__mutmut_47	no tests	gap	medium	SyncVerifyMixin.attachment	detection window 65 bytes: armor after exactly 30 bytes of leading whitespace now unsealed (edge only). Uncovered: no in-process caller in the unit suite (CLI verify tests fake _bus; no test calls AgentBus.verify/get_claim/record_verdict/attachment; tests/integration also has none)
agentbus_client.client.sync_verify.xǁSyncVerifyMixinǁattachment__mutmut_48	no tests	gap	high	SyncVerifyMixin.attachment	armor never detected: every sealed attachment returned as ciphertext. Uncovered: no in-process caller in the unit suite (CLI verify tests fake _bus; no test calls AgentBus.verify/get_claim/record_verdict/attachment; tests/integration also has none)
agentbus_client.client.sync_verify.xǁSyncVerifyMixinǁattachment__mutmut_49	no tests	gap	high	SyncVerifyMixin.attachment	armor never detected (lowercase header): every sealed attachment returned as ciphertext. Uncovered: no in-process caller in the unit suite (CLI verify tests fake _bus; no test calls AgentBus.verify/get_claim/record_verdict/attachment; tests/integration also has none)
agentbus_client.client.sync_verify.xǁSyncVerifyMixinǁattachment__mutmut_5	no tests	gap	medium	SyncVerifyMixin.attachment	memory cap loosened to 2.5x the send cap (still bounded). Uncovered: no in-process caller in the unit suite (CLI verify tests fake _bus; no test calls AgentBus.verify/get_claim/record_verdict/attachment; tests/integration also has none)
agentbus_client.client.sync_verify.xǁSyncVerifyMixinǁattachment__mutmut_50	no tests	gap	medium	SyncVerifyMixin.attachment	key-present check inverted: keyed machine told it holds no key; unkeyed machine reaches CannotDecrypt. Uncovered: no in-process caller in the unit suite (CLI verify tests fake _bus; no test calls AgentBus.verify/get_claim/record_verdict/attachment; tests/integration also has none)
agentbus_client.client.sync_verify.xǁSyncVerifyMixinǁattachment__mutmut_51	no tests	gap	medium	SyncVerifyMixin.attachment	pre-check loads keys for agent None (default/legacy key) instead of self.agent. Uncovered: no in-process caller in the unit suite (CLI verify tests fake _bus; no test calls AgentBus.verify/get_claim/record_verdict/attachment; tests/integration also has none)
agentbus_client.client.sync_verify.xǁSyncVerifyMixinǁattachment__mutmut_52	no tests	gap	low	SyncVerifyMixin.attachment	error message text changed/None; exception type and control flow unchanged. Uncovered: no in-process caller in the unit suite (CLI verify tests fake _bus; no test calls AgentBus.verify/get_claim/record_verdict/attachment; tests/integration also has none)
agentbus_client.client.sync_verify.xǁSyncVerifyMixinǁattachment__mutmut_53	no tests	gap	low	SyncVerifyMixin.attachment	error message text changed/None; exception type and control flow unchanged. Uncovered: no in-process caller in the unit suite (CLI verify tests fake _bus; no test calls AgentBus.verify/get_claim/record_verdict/attachment; tests/integration also has none)
agentbus_client.client.sync_verify.xǁSyncVerifyMixinǁattachment__mutmut_54	no tests	gap	low	SyncVerifyMixin.attachment	error message text changed/None; exception type and control flow unchanged. Uncovered: no in-process caller in the unit suite (CLI verify tests fake _bus; no test calls AgentBus.verify/get_claim/record_verdict/attachment; tests/integration also has none)
agentbus_client.client.sync_verify.xǁSyncVerifyMixinǁattachment__mutmut_55	no tests	gap	low	SyncVerifyMixin.attachment	error message text changed/None; exception type and control flow unchanged. Uncovered: no in-process caller in the unit suite (CLI verify tests fake _bus; no test calls AgentBus.verify/get_claim/record_verdict/attachment; tests/integration also has none)
agentbus_client.client.sync_verify.xǁSyncVerifyMixinǁattachment__mutmut_56	no tests	gap	low	SyncVerifyMixin.attachment	error message text changed/None; exception type and control flow unchanged. Uncovered: no in-process caller in the unit suite (CLI verify tests fake _bus; no test calls AgentBus.verify/get_claim/record_verdict/attachment; tests/integration also has none)
agentbus_client.client.sync_verify.xǁSyncVerifyMixinǁattachment__mutmut_57	no tests	gap	low	SyncVerifyMixin.attachment	error message text changed/None; exception type and control flow unchanged. Uncovered: no in-process caller in the unit suite (CLI verify tests fake _bus; no test calls AgentBus.verify/get_claim/record_verdict/attachment; tests/integration also has none)
agentbus_client.client.sync_verify.xǁSyncVerifyMixinǁattachment__mutmut_58	no tests	gap	low	SyncVerifyMixin.attachment	error message text changed/None; exception type and control flow unchanged. Uncovered: no in-process caller in the unit suite (CLI verify tests fake _bus; no test calls AgentBus.verify/get_claim/record_verdict/attachment; tests/integration also has none)
agentbus_client.client.sync_verify.xǁSyncVerifyMixinǁattachment__mutmut_59	no tests	gap	medium	SyncVerifyMixin.attachment	unseal(None): error instead of plaintext. Uncovered: no in-process caller in the unit suite (CLI verify tests fake _bus; no test calls AgentBus.verify/get_claim/record_verdict/attachment; tests/integration also has none)
agentbus_client.client.sync_verify.xǁSyncVerifyMixinǁattachment__mutmut_6	no tests	gap	medium	SyncVerifyMixin.attachment	method None: httpx AttributeError, not wrapped as TransportError. Uncovered: no in-process caller in the unit suite (CLI verify tests fake _bus; no test calls AgentBus.verify/get_claim/record_verdict/attachment; tests/integration also has none)
agentbus_client.client.sync_verify.xǁSyncVerifyMixinǁattachment__mutmut_60	no tests	gap	high	SyncVerifyMixin.attachment	unseal with agent None: tries the default/legacy key set, not this agent's (cross-agent key use). Uncovered: no in-process caller in the unit suite (CLI verify tests fake _bus; no test calls AgentBus.verify/get_claim/record_verdict/attachment; tests/integration also has none)
agentbus_client.client.sync_verify.xǁSyncVerifyMixinǁattachment__mutmut_61	no tests	gap	medium	SyncVerifyMixin.attachment	unseal(self.agent) - wrong argument shape, error. Uncovered: no in-process caller in the unit suite (CLI verify tests fake _bus; no test calls AgentBus.verify/get_claim/record_verdict/attachment; tests/integration also has none)
agentbus_client.client.sync_verify.xǁSyncVerifyMixinǁattachment__mutmut_62	no tests	gap	high	SyncVerifyMixin.attachment	unseal agent defaults to None: tries the default/legacy key set, not this agent's (cross-agent key use). Uncovered: no in-process caller in the unit suite (CLI verify tests fake _bus; no test calls AgentBus.verify/get_claim/record_verdict/attachment; tests/integration also has none)
agentbus_client.client.sync_verify.xǁSyncVerifyMixinǁattachment__mutmut_63	no tests	gap	low	SyncVerifyMixin.attachment	error message text changed/None; exception type and control flow unchanged. Uncovered: no in-process caller in the unit suite (CLI verify tests fake _bus; no test calls AgentBus.verify/get_claim/record_verdict/attachment; tests/integration also has none)
agentbus_client.client.sync_verify.xǁSyncVerifyMixinǁattachment__mutmut_64	no tests	gap	low	SyncVerifyMixin.attachment	error message text changed/None; exception type and control flow unchanged. Uncovered: no in-process caller in the unit suite (CLI verify tests fake _bus; no test calls AgentBus.verify/get_claim/record_verdict/attachment; tests/integration also has none)
agentbus_client.client.sync_verify.xǁSyncVerifyMixinǁattachment__mutmut_65	no tests	gap	low	SyncVerifyMixin.attachment	error message text changed/None; exception type and control flow unchanged. Uncovered: no in-process caller in the unit suite (CLI verify tests fake _bus; no test calls AgentBus.verify/get_claim/record_verdict/attachment; tests/integration also has none)
agentbus_client.client.sync_verify.xǁSyncVerifyMixinǁattachment__mutmut_66	no tests	gap	low	SyncVerifyMixin.attachment	error message text changed/None; exception type and control flow unchanged. Uncovered: no in-process caller in the unit suite (CLI verify tests fake _bus; no test calls AgentBus.verify/get_claim/record_verdict/attachment; tests/integration also has none)
agentbus_client.client.sync_verify.xǁSyncVerifyMixinǁattachment__mutmut_67	no tests	gap	low	SyncVerifyMixin.attachment	error message text changed/None; exception type and control flow unchanged. Uncovered: no in-process caller in the unit suite (CLI verify tests fake _bus; no test calls AgentBus.verify/get_claim/record_verdict/attachment; tests/integration also has none)
agentbus_client.client.sync_verify.xǁSyncVerifyMixinǁattachment__mutmut_68	no tests	gap	low	SyncVerifyMixin.attachment	error message text changed/None; exception type and control flow unchanged. Uncovered: no in-process caller in the unit suite (CLI verify tests fake _bus; no test calls AgentBus.verify/get_claim/record_verdict/attachment; tests/integration also has none)
agentbus_client.client.sync_verify.xǁSyncVerifyMixinǁattachment__mutmut_7	no tests	gap	medium	SyncVerifyMixin.attachment	url None: httpx TypeError. Uncovered: no in-process caller in the unit suite (CLI verify tests fake _bus; no test calls AgentBus.verify/get_claim/record_verdict/attachment; tests/integration also has none)
agentbus_client.client.sync_verify.xǁSyncVerifyMixinǁattachment__mutmut_8	no tests	gap	medium	SyncVerifyMixin.attachment	no headers: request sent without Authorization/X-AgentBus-Agent, server refuses. Uncovered: no in-process caller in the unit suite (CLI verify tests fake _bus; no test calls AgentBus.verify/get_claim/record_verdict/attachment; tests/integration also has none)
agentbus_client.client.sync_verify.xǁSyncVerifyMixinǁattachment__mutmut_9	no tests	gap	medium	SyncVerifyMixin.attachment	method arg dropped: TypeError/wrong call shape. Uncovered: no in-process caller in the unit suite (CLI verify tests fake _bus; no test calls AgentBus.verify/get_claim/record_verdict/attachment; tests/integration also has none)
agentbus_client.client.sync_verify.xǁSyncVerifyMixinǁget_claim__mutmut_1	no tests	gap	high	SyncVerifyMixin.get_claim	_request never made: always returns the malformed placeholder, real claim discarded. Uncovered: no in-process caller in the unit suite (CLI verify tests fake _bus; no test calls AgentBus.verify/get_claim/record_verdict/attachment; tests/integration also has none)
agentbus_client.client.sync_verify.xǁSyncVerifyMixinǁget_claim__mutmut_10	no tests	gap	high	SyncVerifyMixin.get_claim	always returns {'claim': None, 'note': 'malformed'}: claim and verdicts discarded. Uncovered: no in-process caller in the unit suite (CLI verify tests fake _bus; no test calls AgentBus.verify/get_claim/record_verdict/attachment; tests/integration also has none)
agentbus_client.client.sync_verify.xǁSyncVerifyMixinǁget_claim__mutmut_11	no tests	gap	medium	SyncVerifyMixin.get_claim	non-dict server payload returned as-is instead of the malformed placeholder. Uncovered: no in-process caller in the unit suite (CLI verify tests fake _bus; no test calls AgentBus.verify/get_claim/record_verdict/attachment; tests/integration also has none)
agentbus_client.client.sync_verify.xǁSyncVerifyMixinǁget_claim__mutmut_12	no tests	gap	medium	SyncVerifyMixin.get_claim	malformed-response placeholder key renamed (data contract on the malformed path). Uncovered: no in-process caller in the unit suite (CLI verify tests fake _bus; no test calls AgentBus.verify/get_claim/record_verdict/attachment; tests/integration also has none)
agentbus_client.client.sync_verify.xǁSyncVerifyMixinǁget_claim__mutmut_13	no tests	gap	medium	SyncVerifyMixin.get_claim	malformed-response placeholder key renamed (data contract on the malformed path). Uncovered: no in-process caller in the unit suite (CLI verify tests fake _bus; no test calls AgentBus.verify/get_claim/record_verdict/attachment; tests/integration also has none)
agentbus_client.client.sync_verify.xǁSyncVerifyMixinǁget_claim__mutmut_14	no tests	gap	medium	SyncVerifyMixin.get_claim	malformed-response placeholder key renamed (data contract on the malformed path). Uncovered: no in-process caller in the unit suite (CLI verify tests fake _bus; no test calls AgentBus.verify/get_claim/record_verdict/attachment; tests/integration also has none)
agentbus_client.client.sync_verify.xǁSyncVerifyMixinǁget_claim__mutmut_15	no tests	gap	medium	SyncVerifyMixin.get_claim	malformed-response placeholder key renamed (data contract on the malformed path). Uncovered: no in-process caller in the unit suite (CLI verify tests fake _bus; no test calls AgentBus.verify/get_claim/record_verdict/attachment; tests/integration also has none)
agentbus_client.client.sync_verify.xǁSyncVerifyMixinǁget_claim__mutmut_16	no tests	gap	low	SyncVerifyMixin.get_claim	placeholder note text changed. Uncovered: no in-process caller in the unit suite (CLI verify tests fake _bus; no test calls AgentBus.verify/get_claim/record_verdict/attachment; tests/integration also has none)
agentbus_client.client.sync_verify.xǁSyncVerifyMixinǁget_claim__mutmut_17	no tests	gap	low	SyncVerifyMixin.get_claim	placeholder note text changed. Uncovered: no in-process caller in the unit suite (CLI verify tests fake _bus; no test calls AgentBus.verify/get_claim/record_verdict/attachment; tests/integration also has none)
agentbus_client.client.sync_verify.xǁSyncVerifyMixinǁget_claim__mutmut_2	no tests	gap	medium	SyncVerifyMixin.get_claim	method None: AttributeError in _request. Uncovered: no in-process caller in the unit suite (CLI verify tests fake _bus; no test calls AgentBus.verify/get_claim/record_verdict/attachment; tests/integration also has none)
agentbus_client.client.sync_verify.xǁSyncVerifyMixinǁget_claim__mutmut_3	no tests	gap	medium	SyncVerifyMixin.get_claim	path None: httpx TypeError. Uncovered: no in-process caller in the unit suite (CLI verify tests fake _bus; no test calls AgentBus.verify/get_claim/record_verdict/attachment; tests/integration also has none)
agentbus_client.client.sync_verify.xǁSyncVerifyMixinǁget_claim__mutmut_4	no tests	gap	high	SyncVerifyMixin.get_claim	agent dropped: claim read as self.agent instead of the explicit agent. Uncovered: no in-process caller in the unit suite (CLI verify tests fake _bus; no test calls AgentBus.verify/get_claim/record_verdict/attachment; tests/integration also has none)
agentbus_client.client.sync_verify.xǁSyncVerifyMixinǁget_claim__mutmut_5	no tests	gap	medium	SyncVerifyMixin.get_claim	method shifted to the path: TypeError. Uncovered: no in-process caller in the unit suite (CLI verify tests fake _bus; no test calls AgentBus.verify/get_claim/record_verdict/attachment; tests/integration also has none)
agentbus_client.client.sync_verify.xǁSyncVerifyMixinǁget_claim__mutmut_6	no tests	gap	medium	SyncVerifyMixin.get_claim	path missing: TypeError. Uncovered: no in-process caller in the unit suite (CLI verify tests fake _bus; no test calls AgentBus.verify/get_claim/record_verdict/attachment; tests/integration also has none)
agentbus_client.client.sync_verify.xǁSyncVerifyMixinǁget_claim__mutmut_7	no tests	gap	high	SyncVerifyMixin.get_claim	agent dropped: claim read as self.agent instead of the explicit agent. Uncovered: no in-process caller in the unit suite (CLI verify tests fake _bus; no test calls AgentBus.verify/get_claim/record_verdict/attachment; tests/integration also has none)
agentbus_client.client.sync_verify.xǁSyncVerifyMixinǁget_claim__mutmut_8	no tests	gap	medium	SyncVerifyMixin.get_claim	method XXGETXX: server rejects, loud. Uncovered: no in-process caller in the unit suite (CLI verify tests fake _bus; no test calls AgentBus.verify/get_claim/record_verdict/attachment; tests/integration also has none)
agentbus_client.client.sync_verify.xǁSyncVerifyMixinǁget_claim__mutmut_9	no tests	equivalent	-	SyncVerifyMixin.get_claim	'get' vs 'GET': httpx upper-cases the method and _request uses method.upper() for safe_to_repeat; identical request
agentbus_client.client.sync_verify.xǁSyncVerifyMixinǁrecord_verdict__mutmut_1	no tests	gap	high	SyncVerifyMixin.record_verdict	payload None: verdict POSTed with no body (or TypeError when optional fields given): verdict not recorded. Uncovered: no in-process caller in the unit suite (CLI verify tests fake _bus; no test calls AgentBus.verify/get_claim/record_verdict/attachment; tests/integration also has none)
agentbus_client.client.sync_verify.xǁSyncVerifyMixinǁrecord_verdict__mutmut_10	no tests	gap	high	SyncVerifyMixin.record_verdict	observation field key renamed in the verdict body: wire contract broken, evidence lost. Uncovered: no in-process caller in the unit suite (CLI verify tests fake _bus; no test calls AgentBus.verify/get_claim/record_verdict/attachment; tests/integration also has none)
agentbus_client.client.sync_verify.xǁSyncVerifyMixinǁrecord_verdict__mutmut_11	no tests	gap	high	SyncVerifyMixin.record_verdict	observation field key renamed in the verdict body: wire contract broken, evidence lost. Uncovered: no in-process caller in the unit suite (CLI verify tests fake _bus; no test calls AgentBus.verify/get_claim/record_verdict/attachment; tests/integration also has none)
agentbus_client.client.sync_verify.xǁSyncVerifyMixinǁrecord_verdict__mutmut_12	no tests	gap	high	SyncVerifyMixin.record_verdict	optional-field guard inverted: supplied observation dropped, absent one sent as null: verdict recorded wrongly. Uncovered: no in-process caller in the unit suite (CLI verify tests fake _bus; no test calls AgentBus.verify/get_claim/record_verdict/attachment; tests/integration also has none)
agentbus_client.client.sync_verify.xǁSyncVerifyMixinǁrecord_verdict__mutmut_13	no tests	gap	high	SyncVerifyMixin.record_verdict	observation field sent as null: verdict evidence recorded wrongly. Uncovered: no in-process caller in the unit suite (CLI verify tests fake _bus; no test calls AgentBus.verify/get_claim/record_verdict/attachment; tests/integration also has none)
agentbus_client.client.sync_verify.xǁSyncVerifyMixinǁrecord_verdict__mutmut_14	no tests	gap	high	SyncVerifyMixin.record_verdict	observation field key renamed in the verdict body: wire contract broken, evidence lost. Uncovered: no in-process caller in the unit suite (CLI verify tests fake _bus; no test calls AgentBus.verify/get_claim/record_verdict/attachment; tests/integration also has none)
agentbus_client.client.sync_verify.xǁSyncVerifyMixinǁrecord_verdict__mutmut_15	no tests	gap	high	SyncVerifyMixin.record_verdict	observation field key renamed in the verdict body: wire contract broken, evidence lost. Uncovered: no in-process caller in the unit suite (CLI verify tests fake _bus; no test calls AgentBus.verify/get_claim/record_verdict/attachment; tests/integration also has none)
agentbus_client.client.sync_verify.xǁSyncVerifyMixinǁrecord_verdict__mutmut_16	no tests	gap	high	SyncVerifyMixin.record_verdict	optional-field guard inverted: supplied observation dropped, absent one sent as null: verdict recorded wrongly. Uncovered: no in-process caller in the unit suite (CLI verify tests fake _bus; no test calls AgentBus.verify/get_claim/record_verdict/attachment; tests/integration also has none)
agentbus_client.client.sync_verify.xǁSyncVerifyMixinǁrecord_verdict__mutmut_17	no tests	gap	high	SyncVerifyMixin.record_verdict	observation field sent as null: verdict evidence recorded wrongly. Uncovered: no in-process caller in the unit suite (CLI verify tests fake _bus; no test calls AgentBus.verify/get_claim/record_verdict/attachment; tests/integration also has none)
agentbus_client.client.sync_verify.xǁSyncVerifyMixinǁrecord_verdict__mutmut_18	no tests	gap	high	SyncVerifyMixin.record_verdict	observation field key renamed in the verdict body: wire contract broken, evidence lost. Uncovered: no in-process caller in the unit suite (CLI verify tests fake _bus; no test calls AgentBus.verify/get_claim/record_verdict/attachment; tests/integration also has none)
agentbus_client.client.sync_verify.xǁSyncVerifyMixinǁrecord_verdict__mutmut_19	no tests	gap	high	SyncVerifyMixin.record_verdict	observation field key renamed in the verdict body: wire contract broken, evidence lost. Uncovered: no in-process caller in the unit suite (CLI verify tests fake _bus; no test calls AgentBus.verify/get_claim/record_verdict/attachment; tests/integration also has none)
agentbus_client.client.sync_verify.xǁSyncVerifyMixinǁrecord_verdict__mutmut_2	no tests	gap	high	SyncVerifyMixin.record_verdict	'result' key renamed in the verdict body: verdict recorded wrongly/rejected. Uncovered: no in-process caller in the unit suite (CLI verify tests fake _bus; no test calls AgentBus.verify/get_claim/record_verdict/attachment; tests/integration also has none)
agentbus_client.client.sync_verify.xǁSyncVerifyMixinǁrecord_verdict__mutmut_20	no tests	gap	high	SyncVerifyMixin.record_verdict	_request never made: verdict NOT recorded but caller receives a success-shaped dict. Uncovered: no in-process caller in the unit suite (CLI verify tests fake _bus; no test calls AgentBus.verify/get_claim/record_verdict/attachment; tests/integration also has none)
agentbus_client.client.sync_verify.xǁSyncVerifyMixinǁrecord_verdict__mutmut_21	no tests	gap	medium	SyncVerifyMixin.record_verdict	None/shifted method or path: crash (AttributeError/TypeError). Uncovered: no in-process caller in the unit suite (CLI verify tests fake _bus; no test calls AgentBus.verify/get_claim/record_verdict/attachment; tests/integration also has none)
agentbus_client.client.sync_verify.xǁSyncVerifyMixinǁrecord_verdict__mutmut_22	no tests	gap	medium	SyncVerifyMixin.record_verdict	None/shifted method or path: crash (AttributeError/TypeError). Uncovered: no in-process caller in the unit suite (CLI verify tests fake _bus; no test calls AgentBus.verify/get_claim/record_verdict/attachment; tests/integration also has none)
agentbus_client.client.sync_verify.xǁSyncVerifyMixinǁrecord_verdict__mutmut_23	no tests	gap	high	SyncVerifyMixin.record_verdict	verdict POSTed without its JSON body: verdict not recorded. Uncovered: no in-process caller in the unit suite (CLI verify tests fake _bus; no test calls AgentBus.verify/get_claim/record_verdict/attachment; tests/integration also has none)
agentbus_client.client.sync_verify.xǁSyncVerifyMixinǁrecord_verdict__mutmut_24	no tests	gap	high	SyncVerifyMixin.record_verdict	agent dropped: verdict recorded under self.agent instead of the explicit agent. Uncovered: no in-process caller in the unit suite (CLI verify tests fake _bus; no test calls AgentBus.verify/get_claim/record_verdict/attachment; tests/integration also has none)
agentbus_client.client.sync_verify.xǁSyncVerifyMixinǁrecord_verdict__mutmut_25	no tests	gap	medium	SyncVerifyMixin.record_verdict	None/shifted method or path: crash (AttributeError/TypeError). Uncovered: no in-process caller in the unit suite (CLI verify tests fake _bus; no test calls AgentBus.verify/get_claim/record_verdict/attachment; tests/integration also has none)
agentbus_client.client.sync_verify.xǁSyncVerifyMixinǁrecord_verdict__mutmut_26	no tests	gap	medium	SyncVerifyMixin.record_verdict	None/shifted method or path: crash (AttributeError/TypeError). Uncovered: no in-process caller in the unit suite (CLI verify tests fake _bus; no test calls AgentBus.verify/get_claim/record_verdict/attachment; tests/integration also has none)
agentbus_client.client.sync_verify.xǁSyncVerifyMixinǁrecord_verdict__mutmut_27	no tests	gap	high	SyncVerifyMixin.record_verdict	verdict POSTed without its JSON body: verdict not recorded. Uncovered: no in-process caller in the unit suite (CLI verify tests fake _bus; no test calls AgentBus.verify/get_claim/record_verdict/attachment; tests/integration also has none)
agentbus_client.client.sync_verify.xǁSyncVerifyMixinǁrecord_verdict__mutmut_28	no tests	gap	high	SyncVerifyMixin.record_verdict	agent dropped: verdict recorded under self.agent instead of the explicit agent. Uncovered: no in-process caller in the unit suite (CLI verify tests fake _bus; no test calls AgentBus.verify/get_claim/record_verdict/attachment; tests/integration also has none)
agentbus_client.client.sync_verify.xǁSyncVerifyMixinǁrecord_verdict__mutmut_29	no tests	gap	medium	SyncVerifyMixin.record_verdict	method XXPOSTXX: server rejects, loud. Uncovered: no in-process caller in the unit suite (CLI verify tests fake _bus; no test calls AgentBus.verify/get_claim/record_verdict/attachment; tests/integration also has none)
agentbus_client.client.sync_verify.xǁSyncVerifyMixinǁrecord_verdict__mutmut_3	no tests	gap	high	SyncVerifyMixin.record_verdict	'result' key renamed in the verdict body: verdict recorded wrongly/rejected. Uncovered: no in-process caller in the unit suite (CLI verify tests fake _bus; no test calls AgentBus.verify/get_claim/record_verdict/attachment; tests/integration also has none)
agentbus_client.client.sync_verify.xǁSyncVerifyMixinǁrecord_verdict__mutmut_30	no tests	equivalent	-	SyncVerifyMixin.record_verdict	'post' vs 'POST': httpx upper-cases; method.upper() not in the safe set either way, so identical request and no-retry policy
agentbus_client.client.sync_verify.xǁSyncVerifyMixinǁrecord_verdict__mutmut_31	no tests	gap	high	SyncVerifyMixin.record_verdict	server response (verdict_id) always discarded and replaced by {'verdict_id': ''}. Uncovered: no in-process caller in the unit suite (CLI verify tests fake _bus; no test calls AgentBus.verify/get_claim/record_verdict/attachment; tests/integration also has none)
agentbus_client.client.sync_verify.xǁSyncVerifyMixinǁrecord_verdict__mutmut_32	no tests	gap	medium	SyncVerifyMixin.record_verdict	non-dict server payload returned as-is instead of the fallback dict. Uncovered: no in-process caller in the unit suite (CLI verify tests fake _bus; no test calls AgentBus.verify/get_claim/record_verdict/attachment; tests/integration also has none)
agentbus_client.client.sync_verify.xǁSyncVerifyMixinǁrecord_verdict__mutmut_33	no tests	gap	medium	SyncVerifyMixin.record_verdict	fallback dict key/value changed on the malformed-response path (35 fabricates verdict_id 'XXXX'). Uncovered: no in-process caller in the unit suite (CLI verify tests fake _bus; no test calls AgentBus.verify/get_claim/record_verdict/attachment; tests/integration also has none)
agentbus_client.client.sync_verify.xǁSyncVerifyMixinǁrecord_verdict__mutmut_34	no tests	gap	medium	SyncVerifyMixin.record_verdict	fallback dict key/value changed on the malformed-response path (35 fabricates verdict_id 'XXXX'). Uncovered: no in-process caller in the unit suite (CLI verify tests fake _bus; no test calls AgentBus.verify/get_claim/record_verdict/attachment; tests/integration also has none)
agentbus_client.client.sync_verify.xǁSyncVerifyMixinǁrecord_verdict__mutmut_35	no tests	gap	medium	SyncVerifyMixin.record_verdict	fallback dict key/value changed on the malformed-response path (35 fabricates verdict_id 'XXXX'). Uncovered: no in-process caller in the unit suite (CLI verify tests fake _bus; no test calls AgentBus.verify/get_claim/record_verdict/attachment; tests/integration also has none)
agentbus_client.client.sync_verify.xǁSyncVerifyMixinǁrecord_verdict__mutmut_36	no tests	gap	medium	SyncVerifyMixin.record_verdict	fallback dict key/value changed on the malformed-response path (35 fabricates verdict_id 'XXXX'). Uncovered: no in-process caller in the unit suite (CLI verify tests fake _bus; no test calls AgentBus.verify/get_claim/record_verdict/attachment; tests/integration also has none)
agentbus_client.client.sync_verify.xǁSyncVerifyMixinǁrecord_verdict__mutmut_37	no tests	gap	medium	SyncVerifyMixin.record_verdict	fallback dict key/value changed on the malformed-response path (35 fabricates verdict_id 'XXXX'). Uncovered: no in-process caller in the unit suite (CLI verify tests fake _bus; no test calls AgentBus.verify/get_claim/record_verdict/attachment; tests/integration also has none)
agentbus_client.client.sync_verify.xǁSyncVerifyMixinǁrecord_verdict__mutmut_4	no tests	gap	high	SyncVerifyMixin.record_verdict	optional-field guard inverted: supplied observation dropped, absent one sent as null: verdict recorded wrongly. Uncovered: no in-process caller in the unit suite (CLI verify tests fake _bus; no test calls AgentBus.verify/get_claim/record_verdict/attachment; tests/integration also has none)
agentbus_client.client.sync_verify.xǁSyncVerifyMixinǁrecord_verdict__mutmut_5	no tests	gap	high	SyncVerifyMixin.record_verdict	observation field sent as null: verdict evidence recorded wrongly. Uncovered: no in-process caller in the unit suite (CLI verify tests fake _bus; no test calls AgentBus.verify/get_claim/record_verdict/attachment; tests/integration also has none)
agentbus_client.client.sync_verify.xǁSyncVerifyMixinǁrecord_verdict__mutmut_6	no tests	gap	high	SyncVerifyMixin.record_verdict	observation field key renamed in the verdict body: wire contract broken, evidence lost. Uncovered: no in-process caller in the unit suite (CLI verify tests fake _bus; no test calls AgentBus.verify/get_claim/record_verdict/attachment; tests/integration also has none)
agentbus_client.client.sync_verify.xǁSyncVerifyMixinǁrecord_verdict__mutmut_7	no tests	gap	high	SyncVerifyMixin.record_verdict	observation field key renamed in the verdict body: wire contract broken, evidence lost. Uncovered: no in-process caller in the unit suite (CLI verify tests fake _bus; no test calls AgentBus.verify/get_claim/record_verdict/attachment; tests/integration also has none)
agentbus_client.client.sync_verify.xǁSyncVerifyMixinǁrecord_verdict__mutmut_8	no tests	gap	high	SyncVerifyMixin.record_verdict	optional-field guard inverted: supplied observation dropped, absent one sent as null: verdict recorded wrongly. Uncovered: no in-process caller in the unit suite (CLI verify tests fake _bus; no test calls AgentBus.verify/get_claim/record_verdict/attachment; tests/integration also has none)
agentbus_client.client.sync_verify.xǁSyncVerifyMixinǁrecord_verdict__mutmut_9	no tests	gap	high	SyncVerifyMixin.record_verdict	observation field sent as null: verdict evidence recorded wrongly. Uncovered: no in-process caller in the unit suite (CLI verify tests fake _bus; no test calls AgentBus.verify/get_claim/record_verdict/attachment; tests/integration also has none)
agentbus_client.client.sync_verify.xǁSyncVerifyMixinǁverify__mutmut_1	no tests	gap	medium	SyncVerifyMixin.verify	None.get AttributeError: verify() crashes on every call instead of returning a verdict. Uncovered: no in-process caller in the unit suite (CLI verify tests fake _bus; no test calls AgentBus.verify/get_claim/record_verdict/attachment; tests/integration also has none)
agentbus_client.client.sync_verify.xǁSyncVerifyMixinǁverify__mutmut_10	no tests	gap	high	SyncVerifyMixin.verify	signature block never found: every SIGNED message is reported verdict 'unsigned'. Uncovered: no in-process caller in the unit suite (CLI verify tests fake _bus; no test calls AgentBus.verify/get_claim/record_verdict/attachment; tests/integration also has none)
agentbus_client.client.sync_verify.xǁSyncVerifyMixinǁverify__mutmut_100	no tests	gap	high	SyncVerifyMixin.verify	signed as-typed recipients dropped (to/cc empty) or None: canonical bytes differ, honest signature reported 'invalid' (or crash when absent). Uncovered: no in-process caller in the unit suite (CLI verify tests fake _bus; no test calls AgentBus.verify/get_claim/record_verdict/attachment; tests/integration also has none)
agentbus_client.client.sync_verify.xǁSyncVerifyMixinǁverify__mutmut_101	no tests	gap	high	SyncVerifyMixin.verify	signed as-typed recipients dropped (to/cc empty) or None: canonical bytes differ, honest signature reported 'invalid' (or crash when absent). Uncovered: no in-process caller in the unit suite (CLI verify tests fake _bus; no test calls AgentBus.verify/get_claim/record_verdict/attachment; tests/integration also has none)
agentbus_client.client.sync_verify.xǁSyncVerifyMixinǁverify__mutmut_102	no tests	gap	high	SyncVerifyMixin.verify	signed as-typed recipients dropped (to/cc empty) or None: canonical bytes differ, honest signature reported 'invalid' (or crash when absent). Uncovered: no in-process caller in the unit suite (CLI verify tests fake _bus; no test calls AgentBus.verify/get_claim/record_verdict/attachment; tests/integration also has none)
agentbus_client.client.sync_verify.xǁSyncVerifyMixinǁverify__mutmut_103	no tests	gap	high	SyncVerifyMixin.verify	signed as-typed recipients dropped (to/cc empty) or None: canonical bytes differ, honest signature reported 'invalid' (or crash when absent). Uncovered: no in-process caller in the unit suite (CLI verify tests fake _bus; no test calls AgentBus.verify/get_claim/record_verdict/attachment; tests/integration also has none)
agentbus_client.client.sync_verify.xǁSyncVerifyMixinǁverify__mutmut_104	no tests	gap	high	SyncVerifyMixin.verify	signed as-typed recipients dropped (to/cc empty) or None: canonical bytes differ, honest signature reported 'invalid' (or crash when absent). Uncovered: no in-process caller in the unit suite (CLI verify tests fake _bus; no test calls AgentBus.verify/get_claim/record_verdict/attachment; tests/integration also has none)
agentbus_client.client.sync_verify.xǁSyncVerifyMixinǁverify__mutmut_105	no tests	gap	high	SyncVerifyMixin.verify	signed as-typed recipients dropped (to/cc empty) or None: canonical bytes differ, honest signature reported 'invalid' (or crash when absent). Uncovered: no in-process caller in the unit suite (CLI verify tests fake _bus; no test calls AgentBus.verify/get_claim/record_verdict/attachment; tests/integration also has none)
agentbus_client.client.sync_verify.xǁSyncVerifyMixinǁverify__mutmut_106	no tests	gap	high	SyncVerifyMixin.verify	signed as-typed recipients dropped (to/cc empty) or None: canonical bytes differ, honest signature reported 'invalid' (or crash when absent). Uncovered: no in-process caller in the unit suite (CLI verify tests fake _bus; no test calls AgentBus.verify/get_claim/record_verdict/attachment; tests/integration also has none)
agentbus_client.client.sync_verify.xǁSyncVerifyMixinǁverify__mutmut_107	no tests	gap	high	SyncVerifyMixin.verify	signed as-typed recipients dropped (to/cc empty) or None: canonical bytes differ, honest signature reported 'invalid' (or crash when absent). Uncovered: no in-process caller in the unit suite (CLI verify tests fake _bus; no test calls AgentBus.verify/get_claim/record_verdict/attachment; tests/integration also has none)
agentbus_client.client.sync_verify.xǁSyncVerifyMixinǁverify__mutmut_108	no tests	gap	medium	SyncVerifyMixin.verify	string-encoded signed_recipients path crashes (None / json.loads(None)). Uncovered: no in-process caller in the unit suite (CLI verify tests fake _bus; no test calls AgentBus.verify/get_claim/record_verdict/attachment; tests/integration also has none)
agentbus_client.client.sync_verify.xǁSyncVerifyMixinǁverify__mutmut_109	no tests	gap	medium	SyncVerifyMixin.verify	string-encoded signed_recipients path crashes (None / json.loads(None)). Uncovered: no in-process caller in the unit suite (CLI verify tests fake _bus; no test calls AgentBus.verify/get_claim/record_verdict/attachment; tests/integration also has none)
agentbus_client.client.sync_verify.xǁSyncVerifyMixinǁverify__mutmut_11	no tests	gap	medium	SyncVerifyMixin.verify	None.get AttributeError: verify() crashes on every call instead of returning a verdict. Uncovered: no in-process caller in the unit suite (CLI verify tests fake _bus; no test calls AgentBus.verify/get_claim/record_verdict/attachment; tests/integration also has none)
agentbus_client.client.sync_verify.xǁSyncVerifyMixinǁverify__mutmut_110	no tests	gap	high	SyncVerifyMixin.verify	body_sha256 check inverted: messages WITH the hash return 'unverifiable'; messages without it are hashed as empty body and reported 'invalid' (#220 regression). Uncovered: no in-process caller in the unit suite (CLI verify tests fake _bus; no test calls AgentBus.verify/get_claim/record_verdict/attachment; tests/integration also has none)
agentbus_client.client.sync_verify.xǁSyncVerifyMixinǁverify__mutmut_111	no tests	gap	high	SyncVerifyMixin.verify	body_sha256 never seen: every signed message reported 'unverifiable'. Uncovered: no in-process caller in the unit suite (CLI verify tests fake _bus; no test calls AgentBus.verify/get_claim/record_verdict/attachment; tests/integration also has none)
agentbus_client.client.sync_verify.xǁSyncVerifyMixinǁverify__mutmut_112	no tests	gap	high	SyncVerifyMixin.verify	body_sha256 never seen: every signed message reported 'unverifiable'. Uncovered: no in-process caller in the unit suite (CLI verify tests fake _bus; no test calls AgentBus.verify/get_claim/record_verdict/attachment; tests/integration also has none)
agentbus_client.client.sync_verify.xǁSyncVerifyMixinǁverify__mutmut_113	no tests	gap	high	SyncVerifyMixin.verify	body_sha256 never seen: every signed message reported 'unverifiable'. Uncovered: no in-process caller in the unit suite (CLI verify tests fake _bus; no test calls AgentBus.verify/get_claim/record_verdict/attachment; tests/integration also has none)
agentbus_client.client.sync_verify.xǁSyncVerifyMixinǁverify__mutmut_114	no tests	gap	high	SyncVerifyMixin.verify	unverifiable(no body hash) result key renamed: data contract broken. Uncovered: no in-process caller in the unit suite (CLI verify tests fake _bus; no test calls AgentBus.verify/get_claim/record_verdict/attachment; tests/integration also has none)
agentbus_client.client.sync_verify.xǁSyncVerifyMixinǁverify__mutmut_115	no tests	gap	high	SyncVerifyMixin.verify	unverifiable(no body hash) result key renamed: data contract broken. Uncovered: no in-process caller in the unit suite (CLI verify tests fake _bus; no test calls AgentBus.verify/get_claim/record_verdict/attachment; tests/integration also has none)
agentbus_client.client.sync_verify.xǁSyncVerifyMixinǁverify__mutmut_116	no tests	gap	high	SyncVerifyMixin.verify	missing body hash reported verified=True. Uncovered: no in-process caller in the unit suite (CLI verify tests fake _bus; no test calls AgentBus.verify/get_claim/record_verdict/attachment; tests/integration also has none)
agentbus_client.client.sync_verify.xǁSyncVerifyMixinǁverify__mutmut_117	no tests	gap	high	SyncVerifyMixin.verify	unverifiable(no body hash) result key renamed: data contract broken. Uncovered: no in-process caller in the unit suite (CLI verify tests fake _bus; no test calls AgentBus.verify/get_claim/record_verdict/attachment; tests/integration also has none)
agentbus_client.client.sync_verify.xǁSyncVerifyMixinǁverify__mutmut_118	no tests	gap	high	SyncVerifyMixin.verify	unverifiable(no body hash) result key renamed: data contract broken. Uncovered: no in-process caller in the unit suite (CLI verify tests fake _bus; no test calls AgentBus.verify/get_claim/record_verdict/attachment; tests/integration also has none)
agentbus_client.client.sync_verify.xǁSyncVerifyMixinǁverify__mutmut_119	no tests	gap	high	SyncVerifyMixin.verify	verdict 'unverifiable' value changed: contract broken. Uncovered: no in-process caller in the unit suite (CLI verify tests fake _bus; no test calls AgentBus.verify/get_claim/record_verdict/attachment; tests/integration also has none)
agentbus_client.client.sync_verify.xǁSyncVerifyMixinǁverify__mutmut_12	no tests	gap	high	SyncVerifyMixin.verify	signature block never found: every SIGNED message is reported verdict 'unsigned'. Uncovered: no in-process caller in the unit suite (CLI verify tests fake _bus; no test calls AgentBus.verify/get_claim/record_verdict/attachment; tests/integration also has none)
agentbus_client.client.sync_verify.xǁSyncVerifyMixinǁverify__mutmut_120	no tests	gap	high	SyncVerifyMixin.verify	verdict 'unverifiable' value changed: contract broken. Uncovered: no in-process caller in the unit suite (CLI verify tests fake _bus; no test calls AgentBus.verify/get_claim/record_verdict/attachment; tests/integration also has none)
agentbus_client.client.sync_verify.xǁSyncVerifyMixinǁverify__mutmut_121	no tests	gap	high	SyncVerifyMixin.verify	unverifiable(no body hash) result key renamed: data contract broken. Uncovered: no in-process caller in the unit suite (CLI verify tests fake _bus; no test calls AgentBus.verify/get_claim/record_verdict/attachment; tests/integration also has none)
agentbus_client.client.sync_verify.xǁSyncVerifyMixinǁverify__mutmut_122	no tests	gap	high	SyncVerifyMixin.verify	unverifiable(no body hash) result key renamed: data contract broken. Uncovered: no in-process caller in the unit suite (CLI verify tests fake _bus; no test calls AgentBus.verify/get_claim/record_verdict/attachment; tests/integration also has none)
agentbus_client.client.sync_verify.xǁSyncVerifyMixinǁverify__mutmut_123	no tests	gap	low	SyncVerifyMixin.verify	reason wording changed. Uncovered: no in-process caller in the unit suite (CLI verify tests fake _bus; no test calls AgentBus.verify/get_claim/record_verdict/attachment; tests/integration also has none)
agentbus_client.client.sync_verify.xǁSyncVerifyMixinǁverify__mutmut_124	no tests	gap	low	SyncVerifyMixin.verify	reason wording changed. Uncovered: no in-process caller in the unit suite (CLI verify tests fake _bus; no test calls AgentBus.verify/get_claim/record_verdict/attachment; tests/integration also has none)
agentbus_client.client.sync_verify.xǁSyncVerifyMixinǁverify__mutmut_125	no tests	gap	low	SyncVerifyMixin.verify	reason wording changed. Uncovered: no in-process caller in the unit suite (CLI verify tests fake _bus; no test calls AgentBus.verify/get_claim/record_verdict/attachment; tests/integration also has none)
agentbus_client.client.sync_verify.xǁSyncVerifyMixinǁverify__mutmut_126	no tests	gap	low	SyncVerifyMixin.verify	reason wording changed. Uncovered: no in-process caller in the unit suite (CLI verify tests fake _bus; no test calls AgentBus.verify/get_claim/record_verdict/attachment; tests/integration also has none)
agentbus_client.client.sync_verify.xǁSyncVerifyMixinǁverify__mutmut_127	no tests	gap	low	SyncVerifyMixin.verify	reason wording changed. Uncovered: no in-process caller in the unit suite (CLI verify tests fake _bus; no test calls AgentBus.verify/get_claim/record_verdict/attachment; tests/integration also has none)
agentbus_client.client.sync_verify.xǁSyncVerifyMixinǁverify__mutmut_128	no tests	gap	low	SyncVerifyMixin.verify	reason wording changed. Uncovered: no in-process caller in the unit suite (CLI verify tests fake _bus; no test calls AgentBus.verify/get_claim/record_verdict/attachment; tests/integration also has none)
agentbus_client.client.sync_verify.xǁSyncVerifyMixinǁverify__mutmut_129	no tests	gap	low	SyncVerifyMixin.verify	reason wording changed. Uncovered: no in-process caller in the unit suite (CLI verify tests fake _bus; no test calls AgentBus.verify/get_claim/record_verdict/attachment; tests/integration also has none)
agentbus_client.client.sync_verify.xǁSyncVerifyMixinǁverify__mutmut_13	no tests	gap	high	SyncVerifyMixin.verify	signature block never found: every SIGNED message is reported verdict 'unsigned'. Uncovered: no in-process caller in the unit suite (CLI verify tests fake _bus; no test calls AgentBus.verify/get_claim/record_verdict/attachment; tests/integration also has none)
agentbus_client.client.sync_verify.xǁSyncVerifyMixinǁverify__mutmut_130	no tests	gap	low	SyncVerifyMixin.verify	reason wording changed. Uncovered: no in-process caller in the unit suite (CLI verify tests fake _bus; no test calls AgentBus.verify/get_claim/record_verdict/attachment; tests/integration also has none)
agentbus_client.client.sync_verify.xǁSyncVerifyMixinǁverify__mutmut_131	no tests	gap	low	SyncVerifyMixin.verify	reason wording changed. Uncovered: no in-process caller in the unit suite (CLI verify tests fake _bus; no test calls AgentBus.verify/get_claim/record_verdict/attachment; tests/integration also has none)
agentbus_client.client.sync_verify.xǁSyncVerifyMixinǁverify__mutmut_132	no tests	gap	high	SyncVerifyMixin.verify	unverifiable(no body hash) result key renamed: data contract broken. Uncovered: no in-process caller in the unit suite (CLI verify tests fake _bus; no test calls AgentBus.verify/get_claim/record_verdict/attachment; tests/integration also has none)
agentbus_client.client.sync_verify.xǁSyncVerifyMixinǁverify__mutmut_133	no tests	gap	high	SyncVerifyMixin.verify	unverifiable(no body hash) result key renamed: data contract broken. Uncovered: no in-process caller in the unit suite (CLI verify tests fake _bus; no test calls AgentBus.verify/get_claim/record_verdict/attachment; tests/integration also has none)
agentbus_client.client.sync_verify.xǁSyncVerifyMixinǁverify__mutmut_134	no tests	gap	high	SyncVerifyMixin.verify	platform_said always None: the platform-vs-local disagreement the feature exists to surface is hidden (CLI prints NOTE on platform_said != 'valid'). Uncovered: no in-process caller in the unit suite (CLI verify tests fake _bus; no test calls AgentBus.verify/get_claim/record_verdict/attachment; tests/integration also has none)
agentbus_client.client.sync_verify.xǁSyncVerifyMixinǁverify__mutmut_135	no tests	gap	high	SyncVerifyMixin.verify	platform_said always None: the platform-vs-local disagreement the feature exists to surface is hidden (CLI prints NOTE on platform_said != 'valid'). Uncovered: no in-process caller in the unit suite (CLI verify tests fake _bus; no test calls AgentBus.verify/get_claim/record_verdict/attachment; tests/integration also has none)
agentbus_client.client.sync_verify.xǁSyncVerifyMixinǁverify__mutmut_136	no tests	gap	high	SyncVerifyMixin.verify	platform_said always None: the platform-vs-local disagreement the feature exists to surface is hidden (CLI prints NOTE on platform_said != 'valid'). Uncovered: no in-process caller in the unit suite (CLI verify tests fake _bus; no test calls AgentBus.verify/get_claim/record_verdict/attachment; tests/integration also has none)
agentbus_client.client.sync_verify.xǁSyncVerifyMixinǁverify__mutmut_137	no tests	gap	high	SyncVerifyMixin.verify	payload None: Ed25519 verify raises TypeError, _signing.verify maps it to BadSignature, so a GOOD signature is reported 'invalid'. Uncovered: no in-process caller in the unit suite (CLI verify tests fake _bus; no test calls AgentBus.verify/get_claim/record_verdict/attachment; tests/integration also has none)
agentbus_client.client.sync_verify.xǁSyncVerifyMixinǁverify__mutmut_138	no tests	gap	high	SyncVerifyMixin.verify	canonical bytes field wrong (sender/to/cc/subject/priority/body hash dropped, emptied or defaulted): good signatures with that field populated reported 'invalid'. Uncovered: no in-process caller in the unit suite (CLI verify tests fake _bus; no test calls AgentBus.verify/get_claim/record_verdict/attachment; tests/integration also has none)
agentbus_client.client.sync_verify.xǁSyncVerifyMixinǁverify__mutmut_139	no tests	gap	medium	SyncVerifyMixin.verify	to/cc None into sorted()/list(): TypeError crash. Uncovered: no in-process caller in the unit suite (CLI verify tests fake _bus; no test calls AgentBus.verify/get_claim/record_verdict/attachment; tests/integration also has none)
agentbus_client.client.sync_verify.xǁSyncVerifyMixinǁverify__mutmut_14	no tests	gap	high	SyncVerifyMixin.verify	signature block never found: every SIGNED message is reported verdict 'unsigned'. Uncovered: no in-process caller in the unit suite (CLI verify tests fake _bus; no test calls AgentBus.verify/get_claim/record_verdict/attachment; tests/integration also has none)
agentbus_client.client.sync_verify.xǁSyncVerifyMixinǁverify__mutmut_140	no tests	gap	high	SyncVerifyMixin.verify	canonical bytes field wrong (sender/to/cc/subject/priority/body hash dropped, emptied or defaulted): good signatures with that field populated reported 'invalid'. Uncovered: no in-process caller in the unit suite (CLI verify tests fake _bus; no test calls AgentBus.verify/get_claim/record_verdict/attachment; tests/integration also has none)
agentbus_client.client.sync_verify.xǁSyncVerifyMixinǁverify__mutmut_141	no tests	gap	high	SyncVerifyMixin.verify	canonical bytes field wrong (sender/to/cc/subject/priority/body hash dropped, emptied or defaulted): good signatures with that field populated reported 'invalid'. Uncovered: no in-process caller in the unit suite (CLI verify tests fake _bus; no test calls AgentBus.verify/get_claim/record_verdict/attachment; tests/integration also has none)
agentbus_client.client.sync_verify.xǁSyncVerifyMixinǁverify__mutmut_142	no tests	gap	high	SyncVerifyMixin.verify	canonical bytes field wrong (sender/to/cc/subject/priority/body hash dropped, emptied or defaulted): good signatures with that field populated reported 'invalid'. Uncovered: no in-process caller in the unit suite (CLI verify tests fake _bus; no test calls AgentBus.verify/get_claim/record_verdict/attachment; tests/integration also has none)
agentbus_client.client.sync_verify.xǁSyncVerifyMixinǁverify__mutmut_143	no tests	gap	high	SyncVerifyMixin.verify	canonical bytes field wrong (sender/to/cc/subject/priority/body hash dropped, emptied or defaulted): good signatures with that field populated reported 'invalid'. Uncovered: no in-process caller in the unit suite (CLI verify tests fake _bus; no test calls AgentBus.verify/get_claim/record_verdict/attachment; tests/integration also has none)
agentbus_client.client.sync_verify.xǁSyncVerifyMixinǁverify__mutmut_144	no tests	gap	medium	SyncVerifyMixin.verify	required keyword arg of canonical_bytes dropped: TypeError crash. Uncovered: no in-process caller in the unit suite (CLI verify tests fake _bus; no test calls AgentBus.verify/get_claim/record_verdict/attachment; tests/integration also has none)
agentbus_client.client.sync_verify.xǁSyncVerifyMixinǁverify__mutmut_145	no tests	gap	medium	SyncVerifyMixin.verify	required keyword arg of canonical_bytes dropped: TypeError crash. Uncovered: no in-process caller in the unit suite (CLI verify tests fake _bus; no test calls AgentBus.verify/get_claim/record_verdict/attachment; tests/integration also has none)
agentbus_client.client.sync_verify.xǁSyncVerifyMixinǁverify__mutmut_146	no tests	gap	medium	SyncVerifyMixin.verify	required keyword arg of canonical_bytes dropped: TypeError crash. Uncovered: no in-process caller in the unit suite (CLI verify tests fake _bus; no test calls AgentBus.verify/get_claim/record_verdict/attachment; tests/integration also has none)
agentbus_client.client.sync_verify.xǁSyncVerifyMixinǁverify__mutmut_147	no tests	gap	medium	SyncVerifyMixin.verify	required keyword arg of canonical_bytes dropped: TypeError crash. Uncovered: no in-process caller in the unit suite (CLI verify tests fake _bus; no test calls AgentBus.verify/get_claim/record_verdict/attachment; tests/integration also has none)
agentbus_client.client.sync_verify.xǁSyncVerifyMixinǁverify__mutmut_148	no tests	gap	medium	SyncVerifyMixin.verify	required keyword arg of canonical_bytes dropped: TypeError crash. Uncovered: no in-process caller in the unit suite (CLI verify tests fake _bus; no test calls AgentBus.verify/get_claim/record_verdict/attachment; tests/integration also has none)
agentbus_client.client.sync_verify.xǁSyncVerifyMixinǁverify__mutmut_149	no tests	gap	high	SyncVerifyMixin.verify	canonical bytes field wrong (sender/to/cc/subject/priority/body hash dropped, emptied or defaulted): good signatures with that field populated reported 'invalid'. Uncovered: no in-process caller in the unit suite (CLI verify tests fake _bus; no test calls AgentBus.verify/get_claim/record_verdict/attachment; tests/integration also has none)
agentbus_client.client.sync_verify.xǁSyncVerifyMixinǁverify__mutmut_15	no tests	gap	high	SyncVerifyMixin.verify	signature block never found: every SIGNED message is reported verdict 'unsigned'. Uncovered: no in-process caller in the unit suite (CLI verify tests fake _bus; no test calls AgentBus.verify/get_claim/record_verdict/attachment; tests/integration also has none)
agentbus_client.client.sync_verify.xǁSyncVerifyMixinǁverify__mutmut_150	no tests	gap	medium	SyncVerifyMixin.verify	to/cc None into sorted()/list(): TypeError crash. Uncovered: no in-process caller in the unit suite (CLI verify tests fake _bus; no test calls AgentBus.verify/get_claim/record_verdict/attachment; tests/integration also has none)
agentbus_client.client.sync_verify.xǁSyncVerifyMixinǁverify__mutmut_151	no tests	gap	high	SyncVerifyMixin.verify	canonical bytes field wrong (sender/to/cc/subject/priority/body hash dropped, emptied or defaulted): good signatures with that field populated reported 'invalid'. Uncovered: no in-process caller in the unit suite (CLI verify tests fake _bus; no test calls AgentBus.verify/get_claim/record_verdict/attachment; tests/integration also has none)
agentbus_client.client.sync_verify.xǁSyncVerifyMixinǁverify__mutmut_152	no tests	gap	high	SyncVerifyMixin.verify	canonical bytes field wrong (sender/to/cc/subject/priority/body hash dropped, emptied or defaulted): good signatures with that field populated reported 'invalid'. Uncovered: no in-process caller in the unit suite (CLI verify tests fake _bus; no test calls AgentBus.verify/get_claim/record_verdict/attachment; tests/integration also has none)
agentbus_client.client.sync_verify.xǁSyncVerifyMixinǁverify__mutmut_153	no tests	gap	high	SyncVerifyMixin.verify	canonical bytes field wrong (sender/to/cc/subject/priority/body hash dropped, emptied or defaulted): good signatures with that field populated reported 'invalid'. Uncovered: no in-process caller in the unit suite (CLI verify tests fake _bus; no test calls AgentBus.verify/get_claim/record_verdict/attachment; tests/integration also has none)
agentbus_client.client.sync_verify.xǁSyncVerifyMixinǁverify__mutmut_154	no tests	gap	high	SyncVerifyMixin.verify	canonical bytes field wrong (sender/to/cc/subject/priority/body hash dropped, emptied or defaulted): good signatures with that field populated reported 'invalid'. Uncovered: no in-process caller in the unit suite (CLI verify tests fake _bus; no test calls AgentBus.verify/get_claim/record_verdict/attachment; tests/integration also has none)
agentbus_client.client.sync_verify.xǁSyncVerifyMixinǁverify__mutmut_155	no tests	gap	medium	SyncVerifyMixin.verify	to/cc None into sorted()/list(): TypeError crash. Uncovered: no in-process caller in the unit suite (CLI verify tests fake _bus; no test calls AgentBus.verify/get_claim/record_verdict/attachment; tests/integration also has none)
agentbus_client.client.sync_verify.xǁSyncVerifyMixinǁverify__mutmut_156	no tests	gap	high	SyncVerifyMixin.verify	canonical bytes field wrong (sender/to/cc/subject/priority/body hash dropped, emptied or defaulted): good signatures with that field populated reported 'invalid'. Uncovered: no in-process caller in the unit suite (CLI verify tests fake _bus; no test calls AgentBus.verify/get_claim/record_verdict/attachment; tests/integration also has none)
agentbus_client.client.sync_verify.xǁSyncVerifyMixinǁverify__mutmut_157	no tests	gap	high	SyncVerifyMixin.verify	canonical bytes field wrong (sender/to/cc/subject/priority/body hash dropped, emptied or defaulted): good signatures with that field populated reported 'invalid'. Uncovered: no in-process caller in the unit suite (CLI verify tests fake _bus; no test calls AgentBus.verify/get_claim/record_verdict/attachment; tests/integration also has none)
agentbus_client.client.sync_verify.xǁSyncVerifyMixinǁverify__mutmut_158	no tests	gap	high	SyncVerifyMixin.verify	canonical bytes field wrong (sender/to/cc/subject/priority/body hash dropped, emptied or defaulted): good signatures with that field populated reported 'invalid'. Uncovered: no in-process caller in the unit suite (CLI verify tests fake _bus; no test calls AgentBus.verify/get_claim/record_verdict/attachment; tests/integration also has none)
agentbus_client.client.sync_verify.xǁSyncVerifyMixinǁverify__mutmut_159	no tests	gap	high	SyncVerifyMixin.verify	canonical bytes field wrong (sender/to/cc/subject/priority/body hash dropped, emptied or defaulted): good signatures with that field populated reported 'invalid'. Uncovered: no in-process caller in the unit suite (CLI verify tests fake _bus; no test calls AgentBus.verify/get_claim/record_verdict/attachment; tests/integration also has none)
agentbus_client.client.sync_verify.xǁSyncVerifyMixinǁverify__mutmut_16	no tests	gap	high	SyncVerifyMixin.verify	signed check inverted: signed messages reported 'unsigned', unsigned ones go on to key lookup. Uncovered: no in-process caller in the unit suite (CLI verify tests fake _bus; no test calls AgentBus.verify/get_claim/record_verdict/attachment; tests/integration also has none)
agentbus_client.client.sync_verify.xǁSyncVerifyMixinǁverify__mutmut_160	no tests	gap	high	SyncVerifyMixin.verify	canonical bytes field wrong (sender/to/cc/subject/priority/body hash dropped, emptied or defaulted): good signatures with that field populated reported 'invalid'. Uncovered: no in-process caller in the unit suite (CLI verify tests fake _bus; no test calls AgentBus.verify/get_claim/record_verdict/attachment; tests/integration also has none)
agentbus_client.client.sync_verify.xǁSyncVerifyMixinǁverify__mutmut_161	no tests	gap	high	SyncVerifyMixin.verify	canonical bytes field wrong (sender/to/cc/subject/priority/body hash dropped, emptied or defaulted): good signatures with that field populated reported 'invalid'. Uncovered: no in-process caller in the unit suite (CLI verify tests fake _bus; no test calls AgentBus.verify/get_claim/record_verdict/attachment; tests/integration also has none)
agentbus_client.client.sync_verify.xǁSyncVerifyMixinǁverify__mutmut_162	no tests	gap	high	SyncVerifyMixin.verify	canonical bytes field wrong (sender/to/cc/subject/priority/body hash dropped, emptied or defaulted): good signatures with that field populated reported 'invalid'. Uncovered: no in-process caller in the unit suite (CLI verify tests fake _bus; no test calls AgentBus.verify/get_claim/record_verdict/attachment; tests/integration also has none)
agentbus_client.client.sync_verify.xǁSyncVerifyMixinǁverify__mutmut_163	no tests	gap	high	SyncVerifyMixin.verify	canonical bytes field wrong (sender/to/cc/subject/priority/body hash dropped, emptied or defaulted): good signatures with that field populated reported 'invalid'. Uncovered: no in-process caller in the unit suite (CLI verify tests fake _bus; no test calls AgentBus.verify/get_claim/record_verdict/attachment; tests/integration also has none)
agentbus_client.client.sync_verify.xǁSyncVerifyMixinǁverify__mutmut_164	no tests	gap	high	SyncVerifyMixin.verify	canonical bytes field wrong (sender/to/cc/subject/priority/body hash dropped, emptied or defaulted): good signatures with that field populated reported 'invalid'. Uncovered: no in-process caller in the unit suite (CLI verify tests fake _bus; no test calls AgentBus.verify/get_claim/record_verdict/attachment; tests/integration also has none)
agentbus_client.client.sync_verify.xǁSyncVerifyMixinǁverify__mutmut_165	no tests	gap	high	SyncVerifyMixin.verify	canonical bytes field wrong (sender/to/cc/subject/priority/body hash dropped, emptied or defaulted): good signatures with that field populated reported 'invalid'. Uncovered: no in-process caller in the unit suite (CLI verify tests fake _bus; no test calls AgentBus.verify/get_claim/record_verdict/attachment; tests/integration also has none)
agentbus_client.client.sync_verify.xǁSyncVerifyMixinǁverify__mutmut_166	no tests	gap	high	SyncVerifyMixin.verify	canonical bytes field wrong (sender/to/cc/subject/priority/body hash dropped, emptied or defaulted): good signatures with that field populated reported 'invalid'. Uncovered: no in-process caller in the unit suite (CLI verify tests fake _bus; no test calls AgentBus.verify/get_claim/record_verdict/attachment; tests/integration also has none)
agentbus_client.client.sync_verify.xǁSyncVerifyMixinǁverify__mutmut_167	no tests	gap	high	SyncVerifyMixin.verify	canonical bytes field wrong (sender/to/cc/subject/priority/body hash dropped, emptied or defaulted): good signatures with that field populated reported 'invalid'. Uncovered: no in-process caller in the unit suite (CLI verify tests fake _bus; no test calls AgentBus.verify/get_claim/record_verdict/attachment; tests/integration also has none)
agentbus_client.client.sync_verify.xǁSyncVerifyMixinǁverify__mutmut_168	no tests	gap	high	SyncVerifyMixin.verify	canonical bytes field wrong (sender/to/cc/subject/priority/body hash dropped, emptied or defaulted): good signatures with that field populated reported 'invalid'. Uncovered: no in-process caller in the unit suite (CLI verify tests fake _bus; no test calls AgentBus.verify/get_claim/record_verdict/attachment; tests/integration also has none)
agentbus_client.client.sync_verify.xǁSyncVerifyMixinǁverify__mutmut_169	no tests	gap	high	SyncVerifyMixin.verify	canonical bytes field wrong (sender/to/cc/subject/priority/body hash dropped, emptied or defaulted): good signatures with that field populated reported 'invalid'. Uncovered: no in-process caller in the unit suite (CLI verify tests fake _bus; no test calls AgentBus.verify/get_claim/record_verdict/attachment; tests/integration also has none)
agentbus_client.client.sync_verify.xǁSyncVerifyMixinǁverify__mutmut_17	no tests	gap	high	SyncVerifyMixin.verify	signature block never found: every SIGNED message is reported verdict 'unsigned'. Uncovered: no in-process caller in the unit suite (CLI verify tests fake _bus; no test calls AgentBus.verify/get_claim/record_verdict/attachment; tests/integration also has none)
agentbus_client.client.sync_verify.xǁSyncVerifyMixinǁverify__mutmut_170	no tests	gap	high	SyncVerifyMixin.verify	canonical bytes field wrong (sender/to/cc/subject/priority/body hash dropped, emptied or defaulted): good signatures with that field populated reported 'invalid'. Uncovered: no in-process caller in the unit suite (CLI verify tests fake _bus; no test calls AgentBus.verify/get_claim/record_verdict/attachment; tests/integration also has none)
agentbus_client.client.sync_verify.xǁSyncVerifyMixinǁverify__mutmut_171	no tests	gap	high	SyncVerifyMixin.verify	canonical bytes field wrong (sender/to/cc/subject/priority/body hash dropped, emptied or defaulted): good signatures with that field populated reported 'invalid'. Uncovered: no in-process caller in the unit suite (CLI verify tests fake _bus; no test calls AgentBus.verify/get_claim/record_verdict/attachment; tests/integration also has none)
agentbus_client.client.sync_verify.xǁSyncVerifyMixinǁverify__mutmut_172	no tests	gap	medium	SyncVerifyMixin.verify	None into _decode: AttributeError (not caught as BadSignature) - crash. Uncovered: no in-process caller in the unit suite (CLI verify tests fake _bus; no test calls AgentBus.verify/get_claim/record_verdict/attachment; tests/integration also has none)
agentbus_client.client.sync_verify.xǁSyncVerifyMixinǁverify__mutmut_173	no tests	gap	high	SyncVerifyMixin.verify	payload None: Ed25519 verify raises TypeError, _signing.verify maps it to BadSignature, so a GOOD signature is reported 'invalid'. Uncovered: no in-process caller in the unit suite (CLI verify tests fake _bus; no test calls AgentBus.verify/get_claim/record_verdict/attachment; tests/integration also has none)
agentbus_client.client.sync_verify.xǁSyncVerifyMixinǁverify__mutmut_174	no tests	gap	medium	SyncVerifyMixin.verify	None into _decode: AttributeError (not caught as BadSignature) - crash. Uncovered: no in-process caller in the unit suite (CLI verify tests fake _bus; no test calls AgentBus.verify/get_claim/record_verdict/attachment; tests/integration also has none)
agentbus_client.client.sync_verify.xǁSyncVerifyMixinǁverify__mutmut_175	no tests	gap	medium	SyncVerifyMixin.verify	_signing.verify called with 2 args: TypeError crash. Uncovered: no in-process caller in the unit suite (CLI verify tests fake _bus; no test calls AgentBus.verify/get_claim/record_verdict/attachment; tests/integration also has none)
agentbus_client.client.sync_verify.xǁSyncVerifyMixinǁverify__mutmut_176	no tests	gap	medium	SyncVerifyMixin.verify	_signing.verify called with 2 args: TypeError crash. Uncovered: no in-process caller in the unit suite (CLI verify tests fake _bus; no test calls AgentBus.verify/get_claim/record_verdict/attachment; tests/integration also has none)
agentbus_client.client.sync_verify.xǁSyncVerifyMixinǁverify__mutmut_177	no tests	gap	medium	SyncVerifyMixin.verify	_signing.verify called with 2 args: TypeError crash. Uncovered: no in-process caller in the unit suite (CLI verify tests fake _bus; no test calls AgentBus.verify/get_claim/record_verdict/attachment; tests/integration also has none)
agentbus_client.client.sync_verify.xǁSyncVerifyMixinǁverify__mutmut_178	no tests	gap	medium	SyncVerifyMixin.verify	KeyError on renamed dict key: crash. Uncovered: no in-process caller in the unit suite (CLI verify tests fake _bus; no test calls AgentBus.verify/get_claim/record_verdict/attachment; tests/integration also has none)
agentbus_client.client.sync_verify.xǁSyncVerifyMixinǁverify__mutmut_179	no tests	gap	medium	SyncVerifyMixin.verify	KeyError on renamed dict key: crash. Uncovered: no in-process caller in the unit suite (CLI verify tests fake _bus; no test calls AgentBus.verify/get_claim/record_verdict/attachment; tests/integration also has none)
agentbus_client.client.sync_verify.xǁSyncVerifyMixinǁverify__mutmut_18	no tests	gap	high	SyncVerifyMixin.verify	signature block never found: every SIGNED message is reported verdict 'unsigned'. Uncovered: no in-process caller in the unit suite (CLI verify tests fake _bus; no test calls AgentBus.verify/get_claim/record_verdict/attachment; tests/integration also has none)
agentbus_client.client.sync_verify.xǁSyncVerifyMixinǁverify__mutmut_180	no tests	gap	medium	SyncVerifyMixin.verify	KeyError on renamed dict key: crash. Uncovered: no in-process caller in the unit suite (CLI verify tests fake _bus; no test calls AgentBus.verify/get_claim/record_verdict/attachment; tests/integration also has none)
agentbus_client.client.sync_verify.xǁSyncVerifyMixinǁverify__mutmut_181	no tests	gap	medium	SyncVerifyMixin.verify	KeyError on renamed dict key: crash. Uncovered: no in-process caller in the unit suite (CLI verify tests fake _bus; no test calls AgentBus.verify/get_claim/record_verdict/attachment; tests/integration also has none)
agentbus_client.client.sync_verify.xǁSyncVerifyMixinǁverify__mutmut_182	no tests	gap	high	SyncVerifyMixin.verify	invalid-result dict key renamed: data contract broken. Uncovered: no in-process caller in the unit suite (CLI verify tests fake _bus; no test calls AgentBus.verify/get_claim/record_verdict/attachment; tests/integration also has none)
agentbus_client.client.sync_verify.xǁSyncVerifyMixinǁverify__mutmut_183	no tests	gap	high	SyncVerifyMixin.verify	invalid-result dict key renamed: data contract broken. Uncovered: no in-process caller in the unit suite (CLI verify tests fake _bus; no test calls AgentBus.verify/get_claim/record_verdict/attachment; tests/integration also has none)
agentbus_client.client.sync_verify.xǁSyncVerifyMixinǁverify__mutmut_184	no tests	gap	high	SyncVerifyMixin.verify	FORGED/INVALID signature reported verified=True. Uncovered: no in-process caller in the unit suite (CLI verify tests fake _bus; no test calls AgentBus.verify/get_claim/record_verdict/attachment; tests/integration also has none)
agentbus_client.client.sync_verify.xǁSyncVerifyMixinǁverify__mutmut_185	no tests	gap	high	SyncVerifyMixin.verify	invalid-result dict key renamed: data contract broken. Uncovered: no in-process caller in the unit suite (CLI verify tests fake _bus; no test calls AgentBus.verify/get_claim/record_verdict/attachment; tests/integration also has none)
agentbus_client.client.sync_verify.xǁSyncVerifyMixinǁverify__mutmut_186	no tests	gap	high	SyncVerifyMixin.verify	invalid-result dict key renamed: data contract broken. Uncovered: no in-process caller in the unit suite (CLI verify tests fake _bus; no test calls AgentBus.verify/get_claim/record_verdict/attachment; tests/integration also has none)
agentbus_client.client.sync_verify.xǁSyncVerifyMixinǁverify__mutmut_187	no tests	gap	high	SyncVerifyMixin.verify	verdict 'invalid' value changed: contract broken. Uncovered: no in-process caller in the unit suite (CLI verify tests fake _bus; no test calls AgentBus.verify/get_claim/record_verdict/attachment; tests/integration also has none)
agentbus_client.client.sync_verify.xǁSyncVerifyMixinǁverify__mutmut_188	no tests	gap	high	SyncVerifyMixin.verify	verdict 'invalid' value changed: contract broken. Uncovered: no in-process caller in the unit suite (CLI verify tests fake _bus; no test calls AgentBus.verify/get_claim/record_verdict/attachment; tests/integration also has none)
agentbus_client.client.sync_verify.xǁSyncVerifyMixinǁverify__mutmut_189	no tests	gap	high	SyncVerifyMixin.verify	invalid-result dict key renamed: data contract broken. Uncovered: no in-process caller in the unit suite (CLI verify tests fake _bus; no test calls AgentBus.verify/get_claim/record_verdict/attachment; tests/integration also has none)
agentbus_client.client.sync_verify.xǁSyncVerifyMixinǁverify__mutmut_19	no tests	gap	high	SyncVerifyMixin.verify	signature block never found: every SIGNED message is reported verdict 'unsigned'. Uncovered: no in-process caller in the unit suite (CLI verify tests fake _bus; no test calls AgentBus.verify/get_claim/record_verdict/attachment; tests/integration also has none)
agentbus_client.client.sync_verify.xǁSyncVerifyMixinǁverify__mutmut_190	no tests	gap	high	SyncVerifyMixin.verify	invalid-result dict key renamed: data contract broken. Uncovered: no in-process caller in the unit suite (CLI verify tests fake _bus; no test calls AgentBus.verify/get_claim/record_verdict/attachment; tests/integration also has none)
agentbus_client.client.sync_verify.xǁSyncVerifyMixinǁverify__mutmut_191	no tests	gap	high	SyncVerifyMixin.verify	invalid-result dict key renamed: data contract broken. Uncovered: no in-process caller in the unit suite (CLI verify tests fake _bus; no test calls AgentBus.verify/get_claim/record_verdict/attachment; tests/integration also has none)
agentbus_client.client.sync_verify.xǁSyncVerifyMixinǁverify__mutmut_192	no tests	gap	high	SyncVerifyMixin.verify	invalid-result dict key renamed: data contract broken. Uncovered: no in-process caller in the unit suite (CLI verify tests fake _bus; no test calls AgentBus.verify/get_claim/record_verdict/attachment; tests/integration also has none)
agentbus_client.client.sync_verify.xǁSyncVerifyMixinǁverify__mutmut_193	no tests	gap	high	SyncVerifyMixin.verify	platform_said always None: the platform-vs-local disagreement the feature exists to surface is hidden (CLI prints NOTE on platform_said != 'valid'). Uncovered: no in-process caller in the unit suite (CLI verify tests fake _bus; no test calls AgentBus.verify/get_claim/record_verdict/attachment; tests/integration also has none)
agentbus_client.client.sync_verify.xǁSyncVerifyMixinǁverify__mutmut_194	no tests	gap	high	SyncVerifyMixin.verify	platform_said always None: the platform-vs-local disagreement the feature exists to surface is hidden (CLI prints NOTE on platform_said != 'valid'). Uncovered: no in-process caller in the unit suite (CLI verify tests fake _bus; no test calls AgentBus.verify/get_claim/record_verdict/attachment; tests/integration also has none)
agentbus_client.client.sync_verify.xǁSyncVerifyMixinǁverify__mutmut_195	no tests	gap	high	SyncVerifyMixin.verify	platform_said always None: the platform-vs-local disagreement the feature exists to surface is hidden (CLI prints NOTE on platform_said != 'valid'). Uncovered: no in-process caller in the unit suite (CLI verify tests fake _bus; no test calls AgentBus.verify/get_claim/record_verdict/attachment; tests/integration also has none)
agentbus_client.client.sync_verify.xǁSyncVerifyMixinǁverify__mutmut_196	no tests	gap	high	SyncVerifyMixin.verify	valid-result dict key renamed (verified/verdict/signed_by/key_fingerprint/platform_said): contract broken; CLI indexes result['signed_by']/['key_fingerprint']. Uncovered: no in-process caller in the unit suite (CLI verify tests fake _bus; no test calls AgentBus.verify/get_claim/record_verdict/attachment; tests/integration also has none)
agentbus_client.client.sync_verify.xǁSyncVerifyMixinǁverify__mutmut_197	no tests	gap	high	SyncVerifyMixin.verify	valid-result dict key renamed (verified/verdict/signed_by/key_fingerprint/platform_said): contract broken; CLI indexes result['signed_by']/['key_fingerprint']. Uncovered: no in-process caller in the unit suite (CLI verify tests fake _bus; no test calls AgentBus.verify/get_claim/record_verdict/attachment; tests/integration also has none)
agentbus_client.client.sync_verify.xǁSyncVerifyMixinǁverify__mutmut_198	no tests	gap	high	SyncVerifyMixin.verify	VALID signature reported verified=False. Uncovered: no in-process caller in the unit suite (CLI verify tests fake _bus; no test calls AgentBus.verify/get_claim/record_verdict/attachment; tests/integration also has none)
agentbus_client.client.sync_verify.xǁSyncVerifyMixinǁverify__mutmut_199	no tests	gap	high	SyncVerifyMixin.verify	valid-result dict key renamed (verified/verdict/signed_by/key_fingerprint/platform_said): contract broken; CLI indexes result['signed_by']/['key_fingerprint']. Uncovered: no in-process caller in the unit suite (CLI verify tests fake _bus; no test calls AgentBus.verify/get_claim/record_verdict/attachment; tests/integration also has none)
agentbus_client.client.sync_verify.xǁSyncVerifyMixinǁverify__mutmut_2	no tests	gap	high	SyncVerifyMixin.verify	reads /v1/deliveries/None: wrong delivery fetched (wire path), verdict about the wrong/no message. Uncovered: no in-process caller in the unit suite (CLI verify tests fake _bus; no test calls AgentBus.verify/get_claim/record_verdict/attachment; tests/integration also has none)
agentbus_client.client.sync_verify.xǁSyncVerifyMixinǁverify__mutmut_20	no tests	gap	high	SyncVerifyMixin.verify	unsigned-result dict key renamed (verified/verdict/platform_said): public SDK result contract broken; CLI reads these keys. Uncovered: no in-process caller in the unit suite (CLI verify tests fake _bus; no test calls AgentBus.verify/get_claim/record_verdict/attachment; tests/integration also has none)
agentbus_client.client.sync_verify.xǁSyncVerifyMixinǁverify__mutmut_200	no tests	gap	high	SyncVerifyMixin.verify	valid-result dict key renamed (verified/verdict/signed_by/key_fingerprint/platform_said): contract broken; CLI indexes result['signed_by']/['key_fingerprint']. Uncovered: no in-process caller in the unit suite (CLI verify tests fake _bus; no test calls AgentBus.verify/get_claim/record_verdict/attachment; tests/integration also has none)
agentbus_client.client.sync_verify.xǁSyncVerifyMixinǁverify__mutmut_201	no tests	gap	high	SyncVerifyMixin.verify	verdict 'valid' value changed: contract broken. Uncovered: no in-process caller in the unit suite (CLI verify tests fake _bus; no test calls AgentBus.verify/get_claim/record_verdict/attachment; tests/integration also has none)
agentbus_client.client.sync_verify.xǁSyncVerifyMixinǁverify__mutmut_202	no tests	gap	high	SyncVerifyMixin.verify	verdict 'valid' value changed: contract broken. Uncovered: no in-process caller in the unit suite (CLI verify tests fake _bus; no test calls AgentBus.verify/get_claim/record_verdict/attachment; tests/integration also has none)
agentbus_client.client.sync_verify.xǁSyncVerifyMixinǁverify__mutmut_203	no tests	gap	high	SyncVerifyMixin.verify	valid-result dict key renamed (verified/verdict/signed_by/key_fingerprint/platform_said): contract broken; CLI indexes result['signed_by']/['key_fingerprint']. Uncovered: no in-process caller in the unit suite (CLI verify tests fake _bus; no test calls AgentBus.verify/get_claim/record_verdict/attachment; tests/integration also has none)
agentbus_client.client.sync_verify.xǁSyncVerifyMixinǁverify__mutmut_204	no tests	gap	high	SyncVerifyMixin.verify	valid-result dict key renamed (verified/verdict/signed_by/key_fingerprint/platform_said): contract broken; CLI indexes result['signed_by']/['key_fingerprint']. Uncovered: no in-process caller in the unit suite (CLI verify tests fake _bus; no test calls AgentBus.verify/get_claim/record_verdict/attachment; tests/integration also has none)
agentbus_client.client.sync_verify.xǁSyncVerifyMixinǁverify__mutmut_205	no tests	gap	high	SyncVerifyMixin.verify	valid-result dict key renamed (verified/verdict/signed_by/key_fingerprint/platform_said): contract broken; CLI indexes result['signed_by']/['key_fingerprint']. Uncovered: no in-process caller in the unit suite (CLI verify tests fake _bus; no test calls AgentBus.verify/get_claim/record_verdict/attachment; tests/integration also has none)
agentbus_client.client.sync_verify.xǁSyncVerifyMixinǁverify__mutmut_206	no tests	gap	high	SyncVerifyMixin.verify	valid-result dict key renamed (verified/verdict/signed_by/key_fingerprint/platform_said): contract broken; CLI indexes result['signed_by']/['key_fingerprint']. Uncovered: no in-process caller in the unit suite (CLI verify tests fake _bus; no test calls AgentBus.verify/get_claim/record_verdict/attachment; tests/integration also has none)
agentbus_client.client.sync_verify.xǁSyncVerifyMixinǁverify__mutmut_207	no tests	gap	high	SyncVerifyMixin.verify	valid-result dict key renamed (verified/verdict/signed_by/key_fingerprint/platform_said): contract broken; CLI indexes result['signed_by']/['key_fingerprint']. Uncovered: no in-process caller in the unit suite (CLI verify tests fake _bus; no test calls AgentBus.verify/get_claim/record_verdict/attachment; tests/integration also has none)
agentbus_client.client.sync_verify.xǁSyncVerifyMixinǁverify__mutmut_208	no tests	gap	high	SyncVerifyMixin.verify	valid-result dict key renamed (verified/verdict/signed_by/key_fingerprint/platform_said): contract broken; CLI indexes result['signed_by']/['key_fingerprint']. Uncovered: no in-process caller in the unit suite (CLI verify tests fake _bus; no test calls AgentBus.verify/get_claim/record_verdict/attachment; tests/integration also has none)
agentbus_client.client.sync_verify.xǁSyncVerifyMixinǁverify__mutmut_209	no tests	gap	high	SyncVerifyMixin.verify	platform_said always None: the platform-vs-local disagreement the feature exists to surface is hidden (CLI prints NOTE on platform_said != 'valid'). Uncovered: no in-process caller in the unit suite (CLI verify tests fake _bus; no test calls AgentBus.verify/get_claim/record_verdict/attachment; tests/integration also has none)
agentbus_client.client.sync_verify.xǁSyncVerifyMixinǁverify__mutmut_21	no tests	gap	high	SyncVerifyMixin.verify	unsigned-result dict key renamed (verified/verdict/platform_said): public SDK result contract broken; CLI reads these keys. Uncovered: no in-process caller in the unit suite (CLI verify tests fake _bus; no test calls AgentBus.verify/get_claim/record_verdict/attachment; tests/integration also has none)
agentbus_client.client.sync_verify.xǁSyncVerifyMixinǁverify__mutmut_210	no tests	gap	high	SyncVerifyMixin.verify	platform_said always None: the platform-vs-local disagreement the feature exists to surface is hidden (CLI prints NOTE on platform_said != 'valid'). Uncovered: no in-process caller in the unit suite (CLI verify tests fake _bus; no test calls AgentBus.verify/get_claim/record_verdict/attachment; tests/integration also has none)
agentbus_client.client.sync_verify.xǁSyncVerifyMixinǁverify__mutmut_211	no tests	gap	high	SyncVerifyMixin.verify	platform_said always None: the platform-vs-local disagreement the feature exists to surface is hidden (CLI prints NOTE on platform_said != 'valid'). Uncovered: no in-process caller in the unit suite (CLI verify tests fake _bus; no test calls AgentBus.verify/get_claim/record_verdict/attachment; tests/integration also has none)
agentbus_client.client.sync_verify.xǁSyncVerifyMixinǁverify__mutmut_212	no tests	gap	medium	SyncVerifyMixin.verify	'means' key renamed: data contract (explanatory field) changed. Uncovered: no in-process caller in the unit suite (CLI verify tests fake _bus; no test calls AgentBus.verify/get_claim/record_verdict/attachment; tests/integration also has none)
agentbus_client.client.sync_verify.xǁSyncVerifyMixinǁverify__mutmut_213	no tests	gap	medium	SyncVerifyMixin.verify	'means' key renamed: data contract (explanatory field) changed. Uncovered: no in-process caller in the unit suite (CLI verify tests fake _bus; no test calls AgentBus.verify/get_claim/record_verdict/attachment; tests/integration also has none)
agentbus_client.client.sync_verify.xǁSyncVerifyMixinǁverify__mutmut_214	no tests	gap	low	SyncVerifyMixin.verify	'means' wording changed. Uncovered: no in-process caller in the unit suite (CLI verify tests fake _bus; no test calls AgentBus.verify/get_claim/record_verdict/attachment; tests/integration also has none)
agentbus_client.client.sync_verify.xǁSyncVerifyMixinǁverify__mutmut_215	no tests	gap	low	SyncVerifyMixin.verify	'means' wording changed. Uncovered: no in-process caller in the unit suite (CLI verify tests fake _bus; no test calls AgentBus.verify/get_claim/record_verdict/attachment; tests/integration also has none)
agentbus_client.client.sync_verify.xǁSyncVerifyMixinǁverify__mutmut_216	no tests	gap	low	SyncVerifyMixin.verify	'means' wording changed. Uncovered: no in-process caller in the unit suite (CLI verify tests fake _bus; no test calls AgentBus.verify/get_claim/record_verdict/attachment; tests/integration also has none)
agentbus_client.client.sync_verify.xǁSyncVerifyMixinǁverify__mutmut_22	no tests	gap	high	SyncVerifyMixin.verify	unsigned message reported verified=True. Uncovered: no in-process caller in the unit suite (CLI verify tests fake _bus; no test calls AgentBus.verify/get_claim/record_verdict/attachment; tests/integration also has none)
agentbus_client.client.sync_verify.xǁSyncVerifyMixinǁverify__mutmut_23	no tests	gap	high	SyncVerifyMixin.verify	unsigned-result dict key renamed (verified/verdict/platform_said): public SDK result contract broken; CLI reads these keys. Uncovered: no in-process caller in the unit suite (CLI verify tests fake _bus; no test calls AgentBus.verify/get_claim/record_verdict/attachment; tests/integration also has none)
agentbus_client.client.sync_verify.xǁSyncVerifyMixinǁverify__mutmut_24	no tests	gap	high	SyncVerifyMixin.verify	unsigned-result dict key renamed (verified/verdict/platform_said): public SDK result contract broken; CLI reads these keys. Uncovered: no in-process caller in the unit suite (CLI verify tests fake _bus; no test calls AgentBus.verify/get_claim/record_verdict/attachment; tests/integration also has none)
agentbus_client.client.sync_verify.xǁSyncVerifyMixinǁverify__mutmut_25	no tests	gap	high	SyncVerifyMixin.verify	verdict value 'unsigned' changed: machine-readable verdict contract broken (CLI branches on verdict=='unsigned'). Uncovered: no in-process caller in the unit suite (CLI verify tests fake _bus; no test calls AgentBus.verify/get_claim/record_verdict/attachment; tests/integration also has none)
agentbus_client.client.sync_verify.xǁSyncVerifyMixinǁverify__mutmut_26	no tests	gap	high	SyncVerifyMixin.verify	verdict value 'unsigned' changed: machine-readable verdict contract broken (CLI branches on verdict=='unsigned'). Uncovered: no in-process caller in the unit suite (CLI verify tests fake _bus; no test calls AgentBus.verify/get_claim/record_verdict/attachment; tests/integration also has none)
agentbus_client.client.sync_verify.xǁSyncVerifyMixinǁverify__mutmut_27	no tests	gap	high	SyncVerifyMixin.verify	'reason' key renamed in unsigned result: data contract broken. Uncovered: no in-process caller in the unit suite (CLI verify tests fake _bus; no test calls AgentBus.verify/get_claim/record_verdict/attachment; tests/integration also has none)
agentbus_client.client.sync_verify.xǁSyncVerifyMixinǁverify__mutmut_28	no tests	gap	high	SyncVerifyMixin.verify	'reason' key renamed in unsigned result: data contract broken. Uncovered: no in-process caller in the unit suite (CLI verify tests fake _bus; no test calls AgentBus.verify/get_claim/record_verdict/attachment; tests/integration also has none)
agentbus_client.client.sync_verify.xǁSyncVerifyMixinǁverify__mutmut_29	no tests	gap	low	SyncVerifyMixin.verify	human-facing reason text for unsigned changed. Uncovered: no in-process caller in the unit suite (CLI verify tests fake _bus; no test calls AgentBus.verify/get_claim/record_verdict/attachment; tests/integration also has none)
agentbus_client.client.sync_verify.xǁSyncVerifyMixinǁverify__mutmut_3	no tests	gap	high	SyncVerifyMixin.verify	read() made without the explicit agent (falls back to self.agent via _headers): message read as a different acting identity. Uncovered: no in-process caller in the unit suite (CLI verify tests fake _bus; no test calls AgentBus.verify/get_claim/record_verdict/attachment; tests/integration also has none)
agentbus_client.client.sync_verify.xǁSyncVerifyMixinǁverify__mutmut_30	no tests	gap	low	SyncVerifyMixin.verify	human-facing reason text for unsigned changed. Uncovered: no in-process caller in the unit suite (CLI verify tests fake _bus; no test calls AgentBus.verify/get_claim/record_verdict/attachment; tests/integration also has none)
agentbus_client.client.sync_verify.xǁSyncVerifyMixinǁverify__mutmut_31	no tests	gap	high	SyncVerifyMixin.verify	unsigned-result dict key renamed (verified/verdict/platform_said): public SDK result contract broken; CLI reads these keys. Uncovered: no in-process caller in the unit suite (CLI verify tests fake _bus; no test calls AgentBus.verify/get_claim/record_verdict/attachment; tests/integration also has none)
agentbus_client.client.sync_verify.xǁSyncVerifyMixinǁverify__mutmut_32	no tests	gap	high	SyncVerifyMixin.verify	unsigned-result dict key renamed (verified/verdict/platform_said): public SDK result contract broken; CLI reads these keys. Uncovered: no in-process caller in the unit suite (CLI verify tests fake _bus; no test calls AgentBus.verify/get_claim/record_verdict/attachment; tests/integration also has none)
agentbus_client.client.sync_verify.xǁSyncVerifyMixinǁverify__mutmut_33	no tests	gap	high	SyncVerifyMixin.verify	wrong sender name derived (None / unstripped or emptied display name): wrong pubkey fetched and wrong 'from:' in canonical bytes, so a good signature is reported unverifiable/invalid and signed_by is wrong. Uncovered: no in-process caller in the unit suite (CLI verify tests fake _bus; no test calls AgentBus.verify/get_claim/record_verdict/attachment; tests/integration also has none)
agentbus_client.client.sync_verify.xǁSyncVerifyMixinǁverify__mutmut_34	no tests	gap	high	SyncVerifyMixin.verify	wrong sender name derived (None / unstripped or emptied display name): wrong pubkey fetched and wrong 'from:' in canonical bytes, so a good signature is reported unverifiable/invalid and signed_by is wrong. Uncovered: no in-process caller in the unit suite (CLI verify tests fake _bus; no test calls AgentBus.verify/get_claim/record_verdict/attachment; tests/integration also has none)
agentbus_client.client.sync_verify.xǁSyncVerifyMixinǁverify__mutmut_35	no tests	gap	high	SyncVerifyMixin.verify	wrong sender name derived (None / unstripped or emptied display name): wrong pubkey fetched and wrong 'from:' in canonical bytes, so a good signature is reported unverifiable/invalid and signed_by is wrong. Uncovered: no in-process caller in the unit suite (CLI verify tests fake _bus; no test calls AgentBus.verify/get_claim/record_verdict/attachment; tests/integration also has none)
agentbus_client.client.sync_verify.xǁSyncVerifyMixinǁverify__mutmut_36	no tests	gap	high	SyncVerifyMixin.verify	wrong sender name derived (None / unstripped or emptied display name): wrong pubkey fetched and wrong 'from:' in canonical bytes, so a good signature is reported unverifiable/invalid and signed_by is wrong. Uncovered: no in-process caller in the unit suite (CLI verify tests fake _bus; no test calls AgentBus.verify/get_claim/record_verdict/attachment; tests/integration also has none)
agentbus_client.client.sync_verify.xǁSyncVerifyMixinǁverify__mutmut_37	no tests	gap	high	SyncVerifyMixin.verify	wrong sender name derived (None / unstripped or emptied display name): wrong pubkey fetched and wrong 'from:' in canonical bytes, so a good signature is reported unverifiable/invalid and signed_by is wrong. Uncovered: no in-process caller in the unit suite (CLI verify tests fake _bus; no test calls AgentBus.verify/get_claim/record_verdict/attachment; tests/integration also has none)
agentbus_client.client.sync_verify.xǁSyncVerifyMixinǁverify__mutmut_38	no tests	gap	medium	SyncVerifyMixin.verify	str.replace called with None/missing arg: TypeError on the sender_display fallback path (older servers). Uncovered: no in-process caller in the unit suite (CLI verify tests fake _bus; no test calls AgentBus.verify/get_claim/record_verdict/attachment; tests/integration also has none)
agentbus_client.client.sync_verify.xǁSyncVerifyMixinǁverify__mutmut_39	no tests	gap	medium	SyncVerifyMixin.verify	str.replace called with None/missing arg: TypeError on the sender_display fallback path (older servers). Uncovered: no in-process caller in the unit suite (CLI verify tests fake _bus; no test calls AgentBus.verify/get_claim/record_verdict/attachment; tests/integration also has none)
agentbus_client.client.sync_verify.xǁSyncVerifyMixinǁverify__mutmut_4	no tests	gap	medium	SyncVerifyMixin.verify	read() missing positional delivery_id: TypeError. Uncovered: no in-process caller in the unit suite (CLI verify tests fake _bus; no test calls AgentBus.verify/get_claim/record_verdict/attachment; tests/integration also has none)
agentbus_client.client.sync_verify.xǁSyncVerifyMixinǁverify__mutmut_40	no tests	gap	medium	SyncVerifyMixin.verify	str.replace called with None/missing arg: TypeError on the sender_display fallback path (older servers). Uncovered: no in-process caller in the unit suite (CLI verify tests fake _bus; no test calls AgentBus.verify/get_claim/record_verdict/attachment; tests/integration also has none)
agentbus_client.client.sync_verify.xǁSyncVerifyMixinǁverify__mutmut_41	no tests	gap	medium	SyncVerifyMixin.verify	str.replace called with None/missing arg: TypeError on the sender_display fallback path (older servers). Uncovered: no in-process caller in the unit suite (CLI verify tests fake _bus; no test calls AgentBus.verify/get_claim/record_verdict/attachment; tests/integration also has none)
agentbus_client.client.sync_verify.xǁSyncVerifyMixinǁverify__mutmut_42	no tests	gap	high	SyncVerifyMixin.verify	wrong sender name derived (None / unstripped or emptied display name): wrong pubkey fetched and wrong 'from:' in canonical bytes, so a good signature is reported unverifiable/invalid and signed_by is wrong. Uncovered: no in-process caller in the unit suite (CLI verify tests fake _bus; no test calls AgentBus.verify/get_claim/record_verdict/attachment; tests/integration also has none)
agentbus_client.client.sync_verify.xǁSyncVerifyMixinǁverify__mutmut_43	no tests	gap	high	SyncVerifyMixin.verify	wrong sender name derived (None / unstripped or emptied display name): wrong pubkey fetched and wrong 'from:' in canonical bytes, so a good signature is reported unverifiable/invalid and signed_by is wrong. Uncovered: no in-process caller in the unit suite (CLI verify tests fake _bus; no test calls AgentBus.verify/get_claim/record_verdict/attachment; tests/integration also has none)
agentbus_client.client.sync_verify.xǁSyncVerifyMixinǁverify__mutmut_44	no tests	gap	high	SyncVerifyMixin.verify	wrong sender name derived (None / unstripped or emptied display name): wrong pubkey fetched and wrong 'from:' in canonical bytes, so a good signature is reported unverifiable/invalid and signed_by is wrong. Uncovered: no in-process caller in the unit suite (CLI verify tests fake _bus; no test calls AgentBus.verify/get_claim/record_verdict/attachment; tests/integration also has none)
agentbus_client.client.sync_verify.xǁSyncVerifyMixinǁverify__mutmut_45	no tests	gap	high	SyncVerifyMixin.verify	wrong sender name derived (None / unstripped or emptied display name): wrong pubkey fetched and wrong 'from:' in canonical bytes, so a good signature is reported unverifiable/invalid and signed_by is wrong. Uncovered: no in-process caller in the unit suite (CLI verify tests fake _bus; no test calls AgentBus.verify/get_claim/record_verdict/attachment; tests/integration also has none)
agentbus_client.client.sync_verify.xǁSyncVerifyMixinǁverify__mutmut_46	no tests	gap	medium	SyncVerifyMixin.verify	when both sender fields are absent, fetches /v1/agents/XXXX/pubkey instead of /v1/agents//pubkey (both already broken inputs). Uncovered: no in-process caller in the unit suite (CLI verify tests fake _bus; no test calls AgentBus.verify/get_claim/record_verdict/attachment; tests/integration also has none)
agentbus_client.client.sync_verify.xǁSyncVerifyMixinǁverify__mutmut_47	no tests	gap	high	SyncVerifyMixin.verify	wrong sender name derived (None / unstripped or emptied display name): wrong pubkey fetched and wrong 'from:' in canonical bytes, so a good signature is reported unverifiable/invalid and signed_by is wrong. Uncovered: no in-process caller in the unit suite (CLI verify tests fake _bus; no test calls AgentBus.verify/get_claim/record_verdict/attachment; tests/integration also has none)
agentbus_client.client.sync_verify.xǁSyncVerifyMixinǁverify__mutmut_48	no tests	gap	high	SyncVerifyMixin.verify	wrong sender name derived (None / unstripped or emptied display name): wrong pubkey fetched and wrong 'from:' in canonical bytes, so a good signature is reported unverifiable/invalid and signed_by is wrong. Uncovered: no in-process caller in the unit suite (CLI verify tests fake _bus; no test calls AgentBus.verify/get_claim/record_verdict/attachment; tests/integration also has none)
agentbus_client.client.sync_verify.xǁSyncVerifyMixinǁverify__mutmut_49	no tests	gap	high	SyncVerifyMixin.verify	wrong sender name derived (None / unstripped or emptied display name): wrong pubkey fetched and wrong 'from:' in canonical bytes, so a good signature is reported unverifiable/invalid and signed_by is wrong. Uncovered: no in-process caller in the unit suite (CLI verify tests fake _bus; no test calls AgentBus.verify/get_claim/record_verdict/attachment; tests/integration also has none)
agentbus_client.client.sync_verify.xǁSyncVerifyMixinǁverify__mutmut_5	no tests	gap	high	SyncVerifyMixin.verify	read() made without the explicit agent (falls back to self.agent via _headers): message read as a different acting identity. Uncovered: no in-process caller in the unit suite (CLI verify tests fake _bus; no test calls AgentBus.verify/get_claim/record_verdict/attachment; tests/integration also has none)
agentbus_client.client.sync_verify.xǁSyncVerifyMixinǁverify__mutmut_50	no tests	gap	high	SyncVerifyMixin.verify	wrong sender name derived (None / unstripped or emptied display name): wrong pubkey fetched and wrong 'from:' in canonical bytes, so a good signature is reported unverifiable/invalid and signed_by is wrong. Uncovered: no in-process caller in the unit suite (CLI verify tests fake _bus; no test calls AgentBus.verify/get_claim/record_verdict/attachment; tests/integration also has none)
agentbus_client.client.sync_verify.xǁSyncVerifyMixinǁverify__mutmut_51	no tests	gap	medium	SyncVerifyMixin.verify	keys None: AttributeError crash. Uncovered: no in-process caller in the unit suite (CLI verify tests fake _bus; no test calls AgentBus.verify/get_claim/record_verdict/attachment; tests/integration also has none)
agentbus_client.client.sync_verify.xǁSyncVerifyMixinǁverify__mutmut_52	no tests	gap	medium	SyncVerifyMixin.verify	pubkey _request with None/shifted method or missing path: crash (AttributeError/TypeError). Uncovered: no in-process caller in the unit suite (CLI verify tests fake _bus; no test calls AgentBus.verify/get_claim/record_verdict/attachment; tests/integration also has none)
agentbus_client.client.sync_verify.xǁSyncVerifyMixinǁverify__mutmut_53	no tests	gap	medium	SyncVerifyMixin.verify	pubkey path None: httpx TypeError crash. Uncovered: no in-process caller in the unit suite (CLI verify tests fake _bus; no test calls AgentBus.verify/get_claim/record_verdict/attachment; tests/integration also has none)
agentbus_client.client.sync_verify.xǁSyncVerifyMixinǁverify__mutmut_54	no tests	gap	high	SyncVerifyMixin.verify	pubkey query loses or corrupts algorithm=ed25519: wire contract broken; server may return no/other-algorithm keys. Uncovered: no in-process caller in the unit suite (CLI verify tests fake _bus; no test calls AgentBus.verify/get_claim/record_verdict/attachment; tests/integration also has none)
agentbus_client.client.sync_verify.xǁSyncVerifyMixinǁverify__mutmut_55	no tests	gap	high	SyncVerifyMixin.verify	pubkey fetched without the explicit agent (acts as self.agent): wire identity changed. Uncovered: no in-process caller in the unit suite (CLI verify tests fake _bus; no test calls AgentBus.verify/get_claim/record_verdict/attachment; tests/integration also has none)
agentbus_client.client.sync_verify.xǁSyncVerifyMixinǁverify__mutmut_56	no tests	gap	medium	SyncVerifyMixin.verify	pubkey _request with None/shifted method or missing path: crash (AttributeError/TypeError). Uncovered: no in-process caller in the unit suite (CLI verify tests fake _bus; no test calls AgentBus.verify/get_claim/record_verdict/attachment; tests/integration also has none)
agentbus_client.client.sync_verify.xǁSyncVerifyMixinǁverify__mutmut_57	no tests	gap	medium	SyncVerifyMixin.verify	pubkey _request with None/shifted method or missing path: crash (AttributeError/TypeError). Uncovered: no in-process caller in the unit suite (CLI verify tests fake _bus; no test calls AgentBus.verify/get_claim/record_verdict/attachment; tests/integration also has none)
agentbus_client.client.sync_verify.xǁSyncVerifyMixinǁverify__mutmut_58	no tests	gap	high	SyncVerifyMixin.verify	pubkey query loses or corrupts algorithm=ed25519: wire contract broken; server may return no/other-algorithm keys. Uncovered: no in-process caller in the unit suite (CLI verify tests fake _bus; no test calls AgentBus.verify/get_claim/record_verdict/attachment; tests/integration also has none)
agentbus_client.client.sync_verify.xǁSyncVerifyMixinǁverify__mutmut_59	no tests	gap	high	SyncVerifyMixin.verify	pubkey fetched without the explicit agent (acts as self.agent): wire identity changed. Uncovered: no in-process caller in the unit suite (CLI verify tests fake _bus; no test calls AgentBus.verify/get_claim/record_verdict/attachment; tests/integration also has none)
agentbus_client.client.sync_verify.xǁSyncVerifyMixinǁverify__mutmut_6	no tests	gap	medium	SyncVerifyMixin.verify	None.get AttributeError: verify() crashes on every call instead of returning a verdict. Uncovered: no in-process caller in the unit suite (CLI verify tests fake _bus; no test calls AgentBus.verify/get_claim/record_verdict/attachment; tests/integration also has none)
agentbus_client.client.sync_verify.xǁSyncVerifyMixinǁverify__mutmut_60	no tests	gap	medium	SyncVerifyMixin.verify	method XXGETXX: server rejects (405) - loud failure; also not treated as safe-to-repeat. Uncovered: no in-process caller in the unit suite (CLI verify tests fake _bus; no test calls AgentBus.verify/get_claim/record_verdict/attachment; tests/integration also has none)
agentbus_client.client.sync_verify.xǁSyncVerifyMixinǁverify__mutmut_61	no tests	equivalent	-	SyncVerifyMixin.verify	method 'get' vs 'GET': _request computes safe_to_repeat with method.upper() and httpx.Request upper-cases the method (checked: httpx.Request('get',..).method == 'GET'); identical wire request and retry policy
agentbus_client.client.sync_verify.xǁSyncVerifyMixinǁverify__mutmut_62	no tests	gap	high	SyncVerifyMixin.verify	pubkey query loses or corrupts algorithm=ed25519: wire contract broken; server may return no/other-algorithm keys. Uncovered: no in-process caller in the unit suite (CLI verify tests fake _bus; no test calls AgentBus.verify/get_claim/record_verdict/attachment; tests/integration also has none)
agentbus_client.client.sync_verify.xǁSyncVerifyMixinǁverify__mutmut_63	no tests	gap	high	SyncVerifyMixin.verify	pubkey query loses or corrupts algorithm=ed25519: wire contract broken; server may return no/other-algorithm keys. Uncovered: no in-process caller in the unit suite (CLI verify tests fake _bus; no test calls AgentBus.verify/get_claim/record_verdict/attachment; tests/integration also has none)
agentbus_client.client.sync_verify.xǁSyncVerifyMixinǁverify__mutmut_64	no tests	gap	high	SyncVerifyMixin.verify	pubkey query loses or corrupts algorithm=ed25519: wire contract broken; server may return no/other-algorithm keys. Uncovered: no in-process caller in the unit suite (CLI verify tests fake _bus; no test calls AgentBus.verify/get_claim/record_verdict/attachment; tests/integration also has none)
agentbus_client.client.sync_verify.xǁSyncVerifyMixinǁverify__mutmut_65	no tests	gap	high	SyncVerifyMixin.verify	pubkey query loses or corrupts algorithm=ed25519: wire contract broken; server may return no/other-algorithm keys. Uncovered: no in-process caller in the unit suite (CLI verify tests fake _bus; no test calls AgentBus.verify/get_claim/record_verdict/attachment; tests/integration also has none)
agentbus_client.client.sync_verify.xǁSyncVerifyMixinǁverify__mutmut_66	no tests	gap	high	SyncVerifyMixin.verify	key match never succeeds (fingerprint None / keys list emptied / wrong field): every signed message reported 'unverifiable' even with the right key published. Uncovered: no in-process caller in the unit suite (CLI verify tests fake _bus; no test calls AgentBus.verify/get_claim/record_verdict/attachment; tests/integration also has none)
agentbus_client.client.sync_verify.xǁSyncVerifyMixinǁverify__mutmut_67	no tests	gap	high	SyncVerifyMixin.verify	key match never succeeds (fingerprint None / keys list emptied / wrong field): every signed message reported 'unverifiable' even with the right key published. Uncovered: no in-process caller in the unit suite (CLI verify tests fake _bus; no test calls AgentBus.verify/get_claim/record_verdict/attachment; tests/integration also has none)
agentbus_client.client.sync_verify.xǁSyncVerifyMixinǁverify__mutmut_68	no tests	gap	high	SyncVerifyMixin.verify	key match never succeeds (fingerprint None / keys list emptied / wrong field): every signed message reported 'unverifiable' even with the right key published. Uncovered: no in-process caller in the unit suite (CLI verify tests fake _bus; no test calls AgentBus.verify/get_claim/record_verdict/attachment; tests/integration also has none)
agentbus_client.client.sync_verify.xǁSyncVerifyMixinǁverify__mutmut_69	no tests	gap	high	SyncVerifyMixin.verify	key match never succeeds (fingerprint None / keys list emptied / wrong field): every signed message reported 'unverifiable' even with the right key published. Uncovered: no in-process caller in the unit suite (CLI verify tests fake _bus; no test calls AgentBus.verify/get_claim/record_verdict/attachment; tests/integration also has none)
agentbus_client.client.sync_verify.xǁSyncVerifyMixinǁverify__mutmut_7	no tests	gap	high	SyncVerifyMixin.verify	signature block never found: every SIGNED message is reported verdict 'unsigned'. Uncovered: no in-process caller in the unit suite (CLI verify tests fake _bus; no test calls AgentBus.verify/get_claim/record_verdict/attachment; tests/integration also has none)
agentbus_client.client.sync_verify.xǁSyncVerifyMixinǁverify__mutmut_70	no tests	gap	high	SyncVerifyMixin.verify	key match never succeeds (fingerprint None / keys list emptied / wrong field): every signed message reported 'unverifiable' even with the right key published. Uncovered: no in-process caller in the unit suite (CLI verify tests fake _bus; no test calls AgentBus.verify/get_claim/record_verdict/attachment; tests/integration also has none)
agentbus_client.client.sync_verify.xǁSyncVerifyMixinǁverify__mutmut_71	no tests	gap	medium	SyncVerifyMixin.verify	next(None): TypeError crash. Uncovered: no in-process caller in the unit suite (CLI verify tests fake _bus; no test calls AgentBus.verify/get_claim/record_verdict/attachment; tests/integration also has none)
agentbus_client.client.sync_verify.xǁSyncVerifyMixinǁverify__mutmut_72	no tests	gap	medium	SyncVerifyMixin.verify	next(None): TypeError crash. Uncovered: no in-process caller in the unit suite (CLI verify tests fake _bus; no test calls AgentBus.verify/get_claim/record_verdict/attachment; tests/integration also has none)
agentbus_client.client.sync_verify.xǁSyncVerifyMixinǁverify__mutmut_73	no tests	gap	medium	SyncVerifyMixin.verify	next() without default: StopIteration escapes instead of returning 'unverifiable' when no key matches. Uncovered: no in-process caller in the unit suite (CLI verify tests fake _bus; no test calls AgentBus.verify/get_claim/record_verdict/attachment; tests/integration also has none)
agentbus_client.client.sync_verify.xǁSyncVerifyMixinǁverify__mutmut_74	no tests	gap	high	SyncVerifyMixin.verify	key match never succeeds (fingerprint None / keys list emptied / wrong field): every signed message reported 'unverifiable' even with the right key published. Uncovered: no in-process caller in the unit suite (CLI verify tests fake _bus; no test calls AgentBus.verify/get_claim/record_verdict/attachment; tests/integration also has none)
agentbus_client.client.sync_verify.xǁSyncVerifyMixinǁverify__mutmut_75	no tests	gap	high	SyncVerifyMixin.verify	key match never succeeds (fingerprint None / keys list emptied / wrong field): every signed message reported 'unverifiable' even with the right key published. Uncovered: no in-process caller in the unit suite (CLI verify tests fake _bus; no test calls AgentBus.verify/get_claim/record_verdict/attachment; tests/integration also has none)
agentbus_client.client.sync_verify.xǁSyncVerifyMixinǁverify__mutmut_76	no tests	gap	high	SyncVerifyMixin.verify	key match never succeeds (fingerprint None / keys list emptied / wrong field): every signed message reported 'unverifiable' even with the right key published. Uncovered: no in-process caller in the unit suite (CLI verify tests fake _bus; no test calls AgentBus.verify/get_claim/record_verdict/attachment; tests/integration also has none)
agentbus_client.client.sync_verify.xǁSyncVerifyMixinǁverify__mutmut_77	no tests	gap	high	SyncVerifyMixin.verify	key match never succeeds (fingerprint None / keys list emptied / wrong field): every signed message reported 'unverifiable' even with the right key published. Uncovered: no in-process caller in the unit suite (CLI verify tests fake _bus; no test calls AgentBus.verify/get_claim/record_verdict/attachment; tests/integration also has none)
agentbus_client.client.sync_verify.xǁSyncVerifyMixinǁverify__mutmut_78	no tests	gap	high	SyncVerifyMixin.verify	key match never succeeds (fingerprint None / keys list emptied / wrong field): every signed message reported 'unverifiable' even with the right key published. Uncovered: no in-process caller in the unit suite (CLI verify tests fake _bus; no test calls AgentBus.verify/get_claim/record_verdict/attachment; tests/integration also has none)
agentbus_client.client.sync_verify.xǁSyncVerifyMixinǁverify__mutmut_79	no tests	gap	high	SyncVerifyMixin.verify	key match never succeeds (fingerprint None / keys list emptied / wrong field): every signed message reported 'unverifiable' even with the right key published. Uncovered: no in-process caller in the unit suite (CLI verify tests fake _bus; no test calls AgentBus.verify/get_claim/record_verdict/attachment; tests/integration also has none)
agentbus_client.client.sync_verify.xǁSyncVerifyMixinǁverify__mutmut_8	no tests	gap	high	SyncVerifyMixin.verify	signature block never found: every SIGNED message is reported verdict 'unsigned'. Uncovered: no in-process caller in the unit suite (CLI verify tests fake _bus; no test calls AgentBus.verify/get_claim/record_verdict/attachment; tests/integration also has none)
agentbus_client.client.sync_verify.xǁSyncVerifyMixinǁverify__mutmut_80	no tests	gap	high	SyncVerifyMixin.verify	key match never succeeds (fingerprint None / keys list emptied / wrong field): every signed message reported 'unverifiable' even with the right key published. Uncovered: no in-process caller in the unit suite (CLI verify tests fake _bus; no test calls AgentBus.verify/get_claim/record_verdict/attachment; tests/integration also has none)
agentbus_client.client.sync_verify.xǁSyncVerifyMixinǁverify__mutmut_81	no tests	gap	high	SyncVerifyMixin.verify	matches a key whose fingerprint DIFFERS: wrong key used, honest signature reported 'invalid' (forgery accusation). Uncovered: no in-process caller in the unit suite (CLI verify tests fake _bus; no test calls AgentBus.verify/get_claim/record_verdict/attachment; tests/integration also has none)
agentbus_client.client.sync_verify.xǁSyncVerifyMixinǁverify__mutmut_82	no tests	gap	high	SyncVerifyMixin.verify	match test inverted: found key returns 'unverifiable', missing key proceeds to match['public_key'] TypeError. Uncovered: no in-process caller in the unit suite (CLI verify tests fake _bus; no test calls AgentBus.verify/get_claim/record_verdict/attachment; tests/integration also has none)
agentbus_client.client.sync_verify.xǁSyncVerifyMixinǁverify__mutmut_83	no tests	gap	high	SyncVerifyMixin.verify	unverifiable(no key) result dict key renamed: data contract broken. Uncovered: no in-process caller in the unit suite (CLI verify tests fake _bus; no test calls AgentBus.verify/get_claim/record_verdict/attachment; tests/integration also has none)
agentbus_client.client.sync_verify.xǁSyncVerifyMixinǁverify__mutmut_84	no tests	gap	high	SyncVerifyMixin.verify	unverifiable(no key) result dict key renamed: data contract broken. Uncovered: no in-process caller in the unit suite (CLI verify tests fake _bus; no test calls AgentBus.verify/get_claim/record_verdict/attachment; tests/integration also has none)
agentbus_client.client.sync_verify.xǁSyncVerifyMixinǁverify__mutmut_85	no tests	gap	high	SyncVerifyMixin.verify	missing signing key reported verified=True. Uncovered: no in-process caller in the unit suite (CLI verify tests fake _bus; no test calls AgentBus.verify/get_claim/record_verdict/attachment; tests/integration also has none)
agentbus_client.client.sync_verify.xǁSyncVerifyMixinǁverify__mutmut_86	no tests	gap	high	SyncVerifyMixin.verify	unverifiable(no key) result dict key renamed: data contract broken. Uncovered: no in-process caller in the unit suite (CLI verify tests fake _bus; no test calls AgentBus.verify/get_claim/record_verdict/attachment; tests/integration also has none)
agentbus_client.client.sync_verify.xǁSyncVerifyMixinǁverify__mutmut_87	no tests	gap	high	SyncVerifyMixin.verify	unverifiable(no key) result dict key renamed: data contract broken. Uncovered: no in-process caller in the unit suite (CLI verify tests fake _bus; no test calls AgentBus.verify/get_claim/record_verdict/attachment; tests/integration also has none)
agentbus_client.client.sync_verify.xǁSyncVerifyMixinǁverify__mutmut_88	no tests	gap	high	SyncVerifyMixin.verify	verdict 'unverifiable' value changed: CLI exit-code/branch contract broken. Uncovered: no in-process caller in the unit suite (CLI verify tests fake _bus; no test calls AgentBus.verify/get_claim/record_verdict/attachment; tests/integration also has none)
agentbus_client.client.sync_verify.xǁSyncVerifyMixinǁverify__mutmut_89	no tests	gap	high	SyncVerifyMixin.verify	verdict 'unverifiable' value changed: CLI exit-code/branch contract broken. Uncovered: no in-process caller in the unit suite (CLI verify tests fake _bus; no test calls AgentBus.verify/get_claim/record_verdict/attachment; tests/integration also has none)
agentbus_client.client.sync_verify.xǁSyncVerifyMixinǁverify__mutmut_9	no tests	gap	high	SyncVerifyMixin.verify	signature block never found: every SIGNED message is reported verdict 'unsigned'. Uncovered: no in-process caller in the unit suite (CLI verify tests fake _bus; no test calls AgentBus.verify/get_claim/record_verdict/attachment; tests/integration also has none)
agentbus_client.client.sync_verify.xǁSyncVerifyMixinǁverify__mutmut_90	no tests	gap	high	SyncVerifyMixin.verify	unverifiable(no key) result dict key renamed: data contract broken. Uncovered: no in-process caller in the unit suite (CLI verify tests fake _bus; no test calls AgentBus.verify/get_claim/record_verdict/attachment; tests/integration also has none)
agentbus_client.client.sync_verify.xǁSyncVerifyMixinǁverify__mutmut_91	no tests	gap	high	SyncVerifyMixin.verify	unverifiable(no key) result dict key renamed: data contract broken. Uncovered: no in-process caller in the unit suite (CLI verify tests fake _bus; no test calls AgentBus.verify/get_claim/record_verdict/attachment; tests/integration also has none)
agentbus_client.client.sync_verify.xǁSyncVerifyMixinǁverify__mutmut_92	no tests	gap	low	SyncVerifyMixin.verify	reason wording changed. Uncovered: no in-process caller in the unit suite (CLI verify tests fake _bus; no test calls AgentBus.verify/get_claim/record_verdict/attachment; tests/integration also has none)
agentbus_client.client.sync_verify.xǁSyncVerifyMixinǁverify__mutmut_93	no tests	gap	low	SyncVerifyMixin.verify	reason wording changed. Uncovered: no in-process caller in the unit suite (CLI verify tests fake _bus; no test calls AgentBus.verify/get_claim/record_verdict/attachment; tests/integration also has none)
agentbus_client.client.sync_verify.xǁSyncVerifyMixinǁverify__mutmut_94	no tests	gap	high	SyncVerifyMixin.verify	unverifiable(no key) result dict key renamed: data contract broken. Uncovered: no in-process caller in the unit suite (CLI verify tests fake _bus; no test calls AgentBus.verify/get_claim/record_verdict/attachment; tests/integration also has none)
agentbus_client.client.sync_verify.xǁSyncVerifyMixinǁverify__mutmut_95	no tests	gap	high	SyncVerifyMixin.verify	unverifiable(no key) result dict key renamed: data contract broken. Uncovered: no in-process caller in the unit suite (CLI verify tests fake _bus; no test calls AgentBus.verify/get_claim/record_verdict/attachment; tests/integration also has none)
agentbus_client.client.sync_verify.xǁSyncVerifyMixinǁverify__mutmut_96	no tests	gap	high	SyncVerifyMixin.verify	platform_said always None: the platform-vs-local disagreement the feature exists to surface is hidden (CLI prints NOTE on platform_said != 'valid'). Uncovered: no in-process caller in the unit suite (CLI verify tests fake _bus; no test calls AgentBus.verify/get_claim/record_verdict/attachment; tests/integration also has none)
agentbus_client.client.sync_verify.xǁSyncVerifyMixinǁverify__mutmut_97	no tests	gap	high	SyncVerifyMixin.verify	platform_said always None: the platform-vs-local disagreement the feature exists to surface is hidden (CLI prints NOTE on platform_said != 'valid'). Uncovered: no in-process caller in the unit suite (CLI verify tests fake _bus; no test calls AgentBus.verify/get_claim/record_verdict/attachment; tests/integration also has none)
agentbus_client.client.sync_verify.xǁSyncVerifyMixinǁverify__mutmut_98	no tests	gap	high	SyncVerifyMixin.verify	platform_said always None: the platform-vs-local disagreement the feature exists to surface is hidden (CLI prints NOTE on platform_said != 'valid'). Uncovered: no in-process caller in the unit suite (CLI verify tests fake _bus; no test calls AgentBus.verify/get_claim/record_verdict/attachment; tests/integration also has none)
agentbus_client.client.sync_verify.xǁSyncVerifyMixinǁverify__mutmut_99	no tests	gap	medium	SyncVerifyMixin.verify	signed_for None: AttributeError crash. Uncovered: no in-process caller in the unit suite (CLI verify tests fake _bus; no test calls AgentBus.verify/get_claim/record_verdict/attachment; tests/integration also has none)
agentbus_client.hooks._gate.x__bus_reachable__mutmut_1	no tests	gap	high	_bus_reachable	urlsplit result None -> AttributeError outside try: hook crashes (non-zero exit, no JSON) on every gated call; all tests stub _bus_reachable
agentbus_client.hooks._gate.x__bus_reachable__mutmut_10	no tests	gap	high	_bus_reachable	https default port 444 -> probe fails for default base -> permanent fail-open
agentbus_client.hooks._gate.x__bus_reachable__mutmut_11	no tests	gap	high	_bus_reachable	scheme comparison inverted -> https probes 80, http probes 443 -> fail-open
agentbus_client.hooks._gate.x__bus_reachable__mutmut_12	no tests	gap	high	_bus_reachable	scheme literal 'https' is a contract value; mismatch -> https probes port 80 -> fail-open
agentbus_client.hooks._gate.x__bus_reachable__mutmut_13	no tests	gap	high	_bus_reachable	'HTTPS' never matches (urlsplit lowercases scheme) -> https probes port 80 -> fail-open
agentbus_client.hooks._gate.x__bus_reachable__mutmut_14	no tests	gap	high	_bus_reachable	http default port 81 -> probe fails for http bases -> fail-open
agentbus_client.hooks._gate.x__bus_reachable__mutmut_15	no tests	gap	high	_bus_reachable	negated host check -> every valid base reports 'no host' -> permanent fail-open
agentbus_client.hooks._gate.x__bus_reachable__mutmut_16	no tests	gap	medium	_bus_reachable	host-less base reported reachable -> falls through to urlopen failure; still allow-UNVETTED but slug/message differ and connect circuit not opened
agentbus_client.hooks._gate.x__bus_reachable__mutmut_17	no tests	gap	high	_bus_reachable	create_connection(None) raises TypeError (not OSError) -> hook crashes, exit non-zero, no decision JSON
agentbus_client.hooks._gate.x__bus_reachable__mutmut_18	no tests	gap	medium	_bus_reachable	connect timeout dropped (None) -> dead network blocks the hook for OS connect timeout instead of 1.5s
agentbus_client.hooks._gate.x__bus_reachable__mutmut_19	no tests	gap	high	_bus_reachable	address argument dropped -> TypeError escapes -> hook crashes
agentbus_client.hooks._gate.x__bus_reachable__mutmut_2	no tests	gap	high	_bus_reachable	urlsplit(None) yields empty bytes result -> host '' -> always 'unreachable' -> every call allowed UNVETTED and circuit opened
agentbus_client.hooks._gate.x__bus_reachable__mutmut_20	no tests	gap	medium	_bus_reachable	timeout argument dropped -> unbounded connect on dead network (latency, not verdict)
agentbus_client.hooks._gate.x__bus_reachable__mutmut_21	no tests	gap	high	_bus_reachable	success path returns False -> bus always 'unreachable' -> permanent fail-open, guard never asked
agentbus_client.hooks._gate.x__bus_reachable__mutmut_22	no tests	equivalent	-	_bus_reachable	'why' is only read when reachable is False (_gate.py:316); on the True path the string is discarded
agentbus_client.hooks._gate.x__bus_reachable__mutmut_23	no tests	gap	medium	_bus_reachable	connect failure reported reachable -> urlopen attempted (up to 4s), connect_failure circuit not opened; outcome still allow-UNVETTED
agentbus_client.hooks._gate.x__bus_reachable__mutmut_24	no tests	gap	low	_bus_reachable	reason text says 'NoneType' instead of the exception class; message/telemetry detail wording only
agentbus_client.hooks._gate.x__bus_reachable__mutmut_3	no tests	gap	high	_bus_reachable	host forced None -> always 'no host' -> gate never consults guard (permanent fail-open)
agentbus_client.hooks._gate.x__bus_reachable__mutmut_4	no tests	gap	high	_bus_reachable	hostname and '' -> '' for every real host -> always unreachable -> permanent fail-open
agentbus_client.hooks._gate.x__bus_reachable__mutmut_5	no tests	gap	low	_bus_reachable	only when URL has no host: dials 'XXXX' (DNS failure) instead of reporting 'no host'; still unreachable, reason text differs
agentbus_client.hooks._gate.x__bus_reachable__mutmut_6	no tests	gap	high	_bus_reachable	port None -> connect to port 0 fails -> always unreachable -> permanent fail-open
agentbus_client.hooks._gate.x__bus_reachable__mutmut_7	no tests	gap	high	_bus_reachable	explicit port replaced by scheme default, missing port becomes None/0 -> wrong or failing probe -> fail-open
agentbus_client.hooks._gate.x__bus_reachable__mutmut_8	no tests	gap	high	_bus_reachable	https default port becomes 80: probes wrong port for the default https base; https-only host reads unreachable -> fail-open
agentbus_client.hooks._gate.x__bus_reachable__mutmut_9	no tests	gap	high	_bus_reachable	http default port becomes 443: wrong probe port for http bases (e.g. local bus) -> fail-open
agentbus_client.hooks._gate.x_fit_to_guard_limit__mutmut_1	survived	gap	high	fit_to_guard_limit	a field of exactly 4096 chars (server-legal) gets elided and flagged truncated; middle 96 chars hidden from the guard. No test at the exact boundary
agentbus_client.hooks._gate.x_fit_to_guard_limit__mutmut_2	survived	gap	low	fit_to_guard_limit	elided count in the marker becomes 'None'; tests only check the marker phrase, not the number
agentbus_client.hooks._gate.x_fit_to_guard_limit__mutmut_3	survived	gap	low	fit_to_guard_limit	elided count wrong (len+4000); marker number not asserted
agentbus_client.hooks._gate.x_fit_to_guard_limit__mutmut_4	survived	gap	low	fit_to_guard_limit	elided count wrong (float); marker number not asserted
agentbus_client.hooks._gate.x_fit_to_guard_limit__mutmut_5	survived	gap	low	fit_to_guard_limit	elided count wrong (len-6000); marker number not asserted
agentbus_client.hooks._gate.x_pre_tool_use__mutmut_10	survived	gap	high	pre_tool_use	invalid stdin JSON -> payload None -> AttributeError: hook crashes (breaks exit-0 contract, no decision emitted); no test feeds malformed stdin
agentbus_client.hooks._gate.x_pre_tool_use__mutmut_100	survived	gap	low	pre_tool_use	no-credential warning wording ('UNVETTED' still present, only that substring is asserted)
agentbus_client.hooks._gate.x_pre_tool_use__mutmut_101	survived	gap	low	pre_tool_use	no-credential warning wording ('UNVETTED' still present, only that substring is asserted)
agentbus_client.hooks._gate.x_pre_tool_use__mutmut_102	survived	gap	low	pre_tool_use	no-credential warning wording ('UNVETTED' still present, only that substring is asserted)
agentbus_client.hooks._gate.x_pre_tool_use__mutmut_103	survived	gap	low	pre_tool_use	no-credential warning wording ('UNVETTED' still present, only that substring is asserted)
agentbus_client.hooks._gate.x_pre_tool_use__mutmut_105	survived	gap	low	pre_tool_use	unwired-project reason becomes 'None'; test only asserts UNVETTED absent
agentbus_client.hooks._gate.x_pre_tool_use__mutmut_11	survived	gap	high	pre_tool_use	tool_name sent as null on the wire -> server schema rejects (422) -> every call degrades to UNVETTED; tests never assert the sent tool_name
agentbus_client.hooks._gate.x_pre_tool_use__mutmut_110	survived	gap	low	pre_tool_use	unwired-project reason wording
agentbus_client.hooks._gate.x_pre_tool_use__mutmut_111	survived	gap	low	pre_tool_use	unwired-project reason wording
agentbus_client.hooks._gate.x_pre_tool_use__mutmut_112	survived	gap	low	pre_tool_use	unwired-project reason wording
agentbus_client.hooks._gate.x_pre_tool_use__mutmut_118	survived	gap	high	pre_tool_use	env var AGENTBUS_BASE_URL ignored -> always the default bus; a configured staging/local bus is bypassed
agentbus_client.hooks._gate.x_pre_tool_use__mutmut_119	survived	gap	high	pre_tool_use	env var name lowercased -> AGENTBUS_BASE_URL ignored
agentbus_client.hooks._gate.x_pre_tool_use__mutmut_12	survived	gap	high	pre_tool_use	tool_name sent as 'None' -> guard rules keyed on tool name (Bash, ...) never match -> wrong verdicts
agentbus_client.hooks._gate.x_pre_tool_use__mutmut_120	survived	gap	high	pre_tool_use	default base URL corrupted ('XXhttps://...') -> no host -> permanent fail-open when env unset
agentbus_client.hooks._gate.x_pre_tool_use__mutmut_121	survived	equivalent	-	pre_tool_use	scheme and host are case-insensitive: urlsplit/urllib lowercase the scheme, DNS/TLS hostname match and Host routing are case-insensitive (verified urllib side; server side not exercised - re-check if strictness needed)
agentbus_client.hooks._gate.x_pre_tool_use__mutmut_128	survived	gap	high	pre_tool_use	env var AGENTBUS_GATE_FAST_FAIL_AFTER ignored (threshold override lost)
agentbus_client.hooks._gate.x_pre_tool_use__mutmut_129	survived	gap	high	pre_tool_use	env var AGENTBUS_GATE_FAST_FAIL_AFTER lowercased -> override ignored
agentbus_client.hooks._gate.x_pre_tool_use__mutmut_13	survived	gap	high	pre_tool_use	tool_name always '' on the wire -> tool-name rules never match
agentbus_client.hooks._gate.x_pre_tool_use__mutmut_137	survived	gap	high	pre_tool_use	env var AGENTBUS_GATE_FAST_FAIL_COOLDOWN ignored
agentbus_client.hooks._gate.x_pre_tool_use__mutmut_138	survived	gap	high	pre_tool_use	env var AGENTBUS_GATE_FAST_FAIL_COOLDOWN lowercased -> ignored
agentbus_client.hooks._gate.x_pre_tool_use__mutmut_14	survived	gap	high	pre_tool_use	payload.get(None) -> tool_name always '' on the wire
agentbus_client.hooks._gate.x_pre_tool_use__mutmut_141	survived	gap	medium	pre_tool_use	circuit state read via $AGENTBUS_AGENT fallback; for file-resolved identity ValueError -> circuit never consulted
agentbus_client.hooks._gate.x_pre_tool_use__mutmut_146	survived	gap	medium	pre_tool_use	count forced to 0/None -> threshold path never opens the circuit (only connect_failure does); test only covers connect_failure
agentbus_client.hooks._gate.x_pre_tool_use__mutmut_147	survived	gap	high	pre_tool_use	state key read as None -> count always 0 -> threshold circuit dead
agentbus_client.hooks._gate.x_pre_tool_use__mutmut_148	survived	gap	high	pre_tool_use	state JSON key 'count' (written by record_gate_degraded) misspelled -> threshold circuit dead
agentbus_client.hooks._gate.x_pre_tool_use__mutmut_149	survived	gap	high	pre_tool_use	state JSON key 'count' uppercased -> threshold circuit dead
agentbus_client.hooks._gate.x_pre_tool_use__mutmut_15	survived	gap	high	pre_tool_use	input key 'tool_name' (Claude Code contract) misspelled -> tool_name always ''
agentbus_client.hooks._gate.x_pre_tool_use__mutmut_150	survived	gap	medium	pre_tool_use	missing count defaults to 1 instead of 0; matters when threshold set to 1
agentbus_client.hooks._gate.x_pre_tool_use__mutmut_156	survived	equivalent	-	pre_tool_use	missing last_at -> 'XXXX' enters the block, strptime raises ValueError, caught by except Exception: pass -> same no-fast-fail outcome as original
agentbus_client.hooks._gate.x_pre_tool_use__mutmut_157	survived	gap	high	pre_tool_use	'and' -> 'or': any recent degraded record (one 401/503) opens the circuit -> next 30s of calls skip the guard entirely (allow UNVETTED even for deny-worthy calls)
agentbus_client.hooks._gate.x_pre_tool_use__mutmut_159	survived	gap	medium	pre_tool_use	threshold off by one (needs 4 failures); boundary untested
agentbus_client.hooks._gate.x_pre_tool_use__mutmut_16	survived	gap	high	pre_tool_use	input key 'tool_name' uppercased -> tool_name always ''
agentbus_client.hooks._gate.x_pre_tool_use__mutmut_17	survived	gap	medium	pre_tool_use	missing tool_name sent as 'XXXX' instead of ''; only malformed hook input
agentbus_client.hooks._gate.x_pre_tool_use__mutmut_176	survived	gap	medium	pre_tool_use	cooldown boundary < vs <= untested
agentbus_client.hooks._gate.x_pre_tool_use__mutmut_177	survived	equivalent	-	pre_tool_use	record_gate_degraded/clear_gate_degraded wrap their whole body in contextlib.suppress(Exception) (_state.py:267,301), so no exception ever reaches this outer suppress; suppress(None) only differs when an exception arrives
agentbus_client.hooks._gate.x_pre_tool_use__mutmut_178	survived	gap	medium	pre_tool_use	fast_fail record via $AGENTBUS_AGENT fallback; for file-resolved identity no record is written (which incidentally lets the circuit close - see real-bug on 181-183)
agentbus_client.hooks._gate.x_pre_tool_use__mutmut_179	survived	gap	medium	pre_tool_use	fast-fail telemetry reason recorded as 'None'
agentbus_client.hooks._gate.x_pre_tool_use__mutmut_180	survived	gap	low	pre_tool_use	fast-fail telemetry detail 'None'
agentbus_client.hooks._gate.x_pre_tool_use__mutmut_181	survived	real-bug	-	pre_tool_use	arg dropped -> TypeError swallowed -> fast_fail is NOT recorded. That is MORE correct for gating: the original fast_fail record refreshes last_at, so with tool calls <30s apart the circuit never closes after the bus recovers and every call (incl. deny-worthy) runs UNVETTED forever. Reproduced: 3x503 then healthy bus, calls every 20s -> original allows 8/8, mutant denies from t+40. Mutant loses the degraded-call counter though
agentbus_client.hooks._gate.x_pre_tool_use__mutmut_182	survived	real-bug	-	pre_tool_use	same as 181: TypeError swallowed, last_at not refreshed, circuit closes after cooldown; original keeps it open indefinitely under steady use
agentbus_client.hooks._gate.x_pre_tool_use__mutmut_183	survived	real-bug	-	pre_tool_use	same as 181: TypeError swallowed, last_at not refreshed, circuit closes after cooldown
agentbus_client.hooks._gate.x_pre_tool_use__mutmut_184	survived	gap	medium	pre_tool_use	fast-fail telemetry reason slug changed (operator-facing)
agentbus_client.hooks._gate.x_pre_tool_use__mutmut_185	survived	gap	medium	pre_tool_use	fast-fail telemetry reason slug changed (operator-facing)
agentbus_client.hooks._gate.x_pre_tool_use__mutmut_193	survived	gap	low	pre_tool_use	fast-fail message wording
agentbus_client.hooks._gate.x_pre_tool_use__mutmut_194	survived	gap	low	pre_tool_use	fast-fail message wording ('unvetted' lowercased; test checks only FAST-FAILING)
agentbus_client.hooks._gate.x_pre_tool_use__mutmut_195	survived	gap	low	pre_tool_use	fast-fail message wording
agentbus_client.hooks._gate.x_pre_tool_use__mutmut_196	survived	gap	low	pre_tool_use	fast-fail message wording
agentbus_client.hooks._gate.x_pre_tool_use__mutmut_197	survived	gap	low	pre_tool_use	fast-fail message wording
agentbus_client.hooks._gate.x_pre_tool_use__mutmut_198	survived	gap	medium	pre_tool_use	read timeout None -> a slow bus hangs the hook unbounded; fake urlopen ignores timeout
agentbus_client.hooks._gate.x_pre_tool_use__mutmut_204	survived	gap	high	pre_tool_use	env var AGENTBUS_GATE_TIMEOUT ignored
agentbus_client.hooks._gate.x_pre_tool_use__mutmut_205	survived	gap	high	pre_tool_use	env var AGENTBUS_GATE_TIMEOUT lowercased -> ignored
agentbus_client.hooks._gate.x_pre_tool_use__mutmut_207	survived	gap	medium	pre_tool_use	connect timeout None -> unbounded TCP probe on dead network
agentbus_client.hooks._gate.x_pre_tool_use__mutmut_213	survived	gap	high	pre_tool_use	env var AGENTBUS_GATE_CONNECT_TIMEOUT ignored
agentbus_client.hooks._gate.x_pre_tool_use__mutmut_214	survived	gap	high	pre_tool_use	env var AGENTBUS_GATE_CONNECT_TIMEOUT lowercased -> ignored
agentbus_client.hooks._gate.x_pre_tool_use__mutmut_217	survived	gap	high	pre_tool_use	_bus_reachable(None) -> urlsplit(None) -> no host -> always unreachable -> permanent fail-open (tests stub _bus_reachable with *args lambda)
agentbus_client.hooks._gate.x_pre_tool_use__mutmut_218	survived	gap	medium	pre_tool_use	connect timeout None -> unbounded probe
agentbus_client.hooks._gate.x_pre_tool_use__mutmut_219	survived	gap	high	pre_tool_use	positional arg dropped -> real _bus_reachable raises TypeError outside try -> hook crash; stub accepts any args
agentbus_client.hooks._gate.x_pre_tool_use__mutmut_220	survived	gap	high	pre_tool_use	timeout arg dropped -> TypeError -> hook crash; stub accepts any args
agentbus_client.hooks._gate.x_pre_tool_use__mutmut_222	survived	equivalent	-	pre_tool_use	record_gate_degraded/clear_gate_degraded wrap their whole body in contextlib.suppress(Exception) (_state.py:267,301), so no exception ever reaches this outer suppress; suppress(None) only differs when an exception arrives
agentbus_client.hooks._gate.x_pre_tool_use__mutmut_223	survived	gap	medium	pre_tool_use	connect_failure record via env fallback; file-resolved identity -> no record -> circuit not opened
agentbus_client.hooks._gate.x_pre_tool_use__mutmut_225	survived	gap	low	pre_tool_use	connect_failure telemetry detail 'None'
agentbus_client.hooks._gate.x_pre_tool_use__mutmut_238	survived	gap	low	pre_tool_use	unreachable message wording
agentbus_client.hooks._gate.x_pre_tool_use__mutmut_239	survived	gap	low	pre_tool_use	unreachable message wording
agentbus_client.hooks._gate.x_pre_tool_use__mutmut_253	survived	gap	low	pre_tool_use	last_exc only stays at its initial value when the 200 body is JSON null; then message shows '()' instead of '(None)'
agentbus_client.hooks._gate.x_pre_tool_use__mutmut_254	survived	equivalent	-	pre_tool_use	retired_detail is only used for truthiness (_gate.py:404); '' and None are both falsy and it is only reassigned to a non-empty detail
agentbus_client.hooks._gate.x_pre_tool_use__mutmut_255	survived	gap	medium	pre_tool_use	attempt starts truthy -> 5xx never retried -> a rolling-reload blip degrades the call to UNVETTED instead of getting a verdict; no test counts urlopen calls on 503
agentbus_client.hooks._gate.x_pre_tool_use__mutmut_256	survived	equivalent	-	pre_tool_use	attempt only used for truthiness (exc.code < 500 or attempt); 2 and 1 are both truthy, 0 unchanged
agentbus_client.hooks._gate.x_pre_tool_use__mutmut_261	survived	equivalent	-	pre_tool_use	Request(method=None) falls back to get_method() = 'POST' because data is set (verified)
agentbus_client.hooks._gate.x_pre_tool_use__mutmut_264	survived	gap	high	pre_tool_use	headers dropped -> no Authorization / X-AgentBus-Agent / JSON content type -> server 401/422 -> every call UNVETTED; fake urlopen never checks headers
agentbus_client.hooks._gate.x_pre_tool_use__mutmut_265	survived	equivalent	-	pre_tool_use	method kwarg dropped -> default method is POST since data is not None (verified)
agentbus_client.hooks._gate.x_pre_tool_use__mutmut_266	survived	gap	high	pre_tool_use	rstrip(None) strips whitespace not '/': base with trailing slash posts to '//v1/guard/check' (URL path contract)
agentbus_client.hooks._gate.x_pre_tool_use__mutmut_267	survived	gap	high	pre_tool_use	lstrip instead of rstrip: trailing slash kept -> '//v1/guard/check'
agentbus_client.hooks._gate.x_pre_tool_use__mutmut_268	survived	gap	medium	pre_tool_use	rstrip('XX/XX') also strips trailing 'X' chars from the base; only bases ending in 'X' affected
agentbus_client.hooks._gate.x_pre_tool_use__mutmut_27	survived	gap	high	pre_tool_use	output key hookEventName (Claude Code contract) renamed -> harness may reject/ignore hookSpecificOutput, losing deny
agentbus_client.hooks._gate.x_pre_tool_use__mutmut_270	survived	gap	high	pre_tool_use	Content-Type header renamed -> urllib sends application/x-www-form-urlencoded -> FastAPI body not parsed as JSON -> 422 -> UNVETTED
agentbus_client.hooks._gate.x_pre_tool_use__mutmut_271	survived	equivalent	-	pre_tool_use	urllib.Request capitalizes header names: 'content-type' -> 'Content-type', identical to the original (verified)
agentbus_client.hooks._gate.x_pre_tool_use__mutmut_272	survived	equivalent	-	pre_tool_use	urllib.Request capitalizes header names: 'CONTENT-TYPE' -> 'Content-type' (verified)
agentbus_client.hooks._gate.x_pre_tool_use__mutmut_273	survived	gap	high	pre_tool_use	content type 'XXapplication/jsonXX' -> FastAPI does not parse JSON body -> 422 -> UNVETTED
agentbus_client.hooks._gate.x_pre_tool_use__mutmut_274	survived	equivalent	-	pre_tool_use	media types are case-insensitive; FastAPI parses content-type via email.message (lowercased maintype/subtype) so 'APPLICATION/JSON' is accepted identically (server source agentbus/api routes_guard.py is FastAPI; not exercised live)
agentbus_client.hooks._gate.x_pre_tool_use__mutmut_275	survived	gap	high	pre_tool_use	Authorization header renamed -> no credential sent -> 401 -> UNVETTED
agentbus_client.hooks._gate.x_pre_tool_use__mutmut_276	survived	equivalent	-	pre_tool_use	urllib capitalizes header names -> 'Authorization' (verified)
agentbus_client.hooks._gate.x_pre_tool_use__mutmut_277	survived	equivalent	-	pre_tool_use	urllib capitalizes header names -> 'Authorization' (verified)
agentbus_client.hooks._gate.x_pre_tool_use__mutmut_278	survived	gap	high	pre_tool_use	X-AgentBus-Agent header renamed -> server 'no acting agent' 422 -> UNVETTED
agentbus_client.hooks._gate.x_pre_tool_use__mutmut_279	survived	equivalent	-	pre_tool_use	urllib capitalizes header names; original and mutant both send 'X-agentbus-agent' (verified)
agentbus_client.hooks._gate.x_pre_tool_use__mutmut_28	survived	gap	high	pre_tool_use	output key hookEventName lowercased -> contract break
agentbus_client.hooks._gate.x_pre_tool_use__mutmut_280	survived	equivalent	-	pre_tool_use	urllib capitalizes header names; original and mutant both send 'X-agentbus-agent' (verified)
agentbus_client.hooks._gate.x_pre_tool_use__mutmut_281	survived	gap	high	pre_tool_use	HTTP method 'XXPOSTXX' -> 405 -> UNVETTED
agentbus_client.hooks._gate.x_pre_tool_use__mutmut_282	survived	gap	high	pre_tool_use	method 'post' sent verbatim (methods are case-sensitive) -> 405/400 -> UNVETTED
agentbus_client.hooks._gate.x_pre_tool_use__mutmut_284	survived	gap	medium	pre_tool_use	read timeout None -> unbounded wait on a slow bus
agentbus_client.hooks._gate.x_pre_tool_use__mutmut_286	survived	gap	medium	pre_tool_use	timeout kwarg dropped -> unbounded wait on a slow bus
agentbus_client.hooks._gate.x_pre_tool_use__mutmut_29	survived	gap	high	pre_tool_use	output key hookEventName uppercased -> contract break
agentbus_client.hooks._gate.x_pre_tool_use__mutmut_290	survived	gap	medium	pre_tool_use	HTTPError not kept -> message '(None)', telemetry slug 'unknown' instead of 'httperror'
agentbus_client.hooks._gate.x_pre_tool_use__mutmut_291	survived	gap	medium	pre_tool_use	422 test inverted: every non-422 error is relabelled 'HTTP 422 ...' and its body consumed (a real 410 body then reads empty -> retired detection lost); real 422 not converted. Test HTTPError.read is re-readable so it hides this
agentbus_client.hooks._gate.x_pre_tool_use__mutmut_292	survived	gap	medium	pre_tool_use	422 not recognised -> validation detail/code not surfaced, slug httperror instead of guardrequestrejected
agentbus_client.hooks._gate.x_pre_tool_use__mutmut_293	survived	gap	high	pre_tool_use	suppress(None) around the 422 body parse: a non-JSON 422 body raises inside the except handler -> TypeError escapes the loop -> hook crash
agentbus_client.hooks._gate.x_pre_tool_use__mutmut_294	survived	gap	medium	pre_tool_use	problem None -> AttributeError swallowed -> 422 detail lost, slug httperror
agentbus_client.hooks._gate.x_pre_tool_use__mutmut_295	survived	gap	medium	pre_tool_use	json.loads(None) TypeError swallowed -> 422 detail lost
agentbus_client.hooks._gate.x_pre_tool_use__mutmut_296	survived	gap	medium	pre_tool_use	last_exc None -> message '(None)', slug 'unknown'
agentbus_client.hooks._gate.x_pre_tool_use__mutmut_297	survived	gap	low	pre_tool_use	422 message becomes 'None'
agentbus_client.hooks._gate.x_pre_tool_use__mutmut_298	survived	gap	low	pre_tool_use	422 message shows 'validation_error' instead of the server code
agentbus_client.hooks._gate.x_pre_tool_use__mutmut_299	survived	gap	medium	pre_tool_use	problem key read as None -> server 'code' never surfaced
agentbus_client.hooks._gate.x_pre_tool_use__mutmut_3	survived	gap	medium	pre_tool_use	stdin read even when it is a TTY -> interactive invocation blocks on stdin; harness always pipes
agentbus_client.hooks._gate.x_pre_tool_use__mutmut_30	survived	gap	high	pre_tool_use	hookEventName value must be 'PreToolUse'; mismatch -> decision not applied
agentbus_client.hooks._gate.x_pre_tool_use__mutmut_300	survived	gap	medium	pre_tool_use	problem-body key 'code' misspelled -> server code never surfaced (diagnostic only)
agentbus_client.hooks._gate.x_pre_tool_use__mutmut_301	survived	gap	medium	pre_tool_use	problem-body key 'code' uppercased -> server code never surfaced
agentbus_client.hooks._gate.x_pre_tool_use__mutmut_302	survived	gap	low	pre_tool_use	fallback code wording
agentbus_client.hooks._gate.x_pre_tool_use__mutmut_303	survived	gap	low	pre_tool_use	fallback code wording
agentbus_client.hooks._gate.x_pre_tool_use__mutmut_304	survived	gap	low	pre_tool_use	422 message drops the server detail
agentbus_client.hooks._gate.x_pre_tool_use__mutmut_305	survived	gap	medium	pre_tool_use	problem key read as None -> server 'detail' never surfaced
agentbus_client.hooks._gate.x_pre_tool_use__mutmut_306	survived	gap	medium	pre_tool_use	problem-body key 'detail' misspelled -> detail never surfaced
agentbus_client.hooks._gate.x_pre_tool_use__mutmut_307	survived	gap	medium	pre_tool_use	problem-body key 'detail' uppercased -> detail never surfaced
agentbus_client.hooks._gate.x_pre_tool_use__mutmut_308	survived	gap	low	pre_tool_use	empty detail shown as 'XXXX'
agentbus_client.hooks._gate.x_pre_tool_use__mutmut_309	survived	gap	high	pre_tool_use	410 test inverted: every non-410 HTTPError breaks out immediately (5xx retry lost) and a real 410 loses retired handling; test only asserts UNVETTED
agentbus_client.hooks._gate.x_pre_tool_use__mutmut_31	survived	gap	high	pre_tool_use	hookEventName value lowercased -> decision not applied
agentbus_client.hooks._gate.x_pre_tool_use__mutmut_310	survived	gap	high	pre_tool_use	status 410 (wire contract) not recognised -> retired identity reported as generic failure, identity_retired telemetry never written
agentbus_client.hooks._gate.x_pre_tool_use__mutmut_311	survived	gap	medium	pre_tool_use	detail None -> AttributeError swallowed -> retired detection lost (message/telemetry; still allow)
agentbus_client.hooks._gate.x_pre_tool_use__mutmut_312	survived	gap	medium	pre_tool_use	detail forced '' -> retired detection lost
agentbus_client.hooks._gate.x_pre_tool_use__mutmut_313	survived	gap	medium	pre_tool_use	key None -> retired detection lost
agentbus_client.hooks._gate.x_pre_tool_use__mutmut_314	survived	gap	medium	pre_tool_use	json.loads(None) -> retired detection lost
agentbus_client.hooks._gate.x_pre_tool_use__mutmut_315	survived	gap	high	pre_tool_use	problem-body key 'detail' misspelled -> retired detection lost (wire key)
agentbus_client.hooks._gate.x_pre_tool_use__mutmut_316	survived	gap	high	pre_tool_use	problem-body key 'detail' uppercased -> retired detection lost (wire key)
agentbus_client.hooks._gate.x_pre_tool_use__mutmut_317	survived	equivalent	-	pre_tool_use	missing detail -> 'XXXX' vs ''; neither contains 'retired', and detail is only used when it does
agentbus_client.hooks._gate.x_pre_tool_use__mutmut_318	survived	gap	high	pre_tool_use	server marker 'retired' changed -> retired detection lost
agentbus_client.hooks._gate.x_pre_tool_use__mutmut_319	survived	gap	high	pre_tool_use	'RETIRED' never in lowered text -> retired detection lost
agentbus_client.hooks._gate.x_pre_tool_use__mutmut_32	survived	gap	high	pre_tool_use	hookEventName value uppercased -> decision not applied
agentbus_client.hooks._gate.x_pre_tool_use__mutmut_320	survived	gap	high	pre_tool_use	marker test inverted: non-retired 410s reported as retired, retired ones not
agentbus_client.hooks._gate.x_pre_tool_use__mutmut_321	survived	gap	high	pre_tool_use	upper() vs lowercase marker -> retired detection lost
agentbus_client.hooks._gate.x_pre_tool_use__mutmut_322	survived	gap	medium	pre_tool_use	retired_detail None -> retired path never taken
agentbus_client.hooks._gate.x_pre_tool_use__mutmut_324	survived	gap	medium	pre_tool_use	4xx retried once at attempt 0 (forbidden: hammers bus with a dead key); outcome still allow
agentbus_client.hooks._gate.x_pre_tool_use__mutmut_325	survived	gap	medium	pre_tool_use	HTTP 500 no longer retried
agentbus_client.hooks._gate.x_pre_tool_use__mutmut_326	survived	gap	medium	pre_tool_use	HTTP 500 no longer retried
agentbus_client.hooks._gate.x_pre_tool_use__mutmut_329	survived	gap	medium	pre_tool_use	retry backoff 1.25s instead of 0.25s (latency)
agentbus_client.hooks._gate.x_pre_tool_use__mutmut_330	survived	gap	medium	pre_tool_use	transport exception not kept -> message '(None)', slug 'unknown'
agentbus_client.hooks._gate.x_pre_tool_use__mutmut_333	survived	equivalent	-	pre_tool_use	record_gate_degraded/clear_gate_degraded wrap their whole body in contextlib.suppress(Exception) (_state.py:267,301), so no exception ever reaches this outer suppress; suppress(None) only differs when an exception arrives
agentbus_client.hooks._gate.x_pre_tool_use__mutmut_334	survived	gap	medium	pre_tool_use	identity_retired record via env fallback; file-resolved identity -> not written
agentbus_client.hooks._gate.x_pre_tool_use__mutmut_335	survived	gap	medium	pre_tool_use	telemetry reason 'None' instead of identity_retired
agentbus_client.hooks._gate.x_pre_tool_use__mutmut_336	survived	gap	low	pre_tool_use	telemetry detail 'None'
agentbus_client.hooks._gate.x_pre_tool_use__mutmut_337	survived	gap	medium	pre_tool_use	arg dropped -> TypeError swallowed -> no identity_retired telemetry
agentbus_client.hooks._gate.x_pre_tool_use__mutmut_338	survived	gap	medium	pre_tool_use	arg dropped -> TypeError swallowed -> no telemetry
agentbus_client.hooks._gate.x_pre_tool_use__mutmut_339	survived	gap	medium	pre_tool_use	arg dropped -> TypeError swallowed -> no telemetry
agentbus_client.hooks._gate.x_pre_tool_use__mutmut_340	survived	gap	medium	pre_tool_use	telemetry slug identity_retired changed
agentbus_client.hooks._gate.x_pre_tool_use__mutmut_341	survived	gap	medium	pre_tool_use	telemetry slug identity_retired changed
agentbus_client.hooks._gate.x_pre_tool_use__mutmut_348	survived	gap	low	pre_tool_use	retired-identity warning wording
agentbus_client.hooks._gate.x_pre_tool_use__mutmut_350	survived	gap	low	pre_tool_use	retired-identity warning wording
agentbus_client.hooks._gate.x_pre_tool_use__mutmut_351	survived	gap	low	pre_tool_use	retired-identity warning wording
agentbus_client.hooks._gate.x_pre_tool_use__mutmut_352	survived	gap	low	pre_tool_use	retired-identity warning wording
agentbus_client.hooks._gate.x_pre_tool_use__mutmut_353	survived	gap	low	pre_tool_use	retired-identity warning wording
agentbus_client.hooks._gate.x_pre_tool_use__mutmut_354	survived	gap	low	pre_tool_use	retired-identity warning wording
agentbus_client.hooks._gate.x_pre_tool_use__mutmut_355	survived	gap	low	pre_tool_use	retired-identity warning wording
agentbus_client.hooks._gate.x_pre_tool_use__mutmut_356	survived	equivalent	-	pre_tool_use	the block is type(...).__name__.lower() plus record_gate_degraded, neither of which can raise (record suppresses internally), so the outer suppress never sees an exception
agentbus_client.hooks._gate.x_pre_tool_use__mutmut_357	survived	gap	medium	pre_tool_use	telemetry reason 'None' instead of the exception class slug
agentbus_client.hooks._gate.x_pre_tool_use__mutmut_358	survived	gap	medium	pre_tool_use	slug always 'unknown' -> watch-status cannot tell 401 from timeout
agentbus_client.hooks._gate.x_pre_tool_use__mutmut_359	survived	gap	medium	pre_tool_use	slug 'nonetype' instead of 'unknown' when last_exc is None
agentbus_client.hooks._gate.x_pre_tool_use__mutmut_360	survived	gap	medium	pre_tool_use	slug uppercased
agentbus_client.hooks._gate.x_pre_tool_use__mutmut_361	survived	gap	medium	pre_tool_use	slug always 'nonetype'
agentbus_client.hooks._gate.x_pre_tool_use__mutmut_362	survived	gap	medium	pre_tool_use	fallback slug changed (null-body case)
agentbus_client.hooks._gate.x_pre_tool_use__mutmut_363	survived	gap	medium	pre_tool_use	fallback slug changed (null-body case)
agentbus_client.hooks._gate.x_pre_tool_use__mutmut_364	survived	gap	medium	pre_tool_use	generic degraded record via env fallback; file-resolved identity -> not written
agentbus_client.hooks._gate.x_pre_tool_use__mutmut_365	survived	gap	medium	pre_tool_use	telemetry reason 'None'
agentbus_client.hooks._gate.x_pre_tool_use__mutmut_366	survived	gap	low	pre_tool_use	telemetry detail 'None'
agentbus_client.hooks._gate.x_pre_tool_use__mutmut_367	survived	gap	medium	pre_tool_use	arg dropped -> TypeError swallowed -> no telemetry for generic degrade (incl. 401/503); tests never read the state file except on connect failure
agentbus_client.hooks._gate.x_pre_tool_use__mutmut_368	survived	gap	medium	pre_tool_use	arg dropped -> TypeError swallowed -> no telemetry
agentbus_client.hooks._gate.x_pre_tool_use__mutmut_369	survived	gap	medium	pre_tool_use	arg dropped -> TypeError swallowed -> no telemetry
agentbus_client.hooks._gate.x_pre_tool_use__mutmut_376	survived	gap	low	pre_tool_use	generic degraded warning wording ('UNVETTED' still asserted only as substring)
agentbus_client.hooks._gate.x_pre_tool_use__mutmut_378	survived	gap	low	pre_tool_use	generic degraded warning wording ('UNVETTED' still asserted only as substring)
agentbus_client.hooks._gate.x_pre_tool_use__mutmut_379	survived	gap	low	pre_tool_use	generic degraded warning wording ('UNVETTED' still asserted only as substring)
agentbus_client.hooks._gate.x_pre_tool_use__mutmut_380	survived	gap	low	pre_tool_use	generic degraded warning wording ('UNVETTED' still asserted only as substring)
agentbus_client.hooks._gate.x_pre_tool_use__mutmut_381	survived	gap	low	pre_tool_use	generic degraded warning wording ('UNVETTED' still asserted only as substring)
agentbus_client.hooks._gate.x_pre_tool_use__mutmut_382	survived	gap	low	pre_tool_use	generic degraded warning wording ('UNVETTED' still asserted only as substring)
agentbus_client.hooks._gate.x_pre_tool_use__mutmut_383	survived	gap	low	pre_tool_use	generic degraded warning wording ('UNVETTED' still asserted only as substring)
agentbus_client.hooks._gate.x_pre_tool_use__mutmut_384	survived	equivalent	-	pre_tool_use	clear_gate_degraded suppresses all Exceptions internally (_state.py:301); outer suppress never sees one
agentbus_client.hooks._gate.x_pre_tool_use__mutmut_385	survived	gap	medium	pre_tool_use	clear via env fallback; file-resolved identity -> degraded record never cleared by a real verdict (stale 'GATE DEGRADED' and circuit)
agentbus_client.hooks._gate.x_pre_tool_use__mutmut_393	survived	gap	low	pre_tool_use	allow reason replaced by 'None'
agentbus_client.hooks._gate.x_pre_tool_use__mutmut_398	survived	gap	low	pre_tool_use	allow reason replaced by 'None'
agentbus_client.hooks._gate.x_pre_tool_use__mutmut_399	survived	gap	low	pre_tool_use	allow reason always 'permitted' (server reason dropped)
agentbus_client.hooks._gate.x_pre_tool_use__mutmut_40	survived	gap	high	pre_tool_use	pre_tool_use returns 1 -> main() exits 1 -> Claude Code ignores stdout JSON on non-zero exit, so a verified DENY is not enforced. Tests ignore the return value
agentbus_client.hooks._gate.x_pre_tool_use__mutmut_400	survived	gap	low	pre_tool_use	allow reason always 'permitted'
agentbus_client.hooks._gate.x_pre_tool_use__mutmut_401	survived	gap	medium	pre_tool_use	response key 'reason' misspelled on allow path -> server reason dropped
agentbus_client.hooks._gate.x_pre_tool_use__mutmut_402	survived	gap	medium	pre_tool_use	response key 'reason' uppercased on allow path -> server reason dropped
agentbus_client.hooks._gate.x_pre_tool_use__mutmut_403	survived	gap	low	pre_tool_use	default allow wording
agentbus_client.hooks._gate.x_pre_tool_use__mutmut_404	survived	gap	low	pre_tool_use	default allow wording
agentbus_client.hooks._gate.x_pre_tool_use__mutmut_406	survived	gap	high	pre_tool_use	deny reason replaced by 'None': the server's deny reason names the approval it raised, so the agent loses the only pointer to it
agentbus_client.hooks._gate.x_pre_tool_use__mutmut_411	survived	gap	high	pre_tool_use	deny reason 'None' -> approval reference lost
agentbus_client.hooks._gate.x_pre_tool_use__mutmut_412	survived	gap	high	pre_tool_use	deny reason always the default text -> approval reference lost
agentbus_client.hooks._gate.x_pre_tool_use__mutmut_413	survived	gap	high	pre_tool_use	deny reason key None -> approval reference lost
agentbus_client.hooks._gate.x_pre_tool_use__mutmut_414	survived	gap	high	pre_tool_use	response key 'reason' misspelled on deny path -> approval reference lost
agentbus_client.hooks._gate.x_pre_tool_use__mutmut_415	survived	gap	high	pre_tool_use	response key 'reason' uppercased on deny path -> approval reference lost
agentbus_client.hooks._gate.x_pre_tool_use__mutmut_416	survived	gap	low	pre_tool_use	default deny wording
agentbus_client.hooks._gate.x_pre_tool_use__mutmut_417	survived	gap	low	pre_tool_use	default deny wording
agentbus_client.hooks._gate.x_pre_tool_use__mutmut_46	survived	gap	high	pre_tool_use	'or' -> 'and': a session with a key but no identity (or identity but no key) skips the opt-in kill switch and calls the bus; unopted projects get network calls and UNVETTED warnings. Existing tests pass (both-missing case or real network 401)
agentbus_client.hooks._gate.x_pre_tool_use__mutmut_5	survived	equivalent	-	pre_tool_use	'XXXX' is not JSON -> ValueError -> payload {} ; identical to original '' -> {}
agentbus_client.hooks._gate.x_pre_tool_use__mutmut_69	survived	gap	medium	pre_tool_use	unreadable/malformed settings.local.json treated as opted-in -> degraded warning and a gate-degraded-unknown.json written for a project that never opted in
agentbus_client.hooks._gate.x_pre_tool_use__mutmut_70	survived	equivalent	-	pre_tool_use	record_gate_degraded/clear_gate_degraded wrap their whole body in contextlib.suppress(Exception) (_state.py:267,301), so no exception ever reaches this outer suppress; suppress(None) only differs when an exception arrives
agentbus_client.hooks._gate.x_pre_tool_use__mutmut_71	survived	gap	medium	pre_tool_use	record_gate_degraded(None, ...) -> agent_slug falls back to $AGENTBUS_AGENT; when identity came from .agentbus/agent or settings and env is unset, ValueError is swallowed and no-credential telemetry is never written
agentbus_client.hooks._gate.x_pre_tool_use__mutmut_72	survived	gap	medium	pre_tool_use	telemetry reason recorded as 'None' instead of 'no_credential' (shown by watch-status)
agentbus_client.hooks._gate.x_pre_tool_use__mutmut_73	survived	gap	low	pre_tool_use	telemetry detail recorded as 'None'
agentbus_client.hooks._gate.x_pre_tool_use__mutmut_74	survived	gap	medium	pre_tool_use	argument dropped -> TypeError at call, swallowed -> no-credential telemetry never written
agentbus_client.hooks._gate.x_pre_tool_use__mutmut_75	survived	gap	medium	pre_tool_use	argument dropped -> TypeError swallowed -> no telemetry
agentbus_client.hooks._gate.x_pre_tool_use__mutmut_76	survived	gap	medium	pre_tool_use	argument dropped -> TypeError swallowed -> no telemetry
agentbus_client.hooks._gate.x_pre_tool_use__mutmut_77	survived	gap	medium	pre_tool_use	agent and 'unknown' -> telemetry always written to gate-degraded-unknown.json, never the agent's file; watch-status for the agent shows nothing
agentbus_client.hooks._gate.x_pre_tool_use__mutmut_78	survived	gap	medium	pre_tool_use	fallback agent name for telemetry file changes (only when agent is None)
agentbus_client.hooks._gate.x_pre_tool_use__mutmut_79	survived	gap	medium	pre_tool_use	fallback agent name for telemetry file changes (only when agent is None)
agentbus_client.hooks._gate.x_pre_tool_use__mutmut_8	survived	equivalent	-	pre_tool_use	empty raw -> json.loads('') raises JSONDecodeError (ValueError) -> payload {} ; identical to the {} branch
agentbus_client.hooks._gate.x_pre_tool_use__mutmut_80	survived	gap	medium	pre_tool_use	telemetry reason slug 'no_credential' changed (operator-facing in watch-status)
agentbus_client.hooks._gate.x_pre_tool_use__mutmut_81	survived	gap	medium	pre_tool_use	telemetry reason slug 'no_credential' changed (operator-facing in watch-status)
agentbus_client.hooks._gate.x_pre_tool_use__mutmut_82	survived	gap	low	pre_tool_use	telemetry detail wording
agentbus_client.hooks._gate.x_pre_tool_use__mutmut_83	survived	gap	low	pre_tool_use	telemetry detail wording
agentbus_client.hooks._gate.x_pre_tool_use__mutmut_90	survived	gap	low	pre_tool_use	no-credential warning wording ('UNVETTED' still present, only that substring is asserted)
agentbus_client.hooks._gate.x_pre_tool_use__mutmut_91	survived	gap	low	pre_tool_use	no-credential warning wording ('UNVETTED' still present, only that substring is asserted)
agentbus_client.hooks._gate.x_pre_tool_use__mutmut_92	survived	gap	low	pre_tool_use	no-credential warning wording ('UNVETTED' still present, only that substring is asserted)
agentbus_client.hooks._gate.x_pre_tool_use__mutmut_93	survived	gap	low	pre_tool_use	no-credential warning wording ('UNVETTED' still present, only that substring is asserted)
agentbus_client.hooks._gate.x_pre_tool_use__mutmut_94	survived	gap	low	pre_tool_use	no-credential warning wording ('UNVETTED' still present, only that substring is asserted)
agentbus_client.hooks._gate.x_pre_tool_use__mutmut_95	survived	gap	low	pre_tool_use	no-credential warning wording ('UNVETTED' still present, only that substring is asserted)
agentbus_client.hooks._gate.x_pre_tool_use__mutmut_96	survived	gap	low	pre_tool_use	no-credential warning wording ('UNVETTED' still present, only that substring is asserted)
agentbus_client.hooks._gate.x_pre_tool_use__mutmut_98	survived	gap	low	pre_tool_use	no-credential warning wording ('UNVETTED' still present, only that substring is asserted)
agentbus_client.hooks._gate.x_pre_tool_use__mutmut_99	survived	gap	low	pre_tool_use	no-credential warning wording ('UNVETTED' still present, only that substring is asserted)
agentbus_client.identity.x_describe__mutmut_10	survived	gap	high	describe	repo_fingerprint always None -> session_key computed without repo; 'agentbus identity'/MCP and _derived_name give a key the server never computes. Test asserts None == None.
agentbus_client.identity.x_describe__mutmut_23	survived	gap	high	describe	session_key built from wrong/shifted inputs (26/27 shift raw path into the repo slot) -> client key diverges from server's. Test only asserts two worktrees differ.
agentbus_client.identity.x_describe__mutmut_24	survived	gap	high	describe	session_key built from wrong/shifted inputs (26/27 shift raw path into the repo slot) -> client key diverges from server's. Test only asserts two worktrees differ.
agentbus_client.identity.x_describe__mutmut_26	survived	gap	high	describe	session_key built from wrong/shifted inputs (26/27 shift raw path into the repo slot) -> client key diverges from server's. Test only asserts two worktrees differ.
agentbus_client.identity.x_describe__mutmut_27	survived	gap	high	describe	session_key built from wrong/shifted inputs (26/27 shift raw path into the repo slot) -> client key diverges from server's. Test only asserts two worktrees differ.
agentbus_client.identity.x_describe__mutmut_6	survived	gap	high	describe	repo_remote always None -> register payload drops repo_remote -> server derives a different session_key (new agent). No test asserts describe()['repo_remote'].
agentbus_client.identity.x_describe__mutmut_7	survived	gap	high	describe	git_remote(None) resolves the CWD's repo, not the requested workdir -> wrong-repo identity for describe(workdir). Test cwd and workdirs both yield one constant, so equality passes.
agentbus_client.identity.x_describe__mutmut_8	survived	gap	high	describe	device_id None in describe -> register payload device_id None -> machines collapse to one identity. Untested value.
agentbus_client.identity.x_describe__mutmut_9	survived	gap	high	describe	repo_fingerprint always None -> session_key computed without repo; 'agentbus identity'/MCP and _derived_name give a key the server never computes. Test asserts None == None.
agentbus_client.identity.x_device_id__mutmut_1	survived	gap	high	device_id	AGENTBUS_DEVICE_ID override ignored (env-var contract); fleet containers that deliberately share an identity each mint their own. No test sets AGENTBUS_DEVICE_ID.
agentbus_client.identity.x_device_id__mutmut_10	survived	gap	high	device_id	Lost creation race returns the loser's own uuid instead of the winner's persisted id -> two first-run processes disagree on device id (identity split). No concurrent/pre-existing-file race test.
agentbus_client.identity.x_device_id__mutmut_16	survived	gap	high	device_id	File content becomes '<uuid>XX\nXX'; first call returns the uuid, every later call returns 'uuidXX\nXX' -> device id changes between runs -> new agent minted. No test calls device_id() twice on a fresh config dir.
agentbus_client.identity.x_device_id__mutmut_17	survived	gap	high	device_id	Lost creation race returns the loser's own uuid instead of the winner's persisted id -> two first-run processes disagree on device id (identity split). No concurrent/pre-existing-file race test.
agentbus_client.identity.x_device_id__mutmut_3	survived	gap	high	device_id	AGENTBUS_DEVICE_ID override ignored (env-var contract); fleet containers that deliberately share an identity each mint their own. No test sets AGENTBUS_DEVICE_ID.
agentbus_client.identity.x_device_id__mutmut_4	survived	gap	high	device_id	AGENTBUS_DEVICE_ID override ignored (env-var contract); fleet containers that deliberately share an identity each mint their own. No test sets AGENTBUS_DEVICE_ID.
agentbus_client.identity.x_device_id__mutmut_7	survived	equivalent	-	device_id	Skipping the first read: when the file exists O_EXCL create returns False and the re-read returns the same stripped content; when absent or unreadable both paths reach the same generate/return-generated outcome (extra uuid4 only).
agentbus_client.identity.x_device_id__mutmut_9	survived	gap	high	device_id	Every fresh machine's device id becomes the literal 'None' -> all machines share one device id -> same session_key for same repo+path on different hosts (identity collision). No test asserts the generated id is a UUID.
agentbus_client.identity.x_git_remote__mutmut_11	survived	gap	medium	git_remote	git timeout removed -> a hung git hangs describe()/register forever. Untested.
agentbus_client.identity.x_git_remote__mutmut_12	survived	gap	high	git_remote	git argv/result broken -> git_remote always None -> repo_remote/fingerprint None -> session_key derived without repo (different agent than server-expected). test_two_worktrees passes because None == None; no test asserts the actual remote URL.
agentbus_client.identity.x_git_remote__mutmut_13	survived	gap	high	git_remote	git argv/result broken -> git_remote always None -> repo_remote/fingerprint None -> session_key derived without repo (different agent than server-expected). test_two_worktrees passes because None == None; no test asserts the actual remote URL.
agentbus_client.identity.x_git_remote__mutmut_14	survived	gap	high	git_remote	git argv/result broken -> git_remote always None -> repo_remote/fingerprint None -> session_key derived without repo (different agent than server-expected). test_two_worktrees passes because None == None; no test asserts the actual remote URL.
agentbus_client.identity.x_git_remote__mutmut_15	survived	gap	high	git_remote	git argv/result broken -> git_remote always None -> repo_remote/fingerprint None -> session_key derived without repo (different agent than server-expected). test_two_worktrees passes because None == None; no test asserts the actual remote URL.
agentbus_client.identity.x_git_remote__mutmut_16	survived	gap	high	git_remote	git argv/result broken -> git_remote always None -> repo_remote/fingerprint None -> session_key derived without repo (different agent than server-expected). test_two_worktrees passes because None == None; no test asserts the actual remote URL.
agentbus_client.identity.x_git_remote__mutmut_17	survived	gap	high	git_remote	'path and cwd()' runs git in the CWD instead of the target workdir -> repo identity of the wrong checkout. test_two_worktrees only asserts main==worktree fingerprint, which holds for any constant.
agentbus_client.identity.x_git_remote__mutmut_18	survived	gap	high	git_remote	git argv/result broken -> git_remote always None -> repo_remote/fingerprint None -> session_key derived without repo (different agent than server-expected). test_two_worktrees passes because None == None; no test asserts the actual remote URL.
agentbus_client.identity.x_git_remote__mutmut_19	survived	gap	high	git_remote	git argv/result broken -> git_remote always None -> repo_remote/fingerprint None -> session_key derived without repo (different agent than server-expected). test_two_worktrees passes because None == None; no test asserts the actual remote URL.
agentbus_client.identity.x_git_remote__mutmut_20	survived	gap	high	git_remote	git argv/result broken -> git_remote always None -> repo_remote/fingerprint None -> session_key derived without repo (different agent than server-expected). test_two_worktrees passes because None == None; no test asserts the actual remote URL.
agentbus_client.identity.x_git_remote__mutmut_21	survived	gap	high	git_remote	git argv/result broken -> git_remote always None -> repo_remote/fingerprint None -> session_key derived without repo (different agent than server-expected). test_two_worktrees passes because None == None; no test asserts the actual remote URL.
agentbus_client.identity.x_git_remote__mutmut_22	survived	gap	high	git_remote	git argv/result broken -> git_remote always None -> repo_remote/fingerprint None -> session_key derived without repo (different agent than server-expected). test_two_worktrees passes because None == None; no test asserts the actual remote URL.
agentbus_client.identity.x_git_remote__mutmut_23	survived	gap	high	git_remote	git argv/result broken -> git_remote always None -> repo_remote/fingerprint None -> session_key derived without repo (different agent than server-expected). test_two_worktrees passes because None == None; no test asserts the actual remote URL.
agentbus_client.identity.x_git_remote__mutmut_24	survived	equivalent	-	git_remote	check=True: non-zero exit raises CalledProcessError (SubprocessError) -> caught -> None; original returns None too because 'git remote get-url' writes its error to stderr and stdout is empty.
agentbus_client.identity.x_git_remote__mutmut_27	survived	gap	medium	git_remote	Timeout 5s -> 6s; minor behaviour change, untestable without a slow git stub.
agentbus_client.identity.x_git_remote__mutmut_28	survived	gap	high	git_remote	git argv/result broken -> git_remote always None -> repo_remote/fingerprint None -> session_key derived without repo (different agent than server-expected). test_two_worktrees passes because None == None; no test asserts the actual remote URL.
agentbus_client.identity.x_git_remote__mutmut_29	survived	gap	high	git_remote	git argv/result broken -> git_remote always None -> repo_remote/fingerprint None -> session_key derived without repo (different agent than server-expected). test_two_worktrees passes because None == None; no test asserts the actual remote URL.
agentbus_client.identity.x_git_remote__mutmut_3	survived	equivalent	-	git_remote	check=None / omitted default is falsy, identical to check=False in subprocess.run.
agentbus_client.identity.x_git_remote__mutmut_6	survived	gap	medium	git_remote	git timeout removed -> a hung git hangs describe()/register forever. Untested.
agentbus_client.identity.x_git_remote__mutmut_8	survived	equivalent	-	git_remote	check=None / omitted default is falsy, identical to check=False in subprocess.run.
agentbus_client.identity.x_is_ephemeral__mutmut_1	survived	gap	medium	is_ephemeral	.upper() makes 'true'/'yes' never match (only '1' still works) -> CI/opt-in ephemeral not reported. Untested.
agentbus_client.identity.x_is_ephemeral__mutmut_10	survived	gap	medium	is_ephemeral	Accepted truthy value removed/altered (lowered input can never equal 'XX..XX' or upper-case) -> that spelling no longer marks ephemeral. Untested.
agentbus_client.identity.x_is_ephemeral__mutmut_11	survived	gap	medium	is_ephemeral	Accepted truthy value removed/altered (lowered input can never equal 'XX..XX' or upper-case) -> that spelling no longer marks ephemeral. Untested.
agentbus_client.identity.x_is_ephemeral__mutmut_12	survived	gap	medium	is_ephemeral	Accepted truthy value removed/altered (lowered input can never equal 'XX..XX' or upper-case) -> that spelling no longer marks ephemeral. Untested.
agentbus_client.identity.x_is_ephemeral__mutmut_13	survived	gap	medium	is_ephemeral	Accepted truthy value removed/altered (lowered input can never equal 'XX..XX' or upper-case) -> that spelling no longer marks ephemeral. Untested.
agentbus_client.identity.x_is_ephemeral__mutmut_14	survived	gap	medium	is_ephemeral	Accepted truthy value removed/altered (lowered input can never equal 'XX..XX' or upper-case) -> that spelling no longer marks ephemeral. Untested.
agentbus_client.identity.x_is_ephemeral__mutmut_15	survived	gap	medium	is_ephemeral	Branch returns False instead of True -> env says ephemeral but register sends ephemeral=False (zombie identities on CI). Untested.
agentbus_client.identity.x_is_ephemeral__mutmut_16	survived	gap	medium	is_ephemeral	.upper() makes 'true'/'yes' never match (only '1' still works) -> CI/opt-in ephemeral not reported. Untested.
agentbus_client.identity.x_is_ephemeral__mutmut_21	survived	gap	high	is_ephemeral	Env-var name contract for ephemeral detection changed (AGENTBUS_EPHEMERAL/CI/CI-provider marker); register payload 'ephemeral' silently wrong. No test sets any of these vars or asserts describe()['ephemeral'].
agentbus_client.identity.x_is_ephemeral__mutmut_22	survived	gap	high	is_ephemeral	Env-var name contract for ephemeral detection changed (AGENTBUS_EPHEMERAL/CI/CI-provider marker); register payload 'ephemeral' silently wrong. No test sets any of these vars or asserts describe()['ephemeral'].
agentbus_client.identity.x_is_ephemeral__mutmut_23	survived	equivalent	-	is_ephemeral	Default 'XXXX'.lower()=='xxxx' is not in ('1','true','yes'), exactly like ''; the default is only used when the var is unset.
agentbus_client.identity.x_is_ephemeral__mutmut_24	survived	gap	medium	is_ephemeral	'not in' inverts the check: every machine without the var set (every dev box) is reported ephemeral=True and gets reclaimed in hours; set vars stop counting. No test asserts ephemeral False on a plain host or True with the var.
agentbus_client.identity.x_is_ephemeral__mutmut_25	survived	gap	medium	is_ephemeral	Accepted truthy value removed/altered (lowered input can never equal 'XX..XX' or upper-case) -> that spelling no longer marks ephemeral. Untested.
agentbus_client.identity.x_is_ephemeral__mutmut_26	survived	gap	medium	is_ephemeral	Accepted truthy value removed/altered (lowered input can never equal 'XX..XX' or upper-case) -> that spelling no longer marks ephemeral. Untested.
agentbus_client.identity.x_is_ephemeral__mutmut_27	survived	gap	medium	is_ephemeral	Accepted truthy value removed/altered (lowered input can never equal 'XX..XX' or upper-case) -> that spelling no longer marks ephemeral. Untested.
agentbus_client.identity.x_is_ephemeral__mutmut_28	survived	gap	medium	is_ephemeral	Accepted truthy value removed/altered (lowered input can never equal 'XX..XX' or upper-case) -> that spelling no longer marks ephemeral. Untested.
agentbus_client.identity.x_is_ephemeral__mutmut_29	survived	gap	medium	is_ephemeral	Accepted truthy value removed/altered (lowered input can never equal 'XX..XX' or upper-case) -> that spelling no longer marks ephemeral. Untested.
agentbus_client.identity.x_is_ephemeral__mutmut_30	survived	gap	medium	is_ephemeral	Branch returns False instead of True -> env says ephemeral but register sends ephemeral=False (zombie identities on CI). Untested.
agentbus_client.identity.x_is_ephemeral__mutmut_31	survived	gap	high	is_ephemeral	Env-var name contract for ephemeral detection changed (AGENTBUS_EPHEMERAL/CI/CI-provider marker); register payload 'ephemeral' silently wrong. No test sets any of these vars or asserts describe()['ephemeral'].
agentbus_client.identity.x_is_ephemeral__mutmut_32	survived	gap	high	is_ephemeral	Env-var name contract for ephemeral detection changed (AGENTBUS_EPHEMERAL/CI/CI-provider marker); register payload 'ephemeral' silently wrong. No test sets any of these vars or asserts describe()['ephemeral'].
agentbus_client.identity.x_is_ephemeral__mutmut_33	survived	gap	high	is_ephemeral	Env-var name contract for ephemeral detection changed (AGENTBUS_EPHEMERAL/CI/CI-provider marker); register payload 'ephemeral' silently wrong. No test sets any of these vars or asserts describe()['ephemeral'].
agentbus_client.identity.x_is_ephemeral__mutmut_34	survived	gap	high	is_ephemeral	Env-var name contract for ephemeral detection changed (AGENTBUS_EPHEMERAL/CI/CI-provider marker); register payload 'ephemeral' silently wrong. No test sets any of these vars or asserts describe()['ephemeral'].
agentbus_client.identity.x_is_ephemeral__mutmut_35	survived	gap	high	is_ephemeral	Env-var name contract for ephemeral detection changed (AGENTBUS_EPHEMERAL/CI/CI-provider marker); register payload 'ephemeral' silently wrong. No test sets any of these vars or asserts describe()['ephemeral'].
agentbus_client.identity.x_is_ephemeral__mutmut_36	survived	gap	high	is_ephemeral	Env-var name contract for ephemeral detection changed (AGENTBUS_EPHEMERAL/CI/CI-provider marker); register payload 'ephemeral' silently wrong. No test sets any of these vars or asserts describe()['ephemeral'].
agentbus_client.identity.x_is_ephemeral__mutmut_37	survived	gap	high	is_ephemeral	Env-var name contract for ephemeral detection changed (AGENTBUS_EPHEMERAL/CI/CI-provider marker); register payload 'ephemeral' silently wrong. No test sets any of these vars or asserts describe()['ephemeral'].
agentbus_client.identity.x_is_ephemeral__mutmut_38	survived	gap	high	is_ephemeral	Env-var name contract for ephemeral detection changed (AGENTBUS_EPHEMERAL/CI/CI-provider marker); register payload 'ephemeral' silently wrong. No test sets any of these vars or asserts describe()['ephemeral'].
agentbus_client.identity.x_is_ephemeral__mutmut_39	survived	gap	high	is_ephemeral	Env-var name contract for ephemeral detection changed (AGENTBUS_EPHEMERAL/CI/CI-provider marker); register payload 'ephemeral' silently wrong. No test sets any of these vars or asserts describe()['ephemeral'].
agentbus_client.identity.x_is_ephemeral__mutmut_40	survived	gap	high	is_ephemeral	Env-var name contract for ephemeral detection changed (AGENTBUS_EPHEMERAL/CI/CI-provider marker); register payload 'ephemeral' silently wrong. No test sets any of these vars or asserts describe()['ephemeral'].
agentbus_client.identity.x_is_ephemeral__mutmut_41	survived	gap	high	is_ephemeral	Env-var name contract for ephemeral detection changed (AGENTBUS_EPHEMERAL/CI/CI-provider marker); register payload 'ephemeral' silently wrong. No test sets any of these vars or asserts describe()['ephemeral'].
agentbus_client.identity.x_is_ephemeral__mutmut_42	survived	gap	high	is_ephemeral	Env-var name contract for ephemeral detection changed (AGENTBUS_EPHEMERAL/CI/CI-provider marker); register payload 'ephemeral' silently wrong. No test sets any of these vars or asserts describe()['ephemeral'].
agentbus_client.identity.x_is_ephemeral__mutmut_44	survived	gap	medium	is_ephemeral	Branch returns False instead of True -> env says ephemeral but register sends ephemeral=False (zombie identities on CI). Untested.
agentbus_client.identity.x_is_ephemeral__mutmut_45	survived	gap	medium	is_ephemeral	Docker-without-device-file heuristic removed (always False). Untested; host has no /.dockerenv.
agentbus_client.identity.x_is_ephemeral__mutmut_46	survived	gap	medium	is_ephemeral	'or': any container (even with a persisted device file) or any host lacking the device file reports ephemeral. Untested. Note: original reports ephemeral=False on a non-docker read-only home, contradicting device_id()'s comment that such a machine IS ephemeral - mutant is not more correct overall, but the inconsistency is worth a look.
agentbus_client.identity.x_is_ephemeral__mutmut_48	survived	gap	high	is_ephemeral	'/.dockerenv' marker file name changed; containers without a persisted device file no longer reported ephemeral. No test patches /.dockerenv.
agentbus_client.identity.x_is_ephemeral__mutmut_49	survived	gap	high	is_ephemeral	'/.dockerenv' marker file name changed; containers without a persisted device file no longer reported ephemeral. No test patches /.dockerenv.
agentbus_client.identity.x_is_ephemeral__mutmut_50	survived	gap	medium	is_ephemeral	Device-file condition inverted inside the docker heuristic. Untested; /.dockerenv absent on the test host.
agentbus_client.identity.x_is_ephemeral__mutmut_51	survived	gap	medium	is_ephemeral	'/' -> '*' raises TypeError, but only when /.dockerenv exists (short-circuit) -> describe()/register would crash in every container. Untested; host has no /.dockerenv.
agentbus_client.identity.x_is_ephemeral__mutmut_6	survived	gap	high	is_ephemeral	Env-var name contract for ephemeral detection changed (AGENTBUS_EPHEMERAL/CI/CI-provider marker); register payload 'ephemeral' silently wrong. No test sets any of these vars or asserts describe()['ephemeral'].
agentbus_client.identity.x_is_ephemeral__mutmut_7	survived	gap	high	is_ephemeral	Env-var name contract for ephemeral detection changed (AGENTBUS_EPHEMERAL/CI/CI-provider marker); register payload 'ephemeral' silently wrong. No test sets any of these vars or asserts describe()['ephemeral'].
agentbus_client.identity.x_is_ephemeral__mutmut_8	survived	equivalent	-	is_ephemeral	Default 'XXXX'.lower()=='xxxx' is not in ('1','true','yes'), exactly like ''; the default is only used when the var is unset.
agentbus_client.identity.x_is_ephemeral__mutmut_9	survived	gap	medium	is_ephemeral	'not in' inverts the check: every machine without the var set (every dev box) is reported ephemeral=True and gets reclaimed in hours; set vars stop counting. No test asserts ephemeral False on a plain host or True with the var.
agentbus_client.identity.x_path_hash__mutmut_10	survived	gap	high	path_hash	path_hash diverges from server agentbus.ids.path_hash (strip direction/whitespace/length) -> client session_key (agentbus identity output, _derived_name) disagrees with the server's. No known-answer test.
agentbus_client.identity.x_path_hash__mutmut_3	survived	gap	high	path_hash	path_hash diverges from server agentbus.ids.path_hash (strip direction/whitespace/length) -> client session_key (agentbus identity output, _derived_name) disagrees with the server's. No known-answer test.
agentbus_client.identity.x_path_hash__mutmut_4	survived	gap	high	path_hash	path_hash diverges from server agentbus.ids.path_hash (strip direction/whitespace/length) -> client session_key (agentbus identity output, _derived_name) disagrees with the server's. No known-answer test.
agentbus_client.identity.x_path_hash__mutmut_6	survived	gap	medium	path_hash	Empty/None path hashes 'XXXX' instead of '/'; unreachable via describe/session_key (path guarded truthy) but public identity.path_hash diverges from server for ''.
agentbus_client.identity.x_path_hash__mutmut_7	survived	gap	high	path_hash	rstrip also strips trailing 'X' (path is not lowercased) -> '/w/projX' and '/w/proj' collide -> identity bleed between checkouts, and diverges from server. No known-answer test.
agentbus_client.identity.x_path_hash__mutmut_8	survived	gap	medium	path_hash	Root '/' (or all-separator) path hashes 'XX/XX'; diverges from server only for workdir='/'. Untested.
agentbus_client.identity.x_repo_fingerprint__mutmut_10	survived	gap	high	repo_fingerprint	Fingerprint no longer byte-identical to server agentbus.ids.repo_fingerprint (verified identical today) -> phonebook(repo_fingerprint=) reinstall guard finds no peers and silently mints a stranger. Only test feeds one remote to two worktrees and asserts equality, which any deterministic function passes; no known-answer vector.
agentbus_client.identity.x_repo_fingerprint__mutmut_11	survived	gap	high	repo_fingerprint	Fingerprint no longer byte-identical to server agentbus.ids.repo_fingerprint (verified identical today) -> phonebook(repo_fingerprint=) reinstall guard finds no peers and silently mints a stranger. Only test feeds one remote to two worktrees and asserts equality, which any deterministic function passes; no known-answer vector.
agentbus_client.identity.x_repo_fingerprint__mutmut_12	survived	gap	high	repo_fingerprint	Fingerprint no longer byte-identical to server agentbus.ids.repo_fingerprint (verified identical today) -> phonebook(repo_fingerprint=) reinstall guard finds no peers and silently mints a stranger. Only test feeds one remote to two worktrees and asserts equality, which any deterministic function passes; no known-answer vector.
agentbus_client.identity.x_repo_fingerprint__mutmut_2	survived	gap	high	repo_fingerprint	Fingerprint no longer byte-identical to server agentbus.ids.repo_fingerprint (verified identical today) -> phonebook(repo_fingerprint=) reinstall guard finds no peers and silently mints a stranger. Only test feeds one remote to two worktrees and asserts equality, which any deterministic function passes; no known-answer vector.
agentbus_client.identity.x_repo_fingerprint__mutmut_20	survived	gap	high	repo_fingerprint	Fingerprint no longer byte-identical to server agentbus.ids.repo_fingerprint (verified identical today) -> phonebook(repo_fingerprint=) reinstall guard finds no peers and silently mints a stranger. Only test feeds one remote to two worktrees and asserts equality, which any deterministic function passes; no known-answer vector.
agentbus_client.identity.x_repo_fingerprint__mutmut_21	survived	gap	high	repo_fingerprint	Fingerprint no longer byte-identical to server agentbus.ids.repo_fingerprint (verified identical today) -> phonebook(repo_fingerprint=) reinstall guard finds no peers and silently mints a stranger. Only test feeds one remote to two worktrees and asserts equality, which any deterministic function passes; no known-answer vector.
agentbus_client.identity.x_repo_fingerprint__mutmut_22	survived	gap	high	repo_fingerprint	Fingerprint no longer byte-identical to server agentbus.ids.repo_fingerprint (verified identical today) -> phonebook(repo_fingerprint=) reinstall guard finds no peers and silently mints a stranger. Only test feeds one remote to two worktrees and asserts equality, which any deterministic function passes; no known-answer vector.
agentbus_client.identity.x_repo_fingerprint__mutmut_24	survived	gap	high	repo_fingerprint	Fingerprint no longer byte-identical to server agentbus.ids.repo_fingerprint (verified identical today) -> phonebook(repo_fingerprint=) reinstall guard finds no peers and silently mints a stranger. Only test feeds one remote to two worktrees and asserts equality, which any deterministic function passes; no known-answer vector.
agentbus_client.identity.x_repo_fingerprint__mutmut_25	survived	gap	medium	repo_fingerprint	Condition becomes always-true; differs from the server's agentbus.ids.repo_fingerprint only for remotes whose normalized form starts with '@'. Contract drift on a contrived input; untested.
agentbus_client.identity.x_repo_fingerprint__mutmut_31	survived	gap	medium	repo_fingerprint	Differs from server only for remotes with 2+ colons (31/34) or a 1-char user before '@' (37). Contract drift on uncommon inputs; untested.
agentbus_client.identity.x_repo_fingerprint__mutmut_32	survived	gap	high	repo_fingerprint	Fingerprint no longer byte-identical to server agentbus.ids.repo_fingerprint (verified identical today) -> phonebook(repo_fingerprint=) reinstall guard finds no peers and silently mints a stranger. Only test feeds one remote to two worktrees and asserts equality, which any deterministic function passes; no known-answer vector.
agentbus_client.identity.x_repo_fingerprint__mutmut_33	survived	gap	high	repo_fingerprint	Fingerprint no longer byte-identical to server agentbus.ids.repo_fingerprint (verified identical today) -> phonebook(repo_fingerprint=) reinstall guard finds no peers and silently mints a stranger. Only test feeds one remote to two worktrees and asserts equality, which any deterministic function passes; no known-answer vector.
agentbus_client.identity.x_repo_fingerprint__mutmut_34	survived	gap	medium	repo_fingerprint	Differs from server only for remotes with 2+ colons (31/34) or a 1-char user before '@' (37). Contract drift on uncommon inputs; untested.
agentbus_client.identity.x_repo_fingerprint__mutmut_35	survived	gap	medium	repo_fingerprint	Condition becomes always-true; differs from the server's agentbus.ids.repo_fingerprint only for remotes whose normalized form starts with '@'. Contract drift on a contrived input; untested.
agentbus_client.identity.x_repo_fingerprint__mutmut_36	survived	gap	high	repo_fingerprint	Fingerprint no longer byte-identical to server agentbus.ids.repo_fingerprint (verified identical today) -> phonebook(repo_fingerprint=) reinstall guard finds no peers and silently mints a stranger. Only test feeds one remote to two worktrees and asserts equality, which any deterministic function passes; no known-answer vector.
agentbus_client.identity.x_repo_fingerprint__mutmut_37	survived	gap	medium	repo_fingerprint	Differs from server only for remotes with 2+ colons (31/34) or a 1-char user before '@' (37). Contract drift on uncommon inputs; untested.
agentbus_client.identity.x_repo_fingerprint__mutmut_39	survived	gap	high	repo_fingerprint	Fingerprint no longer byte-identical to server agentbus.ids.repo_fingerprint (verified identical today) -> phonebook(repo_fingerprint=) reinstall guard finds no peers and silently mints a stranger. Only test feeds one remote to two worktrees and asserts equality, which any deterministic function passes; no known-answer vector.
agentbus_client.identity.x_repo_fingerprint__mutmut_40	survived	gap	high	repo_fingerprint	Fingerprint no longer byte-identical to server agentbus.ids.repo_fingerprint (verified identical today) -> phonebook(repo_fingerprint=) reinstall guard finds no peers and silently mints a stranger. Only test feeds one remote to two worktrees and asserts equality, which any deterministic function passes; no known-answer vector.
agentbus_client.identity.x_repo_fingerprint__mutmut_42	survived	gap	high	repo_fingerprint	Fingerprint no longer byte-identical to server agentbus.ids.repo_fingerprint (verified identical today) -> phonebook(repo_fingerprint=) reinstall guard finds no peers and silently mints a stranger. Only test feeds one remote to two worktrees and asserts equality, which any deterministic function passes; no known-answer vector.
agentbus_client.identity.x_repo_fingerprint__mutmut_43	survived	gap	high	repo_fingerprint	Fingerprint no longer byte-identical to server agentbus.ids.repo_fingerprint (verified identical today) -> phonebook(repo_fingerprint=) reinstall guard finds no peers and silently mints a stranger. Only test feeds one remote to two worktrees and asserts equality, which any deterministic function passes; no known-answer vector.
agentbus_client.identity.x_repo_fingerprint__mutmut_44	survived	gap	high	repo_fingerprint	Fingerprint no longer byte-identical to server agentbus.ids.repo_fingerprint (verified identical today) -> phonebook(repo_fingerprint=) reinstall guard finds no peers and silently mints a stranger. Only test feeds one remote to two worktrees and asserts equality, which any deterministic function passes; no known-answer vector.
agentbus_client.identity.x_repo_fingerprint__mutmut_45	survived	equivalent	-	repo_fingerprint	rstrip('XX/XX') strips chars {X,/}; the string was lower()-ed on line 130, so it contains no 'X' -> identical to rstrip('/').
agentbus_client.identity.x_repo_fingerprint__mutmut_47	survived	gap	high	repo_fingerprint	Fingerprint no longer byte-identical to server agentbus.ids.repo_fingerprint (verified identical today) -> phonebook(repo_fingerprint=) reinstall guard finds no peers and silently mints a stranger. Only test feeds one remote to two worktrees and asserts equality, which any deterministic function passes; no known-answer vector.
agentbus_client.identity.x_session_key__mutmut_3	survived	gap	high	session_key	path=None now hashes '/' into the key -> session_key(None,None,None) returns a key instead of None (server warns this shares a key derived from nothing) and diverges from server for path-less calls. Unreachable via describe; public API untested.
agentbus_client.identity.x_session_key__mutmut_8	survived	gap	high	session_key	Separator/length changed -> session_key no longer matches server agentbus.ids.session_key; 'agentbus identity' prints (and MCP callers pass on) a wrong key, _derived_name predicts the wrong agent name. Tests only assert the key differs between two paths.
agentbus_client.identity.x_session_key__mutmut_9	survived	gap	high	session_key	Separator/length changed -> session_key no longer matches server agentbus.ids.session_key; 'agentbus identity' prints (and MCP callers pass on) a wrong key, _derived_name predicts the wrong agent name. Tests only assert the key differs between two paths.
agentbus_client.onboarding._credentials.x__inherited_flag__mutmut_1	no tests	gap	high	_inherited_flag	condition inverted: send/full/admin get NO FINDING; read/unknown raise KeyError (line silently dropped). Uncovered: no unit test calls doctor_credential_scope/_scope_of_bearer/_inherited_flag (setup tests monkeypatch doctor_credential_scope to lambda: []; cli doctor path untested)
agentbus_client.onboarding._credentials.x__inherited_flag__mutmut_10	no tests	gap	high	_inherited_flag	"'FINDING' lowercased: setup's filter `""FINDING"" in ln` no longer matches, so `agentbus setup` stops warning about inherited send-or-above keys. Uncovered: no unit test calls doctor_credential_scope/_scope_of_bearer/_inherited_flag (setup tests monkeypatch doctor_credential_scope to lambda: []; cli doctor path untested)"
agentbus_client.onboarding._credentials.x__inherited_flag__mutmut_11	no tests	gap	low	_inherited_flag	finding prefix wording changed; still contains 'FINDING'. Uncovered: no unit test calls doctor_credential_scope/_scope_of_bearer/_inherited_flag (setup tests monkeypatch doctor_credential_scope to lambda: []; cli doctor path untested)
agentbus_client.onboarding._credentials.x__inherited_flag__mutmut_12	no tests	gap	high	_inherited_flag	dict key 'send' renamed: KeyError for send scope, line silently dropped. Uncovered: no unit test calls doctor_credential_scope/_scope_of_bearer/_inherited_flag (setup tests monkeypatch doctor_credential_scope to lambda: []; cli doctor path untested)
agentbus_client.onboarding._credentials.x__inherited_flag__mutmut_13	no tests	gap	high	_inherited_flag	dict key 'send' renamed: KeyError for send scope, line silently dropped. Uncovered: no unit test calls doctor_credential_scope/_scope_of_bearer/_inherited_flag (setup tests monkeypatch doctor_credential_scope to lambda: []; cli doctor path untested)
agentbus_client.onboarding._credentials.x__inherited_flag__mutmut_14	no tests	gap	low	_inherited_flag	finding explanation wording changed. Uncovered: no unit test calls doctor_credential_scope/_scope_of_bearer/_inherited_flag (setup tests monkeypatch doctor_credential_scope to lambda: []; cli doctor path untested)
agentbus_client.onboarding._credentials.x__inherited_flag__mutmut_15	no tests	gap	low	_inherited_flag	finding explanation wording changed. Uncovered: no unit test calls doctor_credential_scope/_scope_of_bearer/_inherited_flag (setup tests monkeypatch doctor_credential_scope to lambda: []; cli doctor path untested)
agentbus_client.onboarding._credentials.x__inherited_flag__mutmut_16	no tests	gap	low	_inherited_flag	finding explanation wording changed. Uncovered: no unit test calls doctor_credential_scope/_scope_of_bearer/_inherited_flag (setup tests monkeypatch doctor_credential_scope to lambda: []; cli doctor path untested)
agentbus_client.onboarding._credentials.x__inherited_flag__mutmut_17	no tests	gap	low	_inherited_flag	finding explanation wording changed. Uncovered: no unit test calls doctor_credential_scope/_scope_of_bearer/_inherited_flag (setup tests monkeypatch doctor_credential_scope to lambda: []; cli doctor path untested)
agentbus_client.onboarding._credentials.x__inherited_flag__mutmut_18	no tests	gap	low	_inherited_flag	finding explanation wording changed. Uncovered: no unit test calls doctor_credential_scope/_scope_of_bearer/_inherited_flag (setup tests monkeypatch doctor_credential_scope to lambda: []; cli doctor path untested)
agentbus_client.onboarding._credentials.x__inherited_flag__mutmut_19	no tests	gap	low	_inherited_flag	finding explanation wording changed. Uncovered: no unit test calls doctor_credential_scope/_scope_of_bearer/_inherited_flag (setup tests monkeypatch doctor_credential_scope to lambda: []; cli doctor path untested)
agentbus_client.onboarding._credentials.x__inherited_flag__mutmut_2	no tests	gap	high	_inherited_flag	'send' no longer flagged: send-scope key in an inherited slot not reported as a FINDING. Uncovered: no unit test calls doctor_credential_scope/_scope_of_bearer/_inherited_flag (setup tests monkeypatch doctor_credential_scope to lambda: []; cli doctor path untested)
agentbus_client.onboarding._credentials.x__inherited_flag__mutmut_20	no tests	gap	high	_inherited_flag	dict key 'full' renamed: KeyError for full scope, line silently dropped. Uncovered: no unit test calls doctor_credential_scope/_scope_of_bearer/_inherited_flag (setup tests monkeypatch doctor_credential_scope to lambda: []; cli doctor path untested)
agentbus_client.onboarding._credentials.x__inherited_flag__mutmut_21	no tests	gap	high	_inherited_flag	dict key 'full' renamed: KeyError for full scope, line silently dropped. Uncovered: no unit test calls doctor_credential_scope/_scope_of_bearer/_inherited_flag (setup tests monkeypatch doctor_credential_scope to lambda: []; cli doctor path untested)
agentbus_client.onboarding._credentials.x__inherited_flag__mutmut_22	no tests	gap	low	_inherited_flag	finding explanation wording changed. Uncovered: no unit test calls doctor_credential_scope/_scope_of_bearer/_inherited_flag (setup tests monkeypatch doctor_credential_scope to lambda: []; cli doctor path untested)
agentbus_client.onboarding._credentials.x__inherited_flag__mutmut_23	no tests	gap	low	_inherited_flag	finding explanation wording changed. Uncovered: no unit test calls doctor_credential_scope/_scope_of_bearer/_inherited_flag (setup tests monkeypatch doctor_credential_scope to lambda: []; cli doctor path untested)
agentbus_client.onboarding._credentials.x__inherited_flag__mutmut_24	no tests	gap	low	_inherited_flag	finding explanation wording changed. Uncovered: no unit test calls doctor_credential_scope/_scope_of_bearer/_inherited_flag (setup tests monkeypatch doctor_credential_scope to lambda: []; cli doctor path untested)
agentbus_client.onboarding._credentials.x__inherited_flag__mutmut_25	no tests	gap	low	_inherited_flag	finding explanation wording changed. Uncovered: no unit test calls doctor_credential_scope/_scope_of_bearer/_inherited_flag (setup tests monkeypatch doctor_credential_scope to lambda: []; cli doctor path untested)
agentbus_client.onboarding._credentials.x__inherited_flag__mutmut_26	no tests	gap	low	_inherited_flag	finding explanation wording changed. Uncovered: no unit test calls doctor_credential_scope/_scope_of_bearer/_inherited_flag (setup tests monkeypatch doctor_credential_scope to lambda: []; cli doctor path untested)
agentbus_client.onboarding._credentials.x__inherited_flag__mutmut_27	no tests	gap	low	_inherited_flag	finding explanation wording changed. Uncovered: no unit test calls doctor_credential_scope/_scope_of_bearer/_inherited_flag (setup tests monkeypatch doctor_credential_scope to lambda: []; cli doctor path untested)
agentbus_client.onboarding._credentials.x__inherited_flag__mutmut_28	no tests	gap	low	_inherited_flag	finding explanation wording changed. Uncovered: no unit test calls doctor_credential_scope/_scope_of_bearer/_inherited_flag (setup tests monkeypatch doctor_credential_scope to lambda: []; cli doctor path untested)
agentbus_client.onboarding._credentials.x__inherited_flag__mutmut_29	no tests	gap	high	_inherited_flag	dict key 'admin' renamed: KeyError for admin scope, line silently dropped. Uncovered: no unit test calls doctor_credential_scope/_scope_of_bearer/_inherited_flag (setup tests monkeypatch doctor_credential_scope to lambda: []; cli doctor path untested)
agentbus_client.onboarding._credentials.x__inherited_flag__mutmut_3	no tests	gap	high	_inherited_flag	'send' no longer flagged: send-scope key in an inherited slot not reported as a FINDING. Uncovered: no unit test calls doctor_credential_scope/_scope_of_bearer/_inherited_flag (setup tests monkeypatch doctor_credential_scope to lambda: []; cli doctor path untested)
agentbus_client.onboarding._credentials.x__inherited_flag__mutmut_30	no tests	gap	high	_inherited_flag	dict key 'admin' renamed: KeyError for admin scope, line silently dropped. Uncovered: no unit test calls doctor_credential_scope/_scope_of_bearer/_inherited_flag (setup tests monkeypatch doctor_credential_scope to lambda: []; cli doctor path untested)
agentbus_client.onboarding._credentials.x__inherited_flag__mutmut_31	no tests	gap	low	_inherited_flag	finding explanation wording changed. Uncovered: no unit test calls doctor_credential_scope/_scope_of_bearer/_inherited_flag (setup tests monkeypatch doctor_credential_scope to lambda: []; cli doctor path untested)
agentbus_client.onboarding._credentials.x__inherited_flag__mutmut_32	no tests	gap	low	_inherited_flag	finding explanation wording changed. Uncovered: no unit test calls doctor_credential_scope/_scope_of_bearer/_inherited_flag (setup tests monkeypatch doctor_credential_scope to lambda: []; cli doctor path untested)
agentbus_client.onboarding._credentials.x__inherited_flag__mutmut_33	no tests	gap	low	_inherited_flag	finding explanation wording changed. Uncovered: no unit test calls doctor_credential_scope/_scope_of_bearer/_inherited_flag (setup tests monkeypatch doctor_credential_scope to lambda: []; cli doctor path untested)
agentbus_client.onboarding._credentials.x__inherited_flag__mutmut_34	no tests	gap	low	_inherited_flag	finding explanation wording changed. Uncovered: no unit test calls doctor_credential_scope/_scope_of_bearer/_inherited_flag (setup tests monkeypatch doctor_credential_scope to lambda: []; cli doctor path untested)
agentbus_client.onboarding._credentials.x__inherited_flag__mutmut_35	no tests	gap	low	_inherited_flag	finding explanation wording changed. Uncovered: no unit test calls doctor_credential_scope/_scope_of_bearer/_inherited_flag (setup tests monkeypatch doctor_credential_scope to lambda: []; cli doctor path untested)
agentbus_client.onboarding._credentials.x__inherited_flag__mutmut_36	no tests	gap	low	_inherited_flag	finding explanation wording changed. Uncovered: no unit test calls doctor_credential_scope/_scope_of_bearer/_inherited_flag (setup tests monkeypatch doctor_credential_scope to lambda: []; cli doctor path untested)
agentbus_client.onboarding._credentials.x__inherited_flag__mutmut_37	no tests	gap	low	_inherited_flag	non-finding scopes get a stray 'XXXX' suffix (wording only). Uncovered: no unit test calls doctor_credential_scope/_scope_of_bearer/_inherited_flag (setup tests monkeypatch doctor_credential_scope to lambda: []; cli doctor path untested)
agentbus_client.onboarding._credentials.x__inherited_flag__mutmut_4	no tests	gap	high	_inherited_flag	'full' no longer flagged: a key that can MINT bound keys in an inherited slot is not reported. Uncovered: no unit test calls doctor_credential_scope/_scope_of_bearer/_inherited_flag (setup tests monkeypatch doctor_credential_scope to lambda: []; cli doctor path untested)
agentbus_client.onboarding._credentials.x__inherited_flag__mutmut_5	no tests	gap	high	_inherited_flag	'full' no longer flagged: a key that can MINT bound keys in an inherited slot is not reported. Uncovered: no unit test calls doctor_credential_scope/_scope_of_bearer/_inherited_flag (setup tests monkeypatch doctor_credential_scope to lambda: []; cli doctor path untested)
agentbus_client.onboarding._credentials.x__inherited_flag__mutmut_6	no tests	gap	high	_inherited_flag	'admin' no longer flagged: admin key in an inherited slot not reported. Uncovered: no unit test calls doctor_credential_scope/_scope_of_bearer/_inherited_flag (setup tests monkeypatch doctor_credential_scope to lambda: []; cli doctor path untested)
agentbus_client.onboarding._credentials.x__inherited_flag__mutmut_7	no tests	gap	high	_inherited_flag	'admin' no longer flagged: admin key in an inherited slot not reported. Uncovered: no unit test calls doctor_credential_scope/_scope_of_bearer/_inherited_flag (setup tests monkeypatch doctor_credential_scope to lambda: []; cli doctor path untested)
agentbus_client.onboarding._credentials.x__inherited_flag__mutmut_8	no tests	gap	high	_inherited_flag	str - dict TypeError for every flagged scope: the line is silently dropped by the caller's except. Uncovered: no unit test calls doctor_credential_scope/_scope_of_bearer/_inherited_flag (setup tests monkeypatch doctor_credential_scope to lambda: []; cli doctor path untested)
agentbus_client.onboarding._credentials.x__inherited_flag__mutmut_9	no tests	gap	low	_inherited_flag	finding prefix wording changed; still contains 'FINDING'. Uncovered: no unit test calls doctor_credential_scope/_scope_of_bearer/_inherited_flag (setup tests monkeypatch doctor_credential_scope to lambda: []; cli doctor path untested)
agentbus_client.onboarding._credentials.x__scope_of_bearer__mutmut_1	no tests	gap	high	_scope_of_bearer	token never extracted: every credential reported 'unknown'. Uncovered: no unit test calls doctor_credential_scope/_scope_of_bearer/_inherited_flag (setup tests monkeypatch doctor_credential_scope to lambda: []; cli doctor path untested)
agentbus_client.onboarding._credentials.x__scope_of_bearer__mutmut_10	no tests	equivalent	-	_scope_of_bearer	fallback 'XXXX' vs '' for a falsy bearer: regex ab_sk_... matches neither, returns 'unknown' either way
agentbus_client.onboarding._credentials.x__scope_of_bearer__mutmut_11	no tests	gap	high	_scope_of_bearer	condition inverted: real tokens report 'unknown', non-tokens hit m.group AttributeError -> 'unknown (resolution failed)'. Uncovered: no unit test calls doctor_credential_scope/_scope_of_bearer/_inherited_flag (setup tests monkeypatch doctor_credential_scope to lambda: []; cli doctor path untested)
agentbus_client.onboarding._credentials.x__scope_of_bearer__mutmut_12	no tests	gap	low	_scope_of_bearer	'unknown' label wording changed; no FINDING either way. Uncovered: no unit test calls doctor_credential_scope/_scope_of_bearer/_inherited_flag (setup tests monkeypatch doctor_credential_scope to lambda: []; cli doctor path untested)
agentbus_client.onboarding._credentials.x__scope_of_bearer__mutmut_13	no tests	gap	low	_scope_of_bearer	'unknown' label wording changed; no FINDING either way. Uncovered: no unit test calls doctor_credential_scope/_scope_of_bearer/_inherited_flag (setup tests monkeypatch doctor_credential_scope to lambda: []; cli doctor path untested)
agentbus_client.onboarding._credentials.x__scope_of_bearer__mutmut_14	no tests	gap	high	_scope_of_bearer	who None: AttributeError -> 'unknown (resolution failed)'. Uncovered: no unit test calls doctor_credential_scope/_scope_of_bearer/_inherited_flag (setup tests monkeypatch doctor_credential_scope to lambda: []; cli doctor path untested)
agentbus_client.onboarding._credentials.x__scope_of_bearer__mutmut_15	no tests	gap	high	_scope_of_bearer	api_key None: AgentBus falls back to AGENTBUS_API_KEY or the on-disk key - scope of a DIFFERENT credential reported. Uncovered: no unit test calls doctor_credential_scope/_scope_of_bearer/_inherited_flag (setup tests monkeypatch doctor_credential_scope to lambda: []; cli doctor path untested)
agentbus_client.onboarding._credentials.x__scope_of_bearer__mutmut_16	no tests	gap	high	_scope_of_bearer	base_url None: scope resolved against (and key sent to) the AGENTBUS_BASE_URL-or-default bus. Uncovered: no unit test calls doctor_credential_scope/_scope_of_bearer/_inherited_flag (setup tests monkeypatch doctor_credential_scope to lambda: []; cli doctor path untested)
agentbus_client.onboarding._credentials.x__scope_of_bearer__mutmut_17	no tests	gap	high	_scope_of_bearer	api_key dropped: AgentBus falls back to AGENTBUS_API_KEY or the on-disk key - scope of a DIFFERENT credential reported. Uncovered: no unit test calls doctor_credential_scope/_scope_of_bearer/_inherited_flag (setup tests monkeypatch doctor_credential_scope to lambda: []; cli doctor path untested)
agentbus_client.onboarding._credentials.x__scope_of_bearer__mutmut_18	no tests	gap	high	_scope_of_bearer	base_url dropped: scope resolved against (and key sent to) the AGENTBUS_BASE_URL-or-default bus. Uncovered: no unit test calls doctor_credential_scope/_scope_of_bearer/_inherited_flag (setup tests monkeypatch doctor_credential_scope to lambda: []; cli doctor path untested)
agentbus_client.onboarding._credentials.x__scope_of_bearer__mutmut_19	no tests	gap	high	_scope_of_bearer	m.group(None): error -> 'unknown (resolution failed)'. Uncovered: no unit test calls doctor_credential_scope/_scope_of_bearer/_inherited_flag (setup tests monkeypatch doctor_credential_scope to lambda: []; cli doctor path untested)
agentbus_client.onboarding._credentials.x__scope_of_bearer__mutmut_2	no tests	gap	high	_scope_of_bearer	re.search(None): TypeError, line silently dropped by caller. Uncovered: no unit test calls doctor_credential_scope/_scope_of_bearer/_inherited_flag (setup tests monkeypatch doctor_credential_scope to lambda: []; cli doctor path untested)
agentbus_client.onboarding._credentials.x__scope_of_bearer__mutmut_20	no tests	gap	high	_scope_of_bearer	m.group(1): IndexError -> 'unknown (resolution failed)'. Uncovered: no unit test calls doctor_credential_scope/_scope_of_bearer/_inherited_flag (setup tests monkeypatch doctor_credential_scope to lambda: []; cli doctor path untested)
agentbus_client.onboarding._credentials.x__scope_of_bearer__mutmut_21	no tests	gap	high	_scope_of_bearer	scope field not read from /whoami: every credential 'unknown', FINDING suppressed. Uncovered: no unit test calls doctor_credential_scope/_scope_of_bearer/_inherited_flag (setup tests monkeypatch doctor_credential_scope to lambda: []; cli doctor path untested)
agentbus_client.onboarding._credentials.x__scope_of_bearer__mutmut_22	no tests	gap	high	_scope_of_bearer	scope field not read from /whoami: every credential 'unknown', FINDING suppressed. Uncovered: no unit test calls doctor_credential_scope/_scope_of_bearer/_inherited_flag (setup tests monkeypatch doctor_credential_scope to lambda: []; cli doctor path untested)
agentbus_client.onboarding._credentials.x__scope_of_bearer__mutmut_23	no tests	gap	high	_scope_of_bearer	scope field not read from /whoami: every credential 'unknown', FINDING suppressed. Uncovered: no unit test calls doctor_credential_scope/_scope_of_bearer/_inherited_flag (setup tests monkeypatch doctor_credential_scope to lambda: []; cli doctor path untested)
agentbus_client.onboarding._credentials.x__scope_of_bearer__mutmut_24	no tests	gap	high	_scope_of_bearer	scope field not read from /whoami: every credential 'unknown', FINDING suppressed. Uncovered: no unit test calls doctor_credential_scope/_scope_of_bearer/_inherited_flag (setup tests monkeypatch doctor_credential_scope to lambda: []; cli doctor path untested)
agentbus_client.onboarding._credentials.x__scope_of_bearer__mutmut_25	no tests	gap	high	_scope_of_bearer	scope field not read from /whoami: every credential 'unknown', FINDING suppressed. Uncovered: no unit test calls doctor_credential_scope/_scope_of_bearer/_inherited_flag (setup tests monkeypatch doctor_credential_scope to lambda: []; cli doctor path untested)
agentbus_client.onboarding._credentials.x__scope_of_bearer__mutmut_26	no tests	gap	high	_scope_of_bearer	scope field not read from /whoami: every credential 'unknown', FINDING suppressed. Uncovered: no unit test calls doctor_credential_scope/_scope_of_bearer/_inherited_flag (setup tests monkeypatch doctor_credential_scope to lambda: []; cli doctor path untested)
agentbus_client.onboarding._credentials.x__scope_of_bearer__mutmut_27	no tests	gap	high	_scope_of_bearer	scope field not read from /whoami: every credential 'unknown', FINDING suppressed. Uncovered: no unit test calls doctor_credential_scope/_scope_of_bearer/_inherited_flag (setup tests monkeypatch doctor_credential_scope to lambda: []; cli doctor path untested)
agentbus_client.onboarding._credentials.x__scope_of_bearer__mutmut_28	no tests	gap	high	_scope_of_bearer	scope field not read from /whoami: every credential 'unknown', FINDING suppressed. Uncovered: no unit test calls doctor_credential_scope/_scope_of_bearer/_inherited_flag (setup tests monkeypatch doctor_credential_scope to lambda: []; cli doctor path untested)
agentbus_client.onboarding._credentials.x__scope_of_bearer__mutmut_29	no tests	gap	high	_scope_of_bearer	always 'unknown': scope never reported. Uncovered: no unit test calls doctor_credential_scope/_scope_of_bearer/_inherited_flag (setup tests monkeypatch doctor_credential_scope to lambda: []; cli doctor path untested)
agentbus_client.onboarding._credentials.x__scope_of_bearer__mutmut_3	no tests	gap	high	_scope_of_bearer	re.search(pat, None): TypeError, line silently dropped. Uncovered: no unit test calls doctor_credential_scope/_scope_of_bearer/_inherited_flag (setup tests monkeypatch doctor_credential_scope to lambda: []; cli doctor path untested)
agentbus_client.onboarding._credentials.x__scope_of_bearer__mutmut_30	no tests	gap	medium	_scope_of_bearer	non-str scope from /whoami returned as-is (e.g. None) instead of 'unknown'. Uncovered: no unit test calls doctor_credential_scope/_scope_of_bearer/_inherited_flag (setup tests monkeypatch doctor_credential_scope to lambda: []; cli doctor path untested)
agentbus_client.onboarding._credentials.x__scope_of_bearer__mutmut_31	no tests	gap	low	_scope_of_bearer	'unknown' label wording changed; no FINDING either way. Uncovered: no unit test calls doctor_credential_scope/_scope_of_bearer/_inherited_flag (setup tests monkeypatch doctor_credential_scope to lambda: []; cli doctor path untested)
agentbus_client.onboarding._credentials.x__scope_of_bearer__mutmut_32	no tests	gap	low	_scope_of_bearer	'unknown' label wording changed; no FINDING either way. Uncovered: no unit test calls doctor_credential_scope/_scope_of_bearer/_inherited_flag (setup tests monkeypatch doctor_credential_scope to lambda: []; cli doctor path untested)
agentbus_client.onboarding._credentials.x__scope_of_bearer__mutmut_33	no tests	gap	high	_scope_of_bearer	unusable/unreachable classification inverted: revoked key reported unreachable, outage reported unusable. Uncovered: no unit test calls doctor_credential_scope/_scope_of_bearer/_inherited_flag (setup tests monkeypatch doctor_credential_scope to lambda: []; cli doctor path untested)
agentbus_client.onboarding._credentials.x__scope_of_bearer__mutmut_34	no tests	gap	high	_scope_of_bearer	one server error code misclassified: unusable credential reported 'unreachable'. Uncovered: no unit test calls doctor_credential_scope/_scope_of_bearer/_inherited_flag (setup tests monkeypatch doctor_credential_scope to lambda: []; cli doctor path untested)
agentbus_client.onboarding._credentials.x__scope_of_bearer__mutmut_35	no tests	gap	high	_scope_of_bearer	one server error code misclassified: unusable credential reported 'unreachable'. Uncovered: no unit test calls doctor_credential_scope/_scope_of_bearer/_inherited_flag (setup tests monkeypatch doctor_credential_scope to lambda: []; cli doctor path untested)
agentbus_client.onboarding._credentials.x__scope_of_bearer__mutmut_36	no tests	gap	high	_scope_of_bearer	one server error code misclassified: unusable credential reported 'unreachable'. Uncovered: no unit test calls doctor_credential_scope/_scope_of_bearer/_inherited_flag (setup tests monkeypatch doctor_credential_scope to lambda: []; cli doctor path untested)
agentbus_client.onboarding._credentials.x__scope_of_bearer__mutmut_37	no tests	gap	high	_scope_of_bearer	one server error code misclassified: unusable credential reported 'unreachable'. Uncovered: no unit test calls doctor_credential_scope/_scope_of_bearer/_inherited_flag (setup tests monkeypatch doctor_credential_scope to lambda: []; cli doctor path untested)
agentbus_client.onboarding._credentials.x__scope_of_bearer__mutmut_38	no tests	gap	high	_scope_of_bearer	one server error code misclassified: unusable credential reported 'unreachable'. Uncovered: no unit test calls doctor_credential_scope/_scope_of_bearer/_inherited_flag (setup tests monkeypatch doctor_credential_scope to lambda: []; cli doctor path untested)
agentbus_client.onboarding._credentials.x__scope_of_bearer__mutmut_39	no tests	gap	high	_scope_of_bearer	one server error code misclassified: unusable credential reported 'unreachable'. Uncovered: no unit test calls doctor_credential_scope/_scope_of_bearer/_inherited_flag (setup tests monkeypatch doctor_credential_scope to lambda: []; cli doctor path untested)
agentbus_client.onboarding._credentials.x__scope_of_bearer__mutmut_4	no tests	gap	high	_scope_of_bearer	re.search missing arg: TypeError, line silently dropped. Uncovered: no unit test calls doctor_credential_scope/_scope_of_bearer/_inherited_flag (setup tests monkeypatch doctor_credential_scope to lambda: []; cli doctor path untested)
agentbus_client.onboarding._credentials.x__scope_of_bearer__mutmut_40	no tests	gap	low	_scope_of_bearer	'unknown' label wording changed; no FINDING either way. Uncovered: no unit test calls doctor_credential_scope/_scope_of_bearer/_inherited_flag (setup tests monkeypatch doctor_credential_scope to lambda: []; cli doctor path untested)
agentbus_client.onboarding._credentials.x__scope_of_bearer__mutmut_41	no tests	gap	low	_scope_of_bearer	'unknown' label wording changed; no FINDING either way. Uncovered: no unit test calls doctor_credential_scope/_scope_of_bearer/_inherited_flag (setup tests monkeypatch doctor_credential_scope to lambda: []; cli doctor path untested)
agentbus_client.onboarding._credentials.x__scope_of_bearer__mutmut_5	no tests	gap	high	_scope_of_bearer	re.search missing arg: TypeError, line silently dropped. Uncovered: no unit test calls doctor_credential_scope/_scope_of_bearer/_inherited_flag (setup tests monkeypatch doctor_credential_scope to lambda: []; cli doctor path untested)
agentbus_client.onboarding._credentials.x__scope_of_bearer__mutmut_6	no tests	gap	high	_scope_of_bearer	pattern never matches: every credential 'unknown'. Uncovered: no unit test calls doctor_credential_scope/_scope_of_bearer/_inherited_flag (setup tests monkeypatch doctor_credential_scope to lambda: []; cli doctor path untested)
agentbus_client.onboarding._credentials.x__scope_of_bearer__mutmut_7	no tests	gap	high	_scope_of_bearer	uppercase letters excluded: token truncated, /whoami rejects it, a working key reported 'unusable'. Uncovered: no unit test calls doctor_credential_scope/_scope_of_bearer/_inherited_flag (setup tests monkeypatch doctor_credential_scope to lambda: []; cli doctor path untested)
agentbus_client.onboarding._credentials.x__scope_of_bearer__mutmut_8	no tests	gap	high	_scope_of_bearer	pattern uppercased: never matches, 'unknown'. Uncovered: no unit test calls doctor_credential_scope/_scope_of_bearer/_inherited_flag (setup tests monkeypatch doctor_credential_scope to lambda: []; cli doctor path untested)
agentbus_client.onboarding._credentials.x__scope_of_bearer__mutmut_9	no tests	gap	high	_scope_of_bearer	bearer and '': always empty, 'unknown'. Uncovered: no unit test calls doctor_credential_scope/_scope_of_bearer/_inherited_flag (setup tests monkeypatch doctor_credential_scope to lambda: []; cli doctor path untested)
agentbus_client.onboarding._credentials.x_doctor_credential_scope__mutmut_1	no tests	gap	high	doctor_credential_scope	lines None: every section's append fails silently; with no operator.env returns None and doctor prints 'none reachable' while a full key is inherited. Uncovered: no unit test calls doctor_credential_scope/_scope_of_bearer/_inherited_flag (setup tests monkeypatch doctor_credential_scope to lambda: []; cli doctor path untested)
agentbus_client.onboarding._credentials.x_doctor_credential_scope__mutmut_10	no tests	gap	medium	doctor_credential_scope	project wiring line silently omitted (section 1 reports agent, not scope). Uncovered: no unit test calls doctor_credential_scope/_scope_of_bearer/_inherited_flag (setup tests monkeypatch doctor_credential_scope to lambda: []; cli doctor path untested)
agentbus_client.onboarding._credentials.x_doctor_credential_scope__mutmut_100	no tests	gap	high	doctor_credential_scope	opencode agentbus MCP entry never found: inherited key not reported. Uncovered: no unit test calls doctor_credential_scope/_scope_of_bearer/_inherited_flag (setup tests monkeypatch doctor_credential_scope to lambda: []; cli doctor path untested)
agentbus_client.onboarding._credentials.x_doctor_credential_scope__mutmut_101	no tests	gap	high	doctor_credential_scope	opencode agentbus MCP entry never found: inherited key not reported. Uncovered: no unit test calls doctor_credential_scope/_scope_of_bearer/_inherited_flag (setup tests monkeypatch doctor_credential_scope to lambda: []; cli doctor path untested)
agentbus_client.onboarding._credentials.x_doctor_credential_scope__mutmut_102	no tests	gap	high	doctor_credential_scope	opencode agentbus MCP entry never found: inherited key not reported. Uncovered: no unit test calls doctor_credential_scope/_scope_of_bearer/_inherited_flag (setup tests monkeypatch doctor_credential_scope to lambda: []; cli doctor path untested)
agentbus_client.onboarding._credentials.x_doctor_credential_scope__mutmut_103	no tests	gap	high	doctor_credential_scope	opencode Authorization header not read: scope reported 'unknown', FINDING suppressed. Uncovered: no unit test calls doctor_credential_scope/_scope_of_bearer/_inherited_flag (setup tests monkeypatch doctor_credential_scope to lambda: []; cli doctor path untested)
agentbus_client.onboarding._credentials.x_doctor_credential_scope__mutmut_104	no tests	gap	high	doctor_credential_scope	opencode Authorization header not read: scope reported 'unknown', FINDING suppressed. Uncovered: no unit test calls doctor_credential_scope/_scope_of_bearer/_inherited_flag (setup tests monkeypatch doctor_credential_scope to lambda: []; cli doctor path untested)
agentbus_client.onboarding._credentials.x_doctor_credential_scope__mutmut_105	no tests	gap	high	doctor_credential_scope	opencode Authorization header not read: scope reported 'unknown', FINDING suppressed. Uncovered: no unit test calls doctor_credential_scope/_scope_of_bearer/_inherited_flag (setup tests monkeypatch doctor_credential_scope to lambda: []; cli doctor path untested)
agentbus_client.onboarding._credentials.x_doctor_credential_scope__mutmut_106	no tests	gap	high	doctor_credential_scope	opencode Authorization header not read: scope reported 'unknown', FINDING suppressed. Uncovered: no unit test calls doctor_credential_scope/_scope_of_bearer/_inherited_flag (setup tests monkeypatch doctor_credential_scope to lambda: []; cli doctor path untested)
agentbus_client.onboarding._credentials.x_doctor_credential_scope__mutmut_107	no tests	gap	high	doctor_credential_scope	opencode Authorization header not read: scope reported 'unknown', FINDING suppressed. Uncovered: no unit test calls doctor_credential_scope/_scope_of_bearer/_inherited_flag (setup tests monkeypatch doctor_credential_scope to lambda: []; cli doctor path untested)
agentbus_client.onboarding._credentials.x_doctor_credential_scope__mutmut_108	no tests	gap	high	doctor_credential_scope	opencode Authorization header not read: scope reported 'unknown', FINDING suppressed. Uncovered: no unit test calls doctor_credential_scope/_scope_of_bearer/_inherited_flag (setup tests monkeypatch doctor_credential_scope to lambda: []; cli doctor path untested)
agentbus_client.onboarding._credentials.x_doctor_credential_scope__mutmut_109	no tests	gap	high	doctor_credential_scope	opencode Authorization header not read: scope reported 'unknown', FINDING suppressed. Uncovered: no unit test calls doctor_credential_scope/_scope_of_bearer/_inherited_flag (setup tests monkeypatch doctor_credential_scope to lambda: []; cli doctor path untested)
agentbus_client.onboarding._credentials.x_doctor_credential_scope__mutmut_11	no tests	gap	medium	doctor_credential_scope	project wiring line silently omitted (section 1 reports agent, not scope). Uncovered: no unit test calls doctor_credential_scope/_scope_of_bearer/_inherited_flag (setup tests monkeypatch doctor_credential_scope to lambda: []; cli doctor path untested)
agentbus_client.onboarding._credentials.x_doctor_credential_scope__mutmut_110	no tests	gap	high	doctor_credential_scope	opencode Authorization header not read: scope reported 'unknown', FINDING suppressed. Uncovered: no unit test calls doctor_credential_scope/_scope_of_bearer/_inherited_flag (setup tests monkeypatch doctor_credential_scope to lambda: []; cli doctor path untested)
agentbus_client.onboarding._credentials.x_doctor_credential_scope__mutmut_111	no tests	gap	high	doctor_credential_scope	opencode Authorization header not read: scope reported 'unknown', FINDING suppressed. Uncovered: no unit test calls doctor_credential_scope/_scope_of_bearer/_inherited_flag (setup tests monkeypatch doctor_credential_scope to lambda: []; cli doctor path untested)
agentbus_client.onboarding._credentials.x_doctor_credential_scope__mutmut_112	no tests	gap	high	doctor_credential_scope	opencode Authorization header not read: scope reported 'unknown', FINDING suppressed. Uncovered: no unit test calls doctor_credential_scope/_scope_of_bearer/_inherited_flag (setup tests monkeypatch doctor_credential_scope to lambda: []; cli doctor path untested)
agentbus_client.onboarding._credentials.x_doctor_credential_scope__mutmut_113	no tests	equivalent	-	doctor_credential_scope	fallback 'XXXX' vs '' for a missing Authorization header: _scope_of_bearer finds no ab_sk_ token in either and returns 'unknown'; identical output
agentbus_client.onboarding._credentials.x_doctor_credential_scope__mutmut_114	no tests	gap	high	doctor_credential_scope	opencode scope not resolved: misreported, FINDING suppressed. Uncovered: no unit test calls doctor_credential_scope/_scope_of_bearer/_inherited_flag (setup tests monkeypatch doctor_credential_scope to lambda: []; cli doctor path untested)
agentbus_client.onboarding._credentials.x_doctor_credential_scope__mutmut_115	no tests	gap	high	doctor_credential_scope	opencode scope not resolved: misreported, FINDING suppressed. Uncovered: no unit test calls doctor_credential_scope/_scope_of_bearer/_inherited_flag (setup tests monkeypatch doctor_credential_scope to lambda: []; cli doctor path untested)
agentbus_client.onboarding._credentials.x_doctor_credential_scope__mutmut_116	no tests	gap	high	doctor_credential_scope	base_url dropped: opencode key's scope resolved against (and key sent to) the AGENTBUS_BASE_URL-or-default bus. Uncovered: no unit test calls doctor_credential_scope/_scope_of_bearer/_inherited_flag (setup tests monkeypatch doctor_credential_scope to lambda: []; cli doctor path untested)
agentbus_client.onboarding._credentials.x_doctor_credential_scope__mutmut_117	no tests	gap	high	doctor_credential_scope	opencode scope not resolved: misreported, FINDING suppressed. Uncovered: no unit test calls doctor_credential_scope/_scope_of_bearer/_inherited_flag (setup tests monkeypatch doctor_credential_scope to lambda: []; cli doctor path untested)
agentbus_client.onboarding._credentials.x_doctor_credential_scope__mutmut_118	no tests	gap	high	doctor_credential_scope	base_url dropped: opencode key's scope resolved against (and key sent to) the AGENTBUS_BASE_URL-or-default bus. Uncovered: no unit test calls doctor_credential_scope/_scope_of_bearer/_inherited_flag (setup tests monkeypatch doctor_credential_scope to lambda: []; cli doctor path untested)
agentbus_client.onboarding._credentials.x_doctor_credential_scope__mutmut_119	no tests	gap	high	doctor_credential_scope	opencode finding line replaced by None: finding lost in doctor, setup TypeError. Uncovered: no unit test calls doctor_credential_scope/_scope_of_bearer/_inherited_flag (setup tests monkeypatch doctor_credential_scope to lambda: []; cli doctor path untested)
agentbus_client.onboarding._credentials.x_doctor_credential_scope__mutmut_12	no tests	gap	medium	doctor_credential_scope	project wiring line silently omitted (section 1 reports agent, not scope). Uncovered: no unit test calls doctor_credential_scope/_scope_of_bearer/_inherited_flag (setup tests monkeypatch doctor_credential_scope to lambda: []; cli doctor path untested)
agentbus_client.onboarding._credentials.x_doctor_credential_scope__mutmut_120	no tests	gap	high	doctor_credential_scope	str - str TypeError swallowed: opencode line silently omitted. Uncovered: no unit test calls doctor_credential_scope/_scope_of_bearer/_inherited_flag (setup tests monkeypatch doctor_credential_scope to lambda: []; cli doctor path untested)
agentbus_client.onboarding._credentials.x_doctor_credential_scope__mutmut_121	no tests	gap	high	doctor_credential_scope	_inherited_flag(None): FINDING suffix dropped for the opencode slot. Uncovered: no unit test calls doctor_credential_scope/_scope_of_bearer/_inherited_flag (setup tests monkeypatch doctor_credential_scope to lambda: []; cli doctor path untested)
agentbus_client.onboarding._credentials.x_doctor_credential_scope__mutmut_122	no tests	gap	high	doctor_credential_scope	break -> return inside the opencode loop: operator.env (full, can MINT) never reported when an opencode config exists. Uncovered: no unit test calls doctor_credential_scope/_scope_of_bearer/_inherited_flag (setup tests monkeypatch doctor_credential_scope to lambda: []; cli doctor path untested)
agentbus_client.onboarding._credentials.x_doctor_credential_scope__mutmut_123	no tests	gap	medium	doctor_credential_scope	operator.env path None / Path*str: exception escapes (doctor prints UNAVAILABLE, setup try catches) - loud. Uncovered: no unit test calls doctor_credential_scope/_scope_of_bearer/_inherited_flag (setup tests monkeypatch doctor_credential_scope to lambda: []; cli doctor path untested)
agentbus_client.onboarding._credentials.x_doctor_credential_scope__mutmut_124	no tests	gap	medium	doctor_credential_scope	operator.env path None / Path*str: exception escapes (doctor prints UNAVAILABLE, setup try catches) - loud. Uncovered: no unit test calls doctor_credential_scope/_scope_of_bearer/_inherited_flag (setup tests monkeypatch doctor_credential_scope to lambda: []; cli doctor path untested)
agentbus_client.onboarding._credentials.x_doctor_credential_scope__mutmut_125	no tests	gap	high	doctor_credential_scope	wrong operator.env filename: the full (can-MINT) operator credential is never reported. Uncovered: no unit test calls doctor_credential_scope/_scope_of_bearer/_inherited_flag (setup tests monkeypatch doctor_credential_scope to lambda: []; cli doctor path untested)
agentbus_client.onboarding._credentials.x_doctor_credential_scope__mutmut_126	no tests	gap	high	doctor_credential_scope	wrong operator.env filename: the full (can-MINT) operator credential is never reported. Uncovered: no unit test calls doctor_credential_scope/_scope_of_bearer/_inherited_flag (setup tests monkeypatch doctor_credential_scope to lambda: []; cli doctor path untested)
agentbus_client.onboarding._credentials.x_doctor_credential_scope__mutmut_127	no tests	gap	high	doctor_credential_scope	operator line reports scope 'None' instead of 'full (... can MINT ...)': scope misreported. Uncovered: no unit test calls doctor_credential_scope/_scope_of_bearer/_inherited_flag (setup tests monkeypatch doctor_credential_scope to lambda: []; cli doctor path untested)
agentbus_client.onboarding._credentials.x_doctor_credential_scope__mutmut_128	no tests	gap	low	doctor_credential_scope	operator scope wording changed (still says full). Uncovered: no unit test calls doctor_credential_scope/_scope_of_bearer/_inherited_flag (setup tests monkeypatch doctor_credential_scope to lambda: []; cli doctor path untested)
agentbus_client.onboarding._credentials.x_doctor_credential_scope__mutmut_129	no tests	gap	low	doctor_credential_scope	operator scope wording changed (still says full). Uncovered: no unit test calls doctor_credential_scope/_scope_of_bearer/_inherited_flag (setup tests monkeypatch doctor_credential_scope to lambda: []; cli doctor path untested)
agentbus_client.onboarding._credentials.x_doctor_credential_scope__mutmut_13	no tests	gap	medium	doctor_credential_scope	project wiring line silently omitted (section 1 reports agent, not scope). Uncovered: no unit test calls doctor_credential_scope/_scope_of_bearer/_inherited_flag (setup tests monkeypatch doctor_credential_scope to lambda: []; cli doctor path untested)
agentbus_client.onboarding._credentials.x_doctor_credential_scope__mutmut_130	no tests	gap	low	doctor_credential_scope	operator scope wording changed (still says full). Uncovered: no unit test calls doctor_credential_scope/_scope_of_bearer/_inherited_flag (setup tests monkeypatch doctor_credential_scope to lambda: []; cli doctor path untested)
agentbus_client.onboarding._credentials.x_doctor_credential_scope__mutmut_131	no tests	gap	high	doctor_credential_scope	operator line replaced by None: full operator credential not reported in doctor, setup TypeError. Uncovered: no unit test calls doctor_credential_scope/_scope_of_bearer/_inherited_flag (setup tests monkeypatch doctor_credential_scope to lambda: []; cli doctor path untested)
agentbus_client.onboarding._credentials.x_doctor_credential_scope__mutmut_14	no tests	gap	medium	doctor_credential_scope	project wiring line silently omitted (section 1 reports agent, not scope). Uncovered: no unit test calls doctor_credential_scope/_scope_of_bearer/_inherited_flag (setup tests monkeypatch doctor_credential_scope to lambda: []; cli doctor path untested)
agentbus_client.onboarding._credentials.x_doctor_credential_scope__mutmut_15	no tests	gap	medium	doctor_credential_scope	"None appended for the project line: doctor prints 'None'; setup's ""FINDING"" in ln raises TypeError. Uncovered: no unit test calls doctor_credential_scope/_scope_of_bearer/_inherited_flag (setup tests monkeypatch doctor_credential_scope to lambda: []; cli doctor path untested)"
agentbus_client.onboarding._credentials.x_doctor_credential_scope__mutmut_16	no tests	gap	high	doctor_credential_scope	~/.claude.json user-scope agentbus MCP entry never found/parsed (error swallowed): an inherited full/admin key is not reported. Uncovered: no unit test calls doctor_credential_scope/_scope_of_bearer/_inherited_flag (setup tests monkeypatch doctor_credential_scope to lambda: []; cli doctor path untested)
agentbus_client.onboarding._credentials.x_doctor_credential_scope__mutmut_17	no tests	gap	high	doctor_credential_scope	~/.claude.json user-scope agentbus MCP entry never found/parsed (error swallowed): an inherited full/admin key is not reported. Uncovered: no unit test calls doctor_credential_scope/_scope_of_bearer/_inherited_flag (setup tests monkeypatch doctor_credential_scope to lambda: []; cli doctor path untested)
agentbus_client.onboarding._credentials.x_doctor_credential_scope__mutmut_18	no tests	gap	high	doctor_credential_scope	~/.claude.json user-scope agentbus MCP entry never found/parsed (error swallowed): an inherited full/admin key is not reported. Uncovered: no unit test calls doctor_credential_scope/_scope_of_bearer/_inherited_flag (setup tests monkeypatch doctor_credential_scope to lambda: []; cli doctor path untested)
agentbus_client.onboarding._credentials.x_doctor_credential_scope__mutmut_19	no tests	gap	high	doctor_credential_scope	~/.claude.json user-scope agentbus MCP entry never found/parsed (error swallowed): an inherited full/admin key is not reported. Uncovered: no unit test calls doctor_credential_scope/_scope_of_bearer/_inherited_flag (setup tests monkeypatch doctor_credential_scope to lambda: []; cli doctor path untested)
agentbus_client.onboarding._credentials.x_doctor_credential_scope__mutmut_2	no tests	gap	medium	doctor_credential_scope	project wiring line silently omitted (section 1 reports agent, not scope). Uncovered: no unit test calls doctor_credential_scope/_scope_of_bearer/_inherited_flag (setup tests monkeypatch doctor_credential_scope to lambda: []; cli doctor path untested)
agentbus_client.onboarding._credentials.x_doctor_credential_scope__mutmut_20	no tests	gap	high	doctor_credential_scope	~/.claude.json user-scope agentbus MCP entry never found/parsed (error swallowed): an inherited full/admin key is not reported. Uncovered: no unit test calls doctor_credential_scope/_scope_of_bearer/_inherited_flag (setup tests monkeypatch doctor_credential_scope to lambda: []; cli doctor path untested)
agentbus_client.onboarding._credentials.x_doctor_credential_scope__mutmut_21	no tests	gap	high	doctor_credential_scope	~/.claude.json user-scope agentbus MCP entry never found/parsed (error swallowed): an inherited full/admin key is not reported. Uncovered: no unit test calls doctor_credential_scope/_scope_of_bearer/_inherited_flag (setup tests monkeypatch doctor_credential_scope to lambda: []; cli doctor path untested)
agentbus_client.onboarding._credentials.x_doctor_credential_scope__mutmut_22	no tests	gap	high	doctor_credential_scope	~/.claude.json user-scope agentbus MCP entry never found/parsed (error swallowed): an inherited full/admin key is not reported. Uncovered: no unit test calls doctor_credential_scope/_scope_of_bearer/_inherited_flag (setup tests monkeypatch doctor_credential_scope to lambda: []; cli doctor path untested)
agentbus_client.onboarding._credentials.x_doctor_credential_scope__mutmut_23	no tests	gap	high	doctor_credential_scope	~/.claude.json user-scope agentbus MCP entry never found/parsed (error swallowed): an inherited full/admin key is not reported. Uncovered: no unit test calls doctor_credential_scope/_scope_of_bearer/_inherited_flag (setup tests monkeypatch doctor_credential_scope to lambda: []; cli doctor path untested)
agentbus_client.onboarding._credentials.x_doctor_credential_scope__mutmut_24	no tests	gap	high	doctor_credential_scope	~/.claude.json user-scope agentbus MCP entry never found/parsed (error swallowed): an inherited full/admin key is not reported. Uncovered: no unit test calls doctor_credential_scope/_scope_of_bearer/_inherited_flag (setup tests monkeypatch doctor_credential_scope to lambda: []; cli doctor path untested)
agentbus_client.onboarding._credentials.x_doctor_credential_scope__mutmut_25	no tests	gap	high	doctor_credential_scope	~/.claude.json user-scope agentbus MCP entry never found/parsed (error swallowed): an inherited full/admin key is not reported. Uncovered: no unit test calls doctor_credential_scope/_scope_of_bearer/_inherited_flag (setup tests monkeypatch doctor_credential_scope to lambda: []; cli doctor path untested)
agentbus_client.onboarding._credentials.x_doctor_credential_scope__mutmut_26	no tests	gap	high	doctor_credential_scope	~/.claude.json user-scope agentbus MCP entry never found/parsed (error swallowed): an inherited full/admin key is not reported. Uncovered: no unit test calls doctor_credential_scope/_scope_of_bearer/_inherited_flag (setup tests monkeypatch doctor_credential_scope to lambda: []; cli doctor path untested)
agentbus_client.onboarding._credentials.x_doctor_credential_scope__mutmut_27	no tests	gap	high	doctor_credential_scope	~/.claude.json user-scope agentbus MCP entry never found/parsed (error swallowed): an inherited full/admin key is not reported. Uncovered: no unit test calls doctor_credential_scope/_scope_of_bearer/_inherited_flag (setup tests monkeypatch doctor_credential_scope to lambda: []; cli doctor path untested)
agentbus_client.onboarding._credentials.x_doctor_credential_scope__mutmut_28	no tests	gap	high	doctor_credential_scope	~/.claude.json user-scope agentbus MCP entry never found/parsed (error swallowed): an inherited full/admin key is not reported. Uncovered: no unit test calls doctor_credential_scope/_scope_of_bearer/_inherited_flag (setup tests monkeypatch doctor_credential_scope to lambda: []; cli doctor path untested)
agentbus_client.onboarding._credentials.x_doctor_credential_scope__mutmut_29	no tests	gap	high	doctor_credential_scope	~/.claude.json user-scope agentbus MCP entry never found/parsed (error swallowed): an inherited full/admin key is not reported. Uncovered: no unit test calls doctor_credential_scope/_scope_of_bearer/_inherited_flag (setup tests monkeypatch doctor_credential_scope to lambda: []; cli doctor path untested)
agentbus_client.onboarding._credentials.x_doctor_credential_scope__mutmut_3	no tests	gap	medium	doctor_credential_scope	project wiring line silently omitted (section 1 reports agent, not scope). Uncovered: no unit test calls doctor_credential_scope/_scope_of_bearer/_inherited_flag (setup tests monkeypatch doctor_credential_scope to lambda: []; cli doctor path untested)
agentbus_client.onboarding._credentials.x_doctor_credential_scope__mutmut_30	no tests	gap	high	doctor_credential_scope	~/.claude.json user-scope agentbus MCP entry never found/parsed (error swallowed): an inherited full/admin key is not reported. Uncovered: no unit test calls doctor_credential_scope/_scope_of_bearer/_inherited_flag (setup tests monkeypatch doctor_credential_scope to lambda: []; cli doctor path untested)
agentbus_client.onboarding._credentials.x_doctor_credential_scope__mutmut_31	no tests	gap	high	doctor_credential_scope	Authorization header not read: inherited credential reported scope 'unknown' instead of its real scope, FINDING suppressed. Uncovered: no unit test calls doctor_credential_scope/_scope_of_bearer/_inherited_flag (setup tests monkeypatch doctor_credential_scope to lambda: []; cli doctor path untested)
agentbus_client.onboarding._credentials.x_doctor_credential_scope__mutmut_32	no tests	gap	high	doctor_credential_scope	Authorization header not read: inherited credential reported scope 'unknown' instead of its real scope, FINDING suppressed. Uncovered: no unit test calls doctor_credential_scope/_scope_of_bearer/_inherited_flag (setup tests monkeypatch doctor_credential_scope to lambda: []; cli doctor path untested)
agentbus_client.onboarding._credentials.x_doctor_credential_scope__mutmut_33	no tests	gap	high	doctor_credential_scope	Authorization header not read: inherited credential reported scope 'unknown' instead of its real scope, FINDING suppressed. Uncovered: no unit test calls doctor_credential_scope/_scope_of_bearer/_inherited_flag (setup tests monkeypatch doctor_credential_scope to lambda: []; cli doctor path untested)
agentbus_client.onboarding._credentials.x_doctor_credential_scope__mutmut_34	no tests	gap	high	doctor_credential_scope	Authorization header not read: inherited credential reported scope 'unknown' instead of its real scope, FINDING suppressed. Uncovered: no unit test calls doctor_credential_scope/_scope_of_bearer/_inherited_flag (setup tests monkeypatch doctor_credential_scope to lambda: []; cli doctor path untested)
agentbus_client.onboarding._credentials.x_doctor_credential_scope__mutmut_35	no tests	gap	high	doctor_credential_scope	Authorization header not read: inherited credential reported scope 'unknown' instead of its real scope, FINDING suppressed. Uncovered: no unit test calls doctor_credential_scope/_scope_of_bearer/_inherited_flag (setup tests monkeypatch doctor_credential_scope to lambda: []; cli doctor path untested)
agentbus_client.onboarding._credentials.x_doctor_credential_scope__mutmut_36	no tests	gap	high	doctor_credential_scope	Authorization header not read: inherited credential reported scope 'unknown' instead of its real scope, FINDING suppressed. Uncovered: no unit test calls doctor_credential_scope/_scope_of_bearer/_inherited_flag (setup tests monkeypatch doctor_credential_scope to lambda: []; cli doctor path untested)
agentbus_client.onboarding._credentials.x_doctor_credential_scope__mutmut_37	no tests	gap	high	doctor_credential_scope	Authorization header not read: inherited credential reported scope 'unknown' instead of its real scope, FINDING suppressed. Uncovered: no unit test calls doctor_credential_scope/_scope_of_bearer/_inherited_flag (setup tests monkeypatch doctor_credential_scope to lambda: []; cli doctor path untested)
agentbus_client.onboarding._credentials.x_doctor_credential_scope__mutmut_38	no tests	gap	high	doctor_credential_scope	Authorization header not read: inherited credential reported scope 'unknown' instead of its real scope, FINDING suppressed. Uncovered: no unit test calls doctor_credential_scope/_scope_of_bearer/_inherited_flag (setup tests monkeypatch doctor_credential_scope to lambda: []; cli doctor path untested)
agentbus_client.onboarding._credentials.x_doctor_credential_scope__mutmut_39	no tests	gap	high	doctor_credential_scope	Authorization header not read: inherited credential reported scope 'unknown' instead of its real scope, FINDING suppressed. Uncovered: no unit test calls doctor_credential_scope/_scope_of_bearer/_inherited_flag (setup tests monkeypatch doctor_credential_scope to lambda: []; cli doctor path untested)
agentbus_client.onboarding._credentials.x_doctor_credential_scope__mutmut_4	no tests	gap	medium	doctor_credential_scope	project wiring line silently omitted (section 1 reports agent, not scope). Uncovered: no unit test calls doctor_credential_scope/_scope_of_bearer/_inherited_flag (setup tests monkeypatch doctor_credential_scope to lambda: []; cli doctor path untested)
agentbus_client.onboarding._credentials.x_doctor_credential_scope__mutmut_40	no tests	gap	high	doctor_credential_scope	Authorization header not read: inherited credential reported scope 'unknown' instead of its real scope, FINDING suppressed. Uncovered: no unit test calls doctor_credential_scope/_scope_of_bearer/_inherited_flag (setup tests monkeypatch doctor_credential_scope to lambda: []; cli doctor path untested)
agentbus_client.onboarding._credentials.x_doctor_credential_scope__mutmut_41	no tests	equivalent	-	doctor_credential_scope	fallback 'XXXX' vs '' for a missing Authorization header: _scope_of_bearer finds no ab_sk_ token in either and returns 'unknown'; identical output
agentbus_client.onboarding._credentials.x_doctor_credential_scope__mutmut_42	no tests	gap	high	doctor_credential_scope	scope not resolved (None/'unknown'): credential scope misreported, FINDING suppressed. Uncovered: no unit test calls doctor_credential_scope/_scope_of_bearer/_inherited_flag (setup tests monkeypatch doctor_credential_scope to lambda: []; cli doctor path untested)
agentbus_client.onboarding._credentials.x_doctor_credential_scope__mutmut_43	no tests	gap	high	doctor_credential_scope	scope not resolved (None/'unknown'): credential scope misreported, FINDING suppressed. Uncovered: no unit test calls doctor_credential_scope/_scope_of_bearer/_inherited_flag (setup tests monkeypatch doctor_credential_scope to lambda: []; cli doctor path untested)
agentbus_client.onboarding._credentials.x_doctor_credential_scope__mutmut_44	no tests	gap	high	doctor_credential_scope	base_url dropped: scope resolved against AGENTBUS_BASE_URL-or-default bus, and the inherited key is sent to that host, not the doctor's configured bus. Uncovered: no unit test calls doctor_credential_scope/_scope_of_bearer/_inherited_flag (setup tests monkeypatch doctor_credential_scope to lambda: []; cli doctor path untested)
agentbus_client.onboarding._credentials.x_doctor_credential_scope__mutmut_45	no tests	gap	high	doctor_credential_scope	scope not resolved (None/'unknown'): credential scope misreported, FINDING suppressed. Uncovered: no unit test calls doctor_credential_scope/_scope_of_bearer/_inherited_flag (setup tests monkeypatch doctor_credential_scope to lambda: []; cli doctor path untested)
agentbus_client.onboarding._credentials.x_doctor_credential_scope__mutmut_46	no tests	gap	high	doctor_credential_scope	base_url dropped: scope resolved against AGENTBUS_BASE_URL-or-default bus, and the inherited key is sent to that host, not the doctor's configured bus. Uncovered: no unit test calls doctor_credential_scope/_scope_of_bearer/_inherited_flag (setup tests monkeypatch doctor_credential_scope to lambda: []; cli doctor path untested)
agentbus_client.onboarding._credentials.x_doctor_credential_scope__mutmut_47	no tests	gap	high	doctor_credential_scope	user-scope finding line replaced by None: finding lost in doctor, setup TypeError. Uncovered: no unit test calls doctor_credential_scope/_scope_of_bearer/_inherited_flag (setup tests monkeypatch doctor_credential_scope to lambda: []; cli doctor path untested)
agentbus_client.onboarding._credentials.x_doctor_credential_scope__mutmut_48	no tests	gap	high	doctor_credential_scope	str - str TypeError swallowed: user-scope line (and FINDING) silently omitted. Uncovered: no unit test calls doctor_credential_scope/_scope_of_bearer/_inherited_flag (setup tests monkeypatch doctor_credential_scope to lambda: []; cli doctor path untested)
agentbus_client.onboarding._credentials.x_doctor_credential_scope__mutmut_49	no tests	gap	high	doctor_credential_scope	_inherited_flag(None): FINDING suffix dropped for a send/full/admin key in the inherited slot. Uncovered: no unit test calls doctor_credential_scope/_scope_of_bearer/_inherited_flag (setup tests monkeypatch doctor_credential_scope to lambda: []; cli doctor path untested)
agentbus_client.onboarding._credentials.x_doctor_credential_scope__mutmut_5	no tests	gap	medium	doctor_credential_scope	project wiring line silently omitted (section 1 reports agent, not scope). Uncovered: no unit test calls doctor_credential_scope/_scope_of_bearer/_inherited_flag (setup tests monkeypatch doctor_credential_scope to lambda: []; cli doctor path untested)
agentbus_client.onboarding._credentials.x_doctor_credential_scope__mutmut_50	no tests	gap	high	doctor_credential_scope	one opencode config filename never checked: key in that file not reported (note: real-bug #83 already hides this slot for URL-bearing configs). Uncovered: no unit test calls doctor_credential_scope/_scope_of_bearer/_inherited_flag (setup tests monkeypatch doctor_credential_scope to lambda: []; cli doctor path untested)
agentbus_client.onboarding._credentials.x_doctor_credential_scope__mutmut_51	no tests	gap	high	doctor_credential_scope	one opencode config filename never checked: key in that file not reported (note: real-bug #83 already hides this slot for URL-bearing configs). Uncovered: no unit test calls doctor_credential_scope/_scope_of_bearer/_inherited_flag (setup tests monkeypatch doctor_credential_scope to lambda: []; cli doctor path untested)
agentbus_client.onboarding._credentials.x_doctor_credential_scope__mutmut_52	no tests	gap	high	doctor_credential_scope	one opencode config filename never checked: key in that file not reported (note: real-bug #83 already hides this slot for URL-bearing configs). Uncovered: no unit test calls doctor_credential_scope/_scope_of_bearer/_inherited_flag (setup tests monkeypatch doctor_credential_scope to lambda: []; cli doctor path untested)
agentbus_client.onboarding._credentials.x_doctor_credential_scope__mutmut_53	no tests	gap	high	doctor_credential_scope	one opencode config filename never checked: key in that file not reported (note: real-bug #83 already hides this slot for URL-bearing configs). Uncovered: no unit test calls doctor_credential_scope/_scope_of_bearer/_inherited_flag (setup tests monkeypatch doctor_credential_scope to lambda: []; cli doctor path untested)
agentbus_client.onboarding._credentials.x_doctor_credential_scope__mutmut_54	no tests	gap	high	doctor_credential_scope	opencode section path/parse broken (exception swallowed): opencode slot silently skipped, inherited key not reported (note: real-bug #83 already hides this slot for URL-bearing configs). Uncovered: no unit test calls doctor_credential_scope/_scope_of_bearer/_inherited_flag (setup tests monkeypatch doctor_credential_scope to lambda: []; cli doctor path untested)
agentbus_client.onboarding._credentials.x_doctor_credential_scope__mutmut_55	no tests	gap	high	doctor_credential_scope	opencode section path/parse broken (exception swallowed): opencode slot silently skipped, inherited key not reported (note: real-bug #83 already hides this slot for URL-bearing configs). Uncovered: no unit test calls doctor_credential_scope/_scope_of_bearer/_inherited_flag (setup tests monkeypatch doctor_credential_scope to lambda: []; cli doctor path untested)
agentbus_client.onboarding._credentials.x_doctor_credential_scope__mutmut_56	no tests	gap	high	doctor_credential_scope	opencode section path/parse broken (exception swallowed): opencode slot silently skipped, inherited key not reported (note: real-bug #83 already hides this slot for URL-bearing configs). Uncovered: no unit test calls doctor_credential_scope/_scope_of_bearer/_inherited_flag (setup tests monkeypatch doctor_credential_scope to lambda: []; cli doctor path untested)
agentbus_client.onboarding._credentials.x_doctor_credential_scope__mutmut_57	no tests	gap	high	doctor_credential_scope	opencode section path/parse broken (exception swallowed): opencode slot silently skipped, inherited key not reported (note: real-bug #83 already hides this slot for URL-bearing configs). Uncovered: no unit test calls doctor_credential_scope/_scope_of_bearer/_inherited_flag (setup tests monkeypatch doctor_credential_scope to lambda: []; cli doctor path untested)
agentbus_client.onboarding._credentials.x_doctor_credential_scope__mutmut_58	no tests	gap	high	doctor_credential_scope	opencode section path/parse broken (exception swallowed): opencode slot silently skipped, inherited key not reported (note: real-bug #83 already hides this slot for URL-bearing configs). Uncovered: no unit test calls doctor_credential_scope/_scope_of_bearer/_inherited_flag (setup tests monkeypatch doctor_credential_scope to lambda: []; cli doctor path untested)
agentbus_client.onboarding._credentials.x_doctor_credential_scope__mutmut_59	no tests	gap	high	doctor_credential_scope	opencode section path/parse broken (exception swallowed): opencode slot silently skipped, inherited key not reported (note: real-bug #83 already hides this slot for URL-bearing configs). Uncovered: no unit test calls doctor_credential_scope/_scope_of_bearer/_inherited_flag (setup tests monkeypatch doctor_credential_scope to lambda: []; cli doctor path untested)
agentbus_client.onboarding._credentials.x_doctor_credential_scope__mutmut_6	no tests	gap	medium	doctor_credential_scope	project wiring line silently omitted (section 1 reports agent, not scope). Uncovered: no unit test calls doctor_credential_scope/_scope_of_bearer/_inherited_flag (setup tests monkeypatch doctor_credential_scope to lambda: []; cli doctor path untested)
agentbus_client.onboarding._credentials.x_doctor_credential_scope__mutmut_60	no tests	gap	high	doctor_credential_scope	opencode section path/parse broken (exception swallowed): opencode slot silently skipped, inherited key not reported (note: real-bug #83 already hides this slot for URL-bearing configs). Uncovered: no unit test calls doctor_credential_scope/_scope_of_bearer/_inherited_flag (setup tests monkeypatch doctor_credential_scope to lambda: []; cli doctor path untested)
agentbus_client.onboarding._credentials.x_doctor_credential_scope__mutmut_61	no tests	gap	high	doctor_credential_scope	opencode section path/parse broken (exception swallowed): opencode slot silently skipped, inherited key not reported (note: real-bug #83 already hides this slot for URL-bearing configs). Uncovered: no unit test calls doctor_credential_scope/_scope_of_bearer/_inherited_flag (setup tests monkeypatch doctor_credential_scope to lambda: []; cli doctor path untested)
agentbus_client.onboarding._credentials.x_doctor_credential_scope__mutmut_62	no tests	gap	high	doctor_credential_scope	opencode section path/parse broken (exception swallowed): opencode slot silently skipped, inherited key not reported (note: real-bug #83 already hides this slot for URL-bearing configs). Uncovered: no unit test calls doctor_credential_scope/_scope_of_bearer/_inherited_flag (setup tests monkeypatch doctor_credential_scope to lambda: []; cli doctor path untested)
agentbus_client.onboarding._credentials.x_doctor_credential_scope__mutmut_63	no tests	gap	high	doctor_credential_scope	continue -> break: if opencode.jsonc is absent, opencode.json is never checked. Uncovered: no unit test calls doctor_credential_scope/_scope_of_bearer/_inherited_flag (setup tests monkeypatch doctor_credential_scope to lambda: []; cli doctor path untested)
agentbus_client.onboarding._credentials.x_doctor_credential_scope__mutmut_64	no tests	gap	high	doctor_credential_scope	opencode section path/parse broken (exception swallowed): opencode slot silently skipped, inherited key not reported (note: real-bug #83 already hides this slot for URL-bearing configs). Uncovered: no unit test calls doctor_credential_scope/_scope_of_bearer/_inherited_flag (setup tests monkeypatch doctor_credential_scope to lambda: []; cli doctor path untested)
agentbus_client.onboarding._credentials.x_doctor_credential_scope__mutmut_65	no tests	gap	high	doctor_credential_scope	opencode section path/parse broken (exception swallowed): opencode slot silently skipped, inherited key not reported (note: real-bug #83 already hides this slot for URL-bearing configs). Uncovered: no unit test calls doctor_credential_scope/_scope_of_bearer/_inherited_flag (setup tests monkeypatch doctor_credential_scope to lambda: []; cli doctor path untested)
agentbus_client.onboarding._credentials.x_doctor_credential_scope__mutmut_66	no tests	gap	high	doctor_credential_scope	opencode section path/parse broken (exception swallowed): opencode slot silently skipped, inherited key not reported (note: real-bug #83 already hides this slot for URL-bearing configs). Uncovered: no unit test calls doctor_credential_scope/_scope_of_bearer/_inherited_flag (setup tests monkeypatch doctor_credential_scope to lambda: []; cli doctor path untested)
agentbus_client.onboarding._credentials.x_doctor_credential_scope__mutmut_67	no tests	gap	high	doctor_credential_scope	opencode section path/parse broken (exception swallowed): opencode slot silently skipped, inherited key not reported (note: real-bug #83 already hides this slot for URL-bearing configs). Uncovered: no unit test calls doctor_credential_scope/_scope_of_bearer/_inherited_flag (setup tests monkeypatch doctor_credential_scope to lambda: []; cli doctor path untested)
agentbus_client.onboarding._credentials.x_doctor_credential_scope__mutmut_68	no tests	gap	high	doctor_credential_scope	opencode section path/parse broken (exception swallowed): opencode slot silently skipped, inherited key not reported (note: real-bug #83 already hides this slot for URL-bearing configs). Uncovered: no unit test calls doctor_credential_scope/_scope_of_bearer/_inherited_flag (setup tests monkeypatch doctor_credential_scope to lambda: []; cli doctor path untested)
agentbus_client.onboarding._credentials.x_doctor_credential_scope__mutmut_69	no tests	gap	high	doctor_credential_scope	opencode section path/parse broken (exception swallowed): opencode slot silently skipped, inherited key not reported (note: real-bug #83 already hides this slot for URL-bearing configs). Uncovered: no unit test calls doctor_credential_scope/_scope_of_bearer/_inherited_flag (setup tests monkeypatch doctor_credential_scope to lambda: []; cli doctor path untested)
agentbus_client.onboarding._credentials.x_doctor_credential_scope__mutmut_7	no tests	gap	medium	doctor_credential_scope	project wiring line silently omitted (section 1 reports agent, not scope). Uncovered: no unit test calls doctor_credential_scope/_scope_of_bearer/_inherited_flag (setup tests monkeypatch doctor_credential_scope to lambda: []; cli doctor path untested)
agentbus_client.onboarding._credentials.x_doctor_credential_scope__mutmut_70	no tests	gap	high	doctor_credential_scope	opencode section path/parse broken (exception swallowed): opencode slot silently skipped, inherited key not reported (note: real-bug #83 already hides this slot for URL-bearing configs). Uncovered: no unit test calls doctor_credential_scope/_scope_of_bearer/_inherited_flag (setup tests monkeypatch doctor_credential_scope to lambda: []; cli doctor path untested)
agentbus_client.onboarding._credentials.x_doctor_credential_scope__mutmut_71	no tests	gap	high	doctor_credential_scope	opencode section path/parse broken (exception swallowed): opencode slot silently skipped, inherited key not reported (note: real-bug #83 already hides this slot for URL-bearing configs). Uncovered: no unit test calls doctor_credential_scope/_scope_of_bearer/_inherited_flag (setup tests monkeypatch doctor_credential_scope to lambda: []; cli doctor path untested)
agentbus_client.onboarding._credentials.x_doctor_credential_scope__mutmut_72	no tests	gap	high	doctor_credential_scope	opencode section path/parse broken (exception swallowed): opencode slot silently skipped, inherited key not reported (note: real-bug #83 already hides this slot for URL-bearing configs). Uncovered: no unit test calls doctor_credential_scope/_scope_of_bearer/_inherited_flag (setup tests monkeypatch doctor_credential_scope to lambda: []; cli doctor path untested)
agentbus_client.onboarding._credentials.x_doctor_credential_scope__mutmut_73	no tests	gap	high	doctor_credential_scope	comment/trailing-comma normalisation changed: configs using that JSONC feature fail to parse and the slot is silently skipped. Uncovered: no unit test calls doctor_credential_scope/_scope_of_bearer/_inherited_flag (setup tests monkeypatch doctor_credential_scope to lambda: []; cli doctor path untested)
agentbus_client.onboarding._credentials.x_doctor_credential_scope__mutmut_74	no tests	gap	high	doctor_credential_scope	comment/trailing-comma normalisation changed: configs using that JSONC feature fail to parse and the slot is silently skipped. Uncovered: no unit test calls doctor_credential_scope/_scope_of_bearer/_inherited_flag (setup tests monkeypatch doctor_credential_scope to lambda: []; cli doctor path untested)
agentbus_client.onboarding._credentials.x_doctor_credential_scope__mutmut_75	no tests	gap	high	doctor_credential_scope	comment/trailing-comma normalisation changed: configs using that JSONC feature fail to parse and the slot is silently skipped. Uncovered: no unit test calls doctor_credential_scope/_scope_of_bearer/_inherited_flag (setup tests monkeypatch doctor_credential_scope to lambda: []; cli doctor path untested)
agentbus_client.onboarding._credentials.x_doctor_credential_scope__mutmut_76	no tests	gap	high	doctor_credential_scope	opencode section path/parse broken (exception swallowed): opencode slot silently skipped, inherited key not reported (note: real-bug #83 already hides this slot for URL-bearing configs). Uncovered: no unit test calls doctor_credential_scope/_scope_of_bearer/_inherited_flag (setup tests monkeypatch doctor_credential_scope to lambda: []; cli doctor path untested)
agentbus_client.onboarding._credentials.x_doctor_credential_scope__mutmut_77	no tests	gap	high	doctor_credential_scope	opencode section path/parse broken (exception swallowed): opencode slot silently skipped, inherited key not reported (note: real-bug #83 already hides this slot for URL-bearing configs). Uncovered: no unit test calls doctor_credential_scope/_scope_of_bearer/_inherited_flag (setup tests monkeypatch doctor_credential_scope to lambda: []; cli doctor path untested)
agentbus_client.onboarding._credentials.x_doctor_credential_scope__mutmut_78	no tests	gap	high	doctor_credential_scope	opencode section path/parse broken (exception swallowed): opencode slot silently skipped, inherited key not reported (note: real-bug #83 already hides this slot for URL-bearing configs). Uncovered: no unit test calls doctor_credential_scope/_scope_of_bearer/_inherited_flag (setup tests monkeypatch doctor_credential_scope to lambda: []; cli doctor path untested)
agentbus_client.onboarding._credentials.x_doctor_credential_scope__mutmut_79	no tests	gap	high	doctor_credential_scope	opencode section path/parse broken (exception swallowed): opencode slot silently skipped, inherited key not reported (note: real-bug #83 already hides this slot for URL-bearing configs). Uncovered: no unit test calls doctor_credential_scope/_scope_of_bearer/_inherited_flag (setup tests monkeypatch doctor_credential_scope to lambda: []; cli doctor path untested)
agentbus_client.onboarding._credentials.x_doctor_credential_scope__mutmut_8	no tests	gap	medium	doctor_credential_scope	project wiring line silently omitted (section 1 reports agent, not scope). Uncovered: no unit test calls doctor_credential_scope/_scope_of_bearer/_inherited_flag (setup tests monkeypatch doctor_credential_scope to lambda: []; cli doctor path untested)
agentbus_client.onboarding._credentials.x_doctor_credential_scope__mutmut_80	no tests	gap	high	doctor_credential_scope	opencode section path/parse broken (exception swallowed): opencode slot silently skipped, inherited key not reported (note: real-bug #83 already hides this slot for URL-bearing configs). Uncovered: no unit test calls doctor_credential_scope/_scope_of_bearer/_inherited_flag (setup tests monkeypatch doctor_credential_scope to lambda: []; cli doctor path untested)
agentbus_client.onboarding._credentials.x_doctor_credential_scope__mutmut_81	no tests	gap	high	doctor_credential_scope	opencode section path/parse broken (exception swallowed): opencode slot silently skipped, inherited key not reported (note: real-bug #83 already hides this slot for URL-bearing configs). Uncovered: no unit test calls doctor_credential_scope/_scope_of_bearer/_inherited_flag (setup tests monkeypatch doctor_credential_scope to lambda: []; cli doctor path untested)
agentbus_client.onboarding._credentials.x_doctor_credential_scope__mutmut_82	no tests	gap	high	doctor_credential_scope	opencode section path/parse broken (exception swallowed): opencode slot silently skipped, inherited key not reported (note: real-bug #83 already hides this slot for URL-bearing configs). Uncovered: no unit test calls doctor_credential_scope/_scope_of_bearer/_inherited_flag (setup tests monkeypatch doctor_credential_scope to lambda: []; cli doctor path untested)
agentbus_client.onboarding._credentials.x_doctor_credential_scope__mutmut_83	no tests	real-bug	-	doctor_credential_scope	"ORIGINAL BUG: re.sub(r'//.*','',text) also deletes everything after 'https://' inside JSON strings; every opencode.json that `agentbus setup opencode` writes has ""url"": ""https://.../mcp"" (and $schema https://...), so json.loads fails, the bare except swallows it and the opencode slot is NEVER reported - an over-scoped key there is invisible to doctor/setup. Reproduced with the setup-written shape: original -> JSONDecodeError, mutant -> headers parsed. Mutant is more correct for every config without // comments"
agentbus_client.onboarding._credentials.x_doctor_credential_scope__mutmut_84	no tests	gap	high	doctor_credential_scope	comment/trailing-comma normalisation changed: configs using that JSONC feature fail to parse and the slot is silently skipped. Uncovered: no unit test calls doctor_credential_scope/_scope_of_bearer/_inherited_flag (setup tests monkeypatch doctor_credential_scope to lambda: []; cli doctor path untested)
agentbus_client.onboarding._credentials.x_doctor_credential_scope__mutmut_85	no tests	gap	high	doctor_credential_scope	opencode section path/parse broken (exception swallowed): opencode slot silently skipped, inherited key not reported (note: real-bug #83 already hides this slot for URL-bearing configs). Uncovered: no unit test calls doctor_credential_scope/_scope_of_bearer/_inherited_flag (setup tests monkeypatch doctor_credential_scope to lambda: []; cli doctor path untested)
agentbus_client.onboarding._credentials.x_doctor_credential_scope__mutmut_86	no tests	gap	high	doctor_credential_scope	opencode section path/parse broken (exception swallowed): opencode slot silently skipped, inherited key not reported (note: real-bug #83 already hides this slot for URL-bearing configs). Uncovered: no unit test calls doctor_credential_scope/_scope_of_bearer/_inherited_flag (setup tests monkeypatch doctor_credential_scope to lambda: []; cli doctor path untested)
agentbus_client.onboarding._credentials.x_doctor_credential_scope__mutmut_87	no tests	gap	high	doctor_credential_scope	opencode section path/parse broken (exception swallowed): opencode slot silently skipped, inherited key not reported (note: real-bug #83 already hides this slot for URL-bearing configs). Uncovered: no unit test calls doctor_credential_scope/_scope_of_bearer/_inherited_flag (setup tests monkeypatch doctor_credential_scope to lambda: []; cli doctor path untested)
agentbus_client.onboarding._credentials.x_doctor_credential_scope__mutmut_88	no tests	gap	high	doctor_credential_scope	opencode section path/parse broken (exception swallowed): opencode slot silently skipped, inherited key not reported (note: real-bug #83 already hides this slot for URL-bearing configs). Uncovered: no unit test calls doctor_credential_scope/_scope_of_bearer/_inherited_flag (setup tests monkeypatch doctor_credential_scope to lambda: []; cli doctor path untested)
agentbus_client.onboarding._credentials.x_doctor_credential_scope__mutmut_89	no tests	gap	high	doctor_credential_scope	opencode section path/parse broken (exception swallowed): opencode slot silently skipped, inherited key not reported (note: real-bug #83 already hides this slot for URL-bearing configs). Uncovered: no unit test calls doctor_credential_scope/_scope_of_bearer/_inherited_flag (setup tests monkeypatch doctor_credential_scope to lambda: []; cli doctor path untested)
agentbus_client.onboarding._credentials.x_doctor_credential_scope__mutmut_9	no tests	gap	medium	doctor_credential_scope	project wiring line silently omitted (section 1 reports agent, not scope). Uncovered: no unit test calls doctor_credential_scope/_scope_of_bearer/_inherited_flag (setup tests monkeypatch doctor_credential_scope to lambda: []; cli doctor path untested)
agentbus_client.onboarding._credentials.x_doctor_credential_scope__mutmut_90	no tests	gap	high	doctor_credential_scope	opencode section path/parse broken (exception swallowed): opencode slot silently skipped, inherited key not reported (note: real-bug #83 already hides this slot for URL-bearing configs). Uncovered: no unit test calls doctor_credential_scope/_scope_of_bearer/_inherited_flag (setup tests monkeypatch doctor_credential_scope to lambda: []; cli doctor path untested)
agentbus_client.onboarding._credentials.x_doctor_credential_scope__mutmut_91	no tests	gap	high	doctor_credential_scope	opencode section path/parse broken (exception swallowed): opencode slot silently skipped, inherited key not reported (note: real-bug #83 already hides this slot for URL-bearing configs). Uncovered: no unit test calls doctor_credential_scope/_scope_of_bearer/_inherited_flag (setup tests monkeypatch doctor_credential_scope to lambda: []; cli doctor path untested)
agentbus_client.onboarding._credentials.x_doctor_credential_scope__mutmut_92	no tests	gap	high	doctor_credential_scope	opencode section path/parse broken (exception swallowed): opencode slot silently skipped, inherited key not reported (note: real-bug #83 already hides this slot for URL-bearing configs). Uncovered: no unit test calls doctor_credential_scope/_scope_of_bearer/_inherited_flag (setup tests monkeypatch doctor_credential_scope to lambda: []; cli doctor path untested)
agentbus_client.onboarding._credentials.x_doctor_credential_scope__mutmut_93	no tests	gap	high	doctor_credential_scope	comment/trailing-comma normalisation changed: configs using that JSONC feature fail to parse and the slot is silently skipped. Uncovered: no unit test calls doctor_credential_scope/_scope_of_bearer/_inherited_flag (setup tests monkeypatch doctor_credential_scope to lambda: []; cli doctor path untested)
agentbus_client.onboarding._credentials.x_doctor_credential_scope__mutmut_94	no tests	gap	high	doctor_credential_scope	comment/trailing-comma normalisation changed: configs using that JSONC feature fail to parse and the slot is silently skipped. Uncovered: no unit test calls doctor_credential_scope/_scope_of_bearer/_inherited_flag (setup tests monkeypatch doctor_credential_scope to lambda: []; cli doctor path untested)
agentbus_client.onboarding._credentials.x_doctor_credential_scope__mutmut_95	no tests	gap	high	doctor_credential_scope	opencode agentbus MCP entry never found: inherited key not reported. Uncovered: no unit test calls doctor_credential_scope/_scope_of_bearer/_inherited_flag (setup tests monkeypatch doctor_credential_scope to lambda: []; cli doctor path untested)
agentbus_client.onboarding._credentials.x_doctor_credential_scope__mutmut_96	no tests	gap	high	doctor_credential_scope	opencode agentbus MCP entry never found: inherited key not reported. Uncovered: no unit test calls doctor_credential_scope/_scope_of_bearer/_inherited_flag (setup tests monkeypatch doctor_credential_scope to lambda: []; cli doctor path untested)
agentbus_client.onboarding._credentials.x_doctor_credential_scope__mutmut_97	no tests	gap	high	doctor_credential_scope	opencode agentbus MCP entry never found: inherited key not reported. Uncovered: no unit test calls doctor_credential_scope/_scope_of_bearer/_inherited_flag (setup tests monkeypatch doctor_credential_scope to lambda: []; cli doctor path untested)
agentbus_client.onboarding._credentials.x_doctor_credential_scope__mutmut_98	no tests	gap	high	doctor_credential_scope	opencode agentbus MCP entry never found: inherited key not reported. Uncovered: no unit test calls doctor_credential_scope/_scope_of_bearer/_inherited_flag (setup tests monkeypatch doctor_credential_scope to lambda: []; cli doctor path untested)
agentbus_client.onboarding._credentials.x_doctor_credential_scope__mutmut_99	no tests	gap	high	doctor_credential_scope	opencode agentbus MCP entry never found: inherited key not reported. Uncovered: no unit test calls doctor_credential_scope/_scope_of_bearer/_inherited_flag (setup tests monkeypatch doctor_credential_scope to lambda: []; cli doctor path untested)
agentbus_client.onboarding._credentials.x_explain_refusal__mutmut_1	survived	gap	medium	explain_refusal	guard inverted: a real --agent PEER refusal returns None, so _bus() builds AgentBus(api_key=None) and the user gets the generic no-key error the docstring says teaches the wrong lesson; only covering test passes agent=None (covered only by test_every_command_acts_as_whoami::test_nothing_declared_is_one_short_refusal_naming_the_fix, where preferred_agent is None)
agentbus_client.onboarding._credentials.x_explain_refusal__mutmut_2	survived	gap	medium	explain_refusal	key-file check inverted: explanation shown only when the peer has NO bound key, suppressed when it does (covered only by test_every_command_acts_as_whoami::test_nothing_declared_is_one_short_refusal_naming_the_fix, where preferred_agent is None)
agentbus_client.onboarding._credentials.x_explain_refusal__mutmut_3	survived	gap	medium	explain_refusal	Path * str: TypeError traceback instead of the refusal message (covered only by test_every_command_acts_as_whoami::test_nothing_declared_is_one_short_refusal_naming_the_fix, where preferred_agent is None)
agentbus_client.onboarding._credentials.x_explain_refusal__mutmut_4	survived	gap	low	explain_refusal	export_hint None: the two remedy bullets render as 'None' (covered only by test_every_command_acts_as_whoami::test_nothing_declared_is_one_short_refusal_naming_the_fix, where preferred_agent is None)
agentbus_client.onboarding._credentials.x_explain_refusal__mutmut_5	survived	gap	low	explain_refusal	identity check inverted: the wrong one of the two refusal texts is shown ('this session is None' / 'NO recorded identity' when one exists) (covered only by test_every_command_acts_as_whoami::test_nothing_declared_is_one_short_refusal_naming_the_fix, where preferred_agent is None)
agentbus_client.onboarding._credentials.x_resolve_credentials__mutmut_21	survived	equivalent	-	resolve_credentials	`agent if agent or True else None` == `agent`: agent = preferred_agent or identity, and identity is either None or a non-empty str (_session_identity returns only truthy strings or None; AGENTBUS_AGENT used only if truthy), so agent is None or non-empty and both forms return the same value
agentbus_client.sealing.x__agent_slug__mutmut_10	survived	gap	low	sealing._agent_slug	no-acting-agent ValueError message wording/case; type unchanged. Human-facing only.
agentbus_client.sealing.x__agent_slug__mutmut_11	survived	gap	low	sealing._agent_slug	no-acting-agent ValueError message wording/case; type unchanged. Human-facing only.
agentbus_client.sealing.x__agent_slug__mutmut_12	survived	gap	low	sealing._agent_slug	no-acting-agent ValueError message wording/case; type unchanged. Human-facing only.
agentbus_client.sealing.x__agent_slug__mutmut_13	survived	gap	low	sealing._agent_slug	no-acting-agent ValueError message wording/case; type unchanged. Human-facing only.
agentbus_client.sealing.x__agent_slug__mutmut_14	survived	gap	low	sealing._agent_slug	no-acting-agent ValueError message wording/case; type unchanged. Human-facing only.
agentbus_client.sealing.x__agent_slug__mutmut_15	survived	gap	low	sealing._agent_slug	error text lowercases the env var name to 'agentbus_agent' (case-sensitive on POSIX, so the advice is wrong); still message text only.
agentbus_client.sealing.x__agent_slug__mutmut_16	survived	gap	low	sealing._agent_slug	no-acting-agent ValueError message wording/case; type unchanged. Human-facing only.
agentbus_client.sealing.x__agent_slug__mutmut_25	survived	gap	high	sealing._agent_slug	regex char class loses A-Z: every uppercase letter becomes '_' so distinct agents (e.g. 'Ops' and 'Xps' -> '_ps') share one sealing/signing key file and state files - wrong-agent key / per-agent isolation broken. No test uses an uppercase agent name.
agentbus_client.sealing.x__agent_slug__mutmut_27	survived	gap	medium	sealing._agent_slug	replacement token becomes 'XX_XX': still traversal-safe (no '/' or '..' survives), but on-disk key/state filenames for names with special chars or '..' change, orphaning existing keys. No test pins the slug output.
agentbus_client.sealing.x__agent_slug__mutmut_34	survived	gap	medium	sealing._agent_slug	replacement token becomes 'XX_XX': still traversal-safe (no '/' or '..' survives), but on-disk key/state filenames for names with special chars or '..' change, orphaning existing keys. No test pins the slug output.
agentbus_client.sealing.x__agent_slug__mutmut_35	survived	equivalent	-	sealing._agent_slug	"unreachable fallback: name is non-empty (guarded above), re.sub preserves length and replace('..','_') never yields '', so `or ""_""` never fires."
agentbus_client.sealing.x__agent_slug__mutmut_8	survived	gap	low	sealing._agent_slug	no-acting-agent ValueError message wording/case; type unchanged. Human-facing only.
agentbus_client.sealing.x__agent_slug__mutmut_9	survived	gap	low	sealing._agent_slug	no-acting-agent ValueError message wording/case; type unchanged. Human-facing only.
agentbus_client.sealing.x__armor__mutmut_10	survived	gap	high	sealing._armor	armor line width 64 -> 70/65: age's armored format mandates 64-column lines, so real age(1) rejects our sealed bodies/attachments; our own lenient _dearmor hides it. Wire contract; no test checks armor line length or decrypts with real age.
agentbus_client.sealing.x__armor__mutmut_9	survived	gap	high	sealing._armor	armor line width 64 -> 70/65: age's armored format mandates 64-column lines, so real age(1) rejects our sealed bodies/attachments; our own lenient _dearmor hides it. Wire contract; no test checks armor line length or decrypts with real age.
agentbus_client.sealing.x__ensure_secret__mutmut_15	survived	gap	low	sealing._ensure_secret	OSError message becomes 'None'; human-facing only.
agentbus_client.sealing.x__ensure_secret__mutmut_2	survived	gap	medium	sealing._ensure_secret	one extra 5 ms retry before giving up (timing only, practically negligible); no test bounds the wait.
agentbus_client.sealing.x__ensure_secret__mutmut_4	survived	gap	medium	sealing._ensure_secret	time.sleep(None) -> TypeError when a winner is mid-write: race loser crashes instead of waiting. No test exercises the empty-file wait.
agentbus_client.sealing.x__ensure_secret__mutmut_5	survived	gap	medium	sealing._ensure_secret	wait per poll 5 ms -> 1.005 s: race loser can block ~200 s instead of ~1 s. Untested.
agentbus_client.sealing.x__ensure_secret__mutmut_6	survived	gap	medium	sealing._ensure_secret	continue -> break: race loser raises OSError immediately on an empty in-progress file instead of waiting. Untested.
agentbus_client.sealing.x__harden__mutmut_1	survived	equivalent	-	sealing._harden	_harden's only caller (_ensure_secret) runs it right after create_secret_exclusive, which already did mkdir(parents=True); the parent exists, so mkdir(exist_ok=True) is a no-op whatever `parents` is.
agentbus_client.sealing.x__harden__mutmut_3	survived	equivalent	-	sealing._harden	_harden's only caller (_ensure_secret) runs it right after create_secret_exclusive, which already did mkdir(parents=True); the parent exists, so mkdir(exist_ok=True) is a no-op whatever `parents` is.
agentbus_client.sealing.x__harden__mutmut_5	survived	equivalent	-	sealing._harden	_harden's only caller (_ensure_secret) runs it right after create_secret_exclusive, which already did mkdir(parents=True); the parent exists, so mkdir(exist_ok=True) is a no-op whatever `parents` is.
agentbus_client.sealing.x__open_with_each__mutmut_11	survived	gap	low	sealing._open_with_each	CannotDecrypt message wording/case; human-facing only.
agentbus_client.sealing.x__open_with_each__mutmut_12	survived	gap	low	sealing._open_with_each	CannotDecrypt message wording/case; human-facing only.
agentbus_client.sealing.x__open_with_each__mutmut_13	survived	gap	low	sealing._open_with_each	CannotDecrypt message wording/case; human-facing only.
agentbus_client.sealing.x__open_with_each__mutmut_5	survived	gap	medium	sealing._open_with_each	exception chain lost: CannotDecrypt raised `from None` instead of the last per-key failure; diagnostics only, no test checks __cause__.
agentbus_client.sealing.x__open_with_each__mutmut_6	survived	gap	low	sealing._open_with_each	MalformedSealed message becomes 'None' / names 'NoneType'; type unchanged, human-facing only.
agentbus_client.sealing.x__open_with_each__mutmut_7	survived	gap	low	sealing._open_with_each	MalformedSealed message becomes 'None' / names 'NoneType'; type unchanged, human-facing only.
agentbus_client.sealing.x__open_with_each__mutmut_9	survived	gap	medium	sealing._open_with_each	always says 'this machine holds no sealing key' even when keys exist and none fit - wrong diagnosis sends the reader to create a key rather than find the old one. Exception type unchanged; no test asserts the message per branch.
agentbus_client.sealing.x_create_secret_exclusive__mutmut_13	survived	gap	high	sealing.create_secret_exclusive	mode dropped -> os.open default 0o777 & ~umask: secret born world-readable (S2 regression). Key files are chmod'd by _harden afterwards (window), but identity.py device-id file stays 0644 permanently. No test checks the mode at birth.
agentbus_client.sealing.x_create_secret_exclusive__mutmut_16	survived	gap	medium	sealing.create_secret_exclusive	mode S_IRUSR & S_IWUSR == 0: file created 0000. Keys rescued by _harden; device-id file becomes unreadable so identity degrades to a new ephemeral id every process. Not a confidentiality loss.
agentbus_client.sealing.x_create_secret_exclusive__mutmut_17	survived	gap	high	sealing.create_secret_exclusive	lost O_EXCL race reports success: _ensure_secret returns its own unwritten candidate, so concurrent first users hold a private key that is not on disk (the #30 race) - mail sealed to that public half is unreadable forever. No concurrent-creation test asserts all callers get the on-disk key.
agentbus_client.sealing.x_create_secret_exclusive__mutmut_20	survived	equivalent	-	sealing.create_secret_exclusive	encoding=None/omitted uses the locale encoding; both callers write pure ASCII (bech32 keys, uuid4 device id), identical bytes in every ASCII-compatible locale encoding.
agentbus_client.sealing.x_create_secret_exclusive__mutmut_23	survived	equivalent	-	sealing.create_secret_exclusive	encoding=None/omitted uses the locale encoding; both callers write pure ASCII (bech32 keys, uuid4 device id), identical bytes in every ASCII-compatible locale encoding.
agentbus_client.sealing.x_create_secret_exclusive__mutmut_27	survived	equivalent	-	sealing.create_secret_exclusive	'UTF-8' vs 'utf-8': Python codec lookup is case-insensitive; identical codec.
agentbus_client.sealing.x_create_secret_exclusive__mutmut_29	survived	gap	high	sealing.create_secret_exclusive	successful creation reported as False: _ensure_secret re-reads the file (same key) but SKIPS _harden, so the keys directory is never chmod 0700; device-id path re-reads too. Security hardening silently lost; no test asserts the directory mode.
agentbus_client.sealing.x_ensure_keypair__mutmut_8	survived	gap	high	sealing.ensure_keypair	stores the generated PUBLIC key ('age1...') as the private key file; public_from_private accepts any 32 bytes so the returned pair is self-consistent and seal/unseal tests still pass, but the key file is no longer an age identity (AGE-SECRET-KEY-1...) - key-file data contract broken, and a secret that looks like a public key invites disclosure. No test asserts the private key's encoding/prefix.
agentbus_client.sealing.x_is_sealed__mutmut_1	no tests	gap	high	sealing.is_sealed	inverted guard: every non-empty body reports unsealed (sealed mail shown as raw ciphertext, never opened) and None/'' crashes on .lstrip. is_sealed is never executed in-process: all read/thread/sent tests stub unseal_message.
agentbus_client.sealing.x_is_sealed__mutmut_2	no tests	gap	medium	sealing.is_sealed	empty/None body reports sealed: unseal attempted on '' and an empty message is flagged sealed_unreadable/damaged. Untested.
agentbus_client.sealing.x_is_sealed__mutmut_3	no tests	gap	high	sealing.is_sealed	startswith(None) raises TypeError on every message with a body, so _unseal_message breaks every read. Untested in-process.
agentbus_client.sealing.x_is_sealed__mutmut_4	no tests	gap	medium	sealing.is_sealed	rstrip instead of lstrip: sealed bodies with leading whitespace are no longer detected and stay ciphertext. Untested.
agentbus_client.sealing.x_is_sealed__mutmut_5	no tests	gap	high	sealing.is_sealed	armor header literal changed (contract value): armored age bodies - the format seal_for() emits on the wire - are no longer detected, so sealed mail is never decrypted. Untested in-process.
agentbus_client.sealing.x_is_sealed__mutmut_6	no tests	gap	high	sealing.is_sealed	armor header literal changed (contract value): armored age bodies - the format seal_for() emits on the wire - are no longer detected, so sealed mail is never decrypted. Untested in-process.
agentbus_client.sealing.x_load_private_keys__mutmut_12	survived	gap	medium	sealing.load_private_keys	continue -> break on an unreadable superseded file: all later superseded keys are skipped, stranding older mail. No test has an unreadable superseded file.
agentbus_client.sealing.x_load_private_keys__mutmut_13	survived	gap	medium	sealing.load_private_keys	`value or value not in keys`: empty superseded files add '' (and duplicates are added); '' then raises ValueError in bech32_decode -> MalformedSealed, misreporting undecryptable mail as damaged and aborting before later valid keys.
agentbus_client.sealing.x_load_private_keys__mutmut_6	survived	gap	medium	sealing.load_private_keys	directory derived via key_path(None): with an explicit agent and AGENTBUS_AGENT unset it raises ValueError and returns only the current key, so superseded keys are skipped and rotated mail becomes unreadable. Untested combination.
agentbus_client.sealing.x_signing_key_path__mutmut_3	survived	gap	medium	sealing.signing_key_path	signing key stored under 'XXkeysXX'/'KEYS' instead of keys/: existing published signing key orphaned (new key minted, verify-sender unverifiable until republished) and it no longer sits beside the other secrets. Tests monkeypatch config_dir but never assert the path.
agentbus_client.sealing.x_signing_key_path__mutmut_4	survived	gap	medium	sealing.signing_key_path	signing key stored under 'XXkeysXX'/'KEYS' instead of keys/: existing published signing key orphaned (new key minted, verify-sender unverifiable until republished) and it no longer sits beside the other secrets. Tests monkeypatch config_dir but never assert the path.
agentbus_client.sealing.x_unseal_bytes_with_any__mutmut_3	survived	gap	high	sealing.unseal_bytes_with_any	acting agent dropped: attachment unseal falls back to $AGENTBUS_AGENT, so on a multi-agent machine it tries ANOTHER agent's sealing keys (wrong-agent key / cross-agent decrypt) or reports no key. No test calls it with an agent that differs from the env.
agentbus_client.sealing.x_unseal_bytes_with_any__mutmut_5	survived	gap	high	sealing.unseal_bytes_with_any	acting agent dropped: attachment unseal falls back to $AGENTBUS_AGENT, so on a multi-agent machine it tries ANOTHER agent's sealing keys (wrong-agent key / cross-agent decrypt) or reports no key. No test calls it with an agent that differs from the env.
